file,NOF_avg,NOF_max,NOF_total,NSF_avg,NSF_max,NSF_total
org.eclipse.jdt.core.BufferChangedEvent.java,3.0,3,3,0.0,0,0
org.eclipse.jdt.core.ClasspathContainerInitializer.java,0.0,0,0,0.0,0,0
org.eclipse.jdt.core.ClasspathVariableInitializer.java,0.0,0,0,0.0,0,0
org.eclipse.jdt.core.CompletionRequestorAdapter.java,0.0,0,0,0.0,0,0
org.eclipse.jdt.core.CorrectionEngine.java,7.0,7,7,6.0,6,6
org.eclipse.jdt.core.dom.AnonymousClassDeclaration.java,1.0,1,1,0.0,0,0
org.eclipse.jdt.core.dom.ArrayAccess.java,2.0,2,2,0.0,0,0
org.eclipse.jdt.core.dom.ArrayCreation.java,3.0,3,3,0.0,0,0
org.eclipse.jdt.core.dom.ArrayInitializer.java,1.0,1,1,0.0,0,0
org.eclipse.jdt.core.dom.ArrayType.java,1.0,1,1,0.0,0,0
org.eclipse.jdt.core.dom.AssertStatement.java,2.0,2,2,0.0,0,0
org.eclipse.jdt.core.dom.Assignment.java,2.5,4,5,13.0,13,26
org.eclipse.jdt.core.dom.AST.java,3.0,3,3,0.0,0,0
org.eclipse.jdt.core.dom.ASTConverter.java,4.0,4,4,0.0,0,0
org.eclipse.jdt.core.dom.ASTMatcher.java,0.0,0,0,0.0,0,0
org.eclipse.jdt.core.dom.ASTNode.java,6.0,12,18,22.0,66,66
org.eclipse.jdt.core.dom.ASTSyntaxErrorPropagator.java,1.0,1,1,0.0,0,0
org.eclipse.jdt.core.dom.ASTVisitor.java,0.0,0,0,0.0,0,0
org.eclipse.jdt.core.dom.BindingResolver.java,1.0,1,1,0.0,0,0
org.eclipse.jdt.core.dom.Block.java,1.0,1,1,0.0,0,0
org.eclipse.jdt.core.dom.BodyDeclaration.java,1.0,1,1,0.0,0,0
org.eclipse.jdt.core.dom.BooleanLiteral.java,1.0,1,1,0.0,0,0
org.eclipse.jdt.core.dom.BreakStatement.java,1.0,1,1,0.0,0,0
org.eclipse.jdt.core.dom.CastExpression.java,2.0,2,2,0.0,0,0
org.eclipse.jdt.core.dom.CatchClause.java,2.0,2,2,0.0,0,0
org.eclipse.jdt.core.dom.CharacterLiteral.java,1.0,1,1,0.0,0,0
org.eclipse.jdt.core.dom.ClassInstanceCreation.java,4.0,4,4,0.0,0,0
org.eclipse.jdt.core.dom.CompilationUnit.java,5.0,5,5,1.0,1,1
org.eclipse.jdt.core.dom.CompilationUnitResolver.java,0.0,0,0,0.0,0,0
org.eclipse.jdt.core.dom.ConditionalExpression.java,3.0,3,3,0.0,0,0
org.eclipse.jdt.core.dom.ConstructorInvocation.java,1.0,1,1,0.0,0,0
org.eclipse.jdt.core.dom.ContinueStatement.java,1.0,1,1,0.0,0,0
org.eclipse.jdt.core.dom.DefaultBindingResolver.java,6.0,6,6,2.0,2,2
org.eclipse.jdt.core.dom.DoStatement.java,2.0,2,2,0.0,0,0
org.eclipse.jdt.core.dom.EmptyStatement.java,0.0,0,0,0.0,0,0
org.eclipse.jdt.core.dom.Expression.java,0.0,0,0,0.0,0,0
org.eclipse.jdt.core.dom.ExpressionStatement.java,1.0,1,1,0.0,0,0
org.eclipse.jdt.core.dom.FieldAccess.java,2.0,2,2,0.0,0,0
org.eclipse.jdt.core.dom.FieldDeclaration.java,3.0,3,3,1.0,1,1
org.eclipse.jdt.core.dom.ForStatement.java,4.0,4,4,0.0,0,0
org.eclipse.jdt.core.dom.IBinding.java,1,0,0,1,0,0
org.eclipse.jdt.core.dom.IfStatement.java,3.0,3,3,0.0,0,0
org.eclipse.jdt.core.dom.IMethodBinding.java,1,0,0,1,0,0
org.eclipse.jdt.core.dom.ImportDeclaration.java,2.0,2,2,0.0,0,0
org.eclipse.jdt.core.dom.InfixExpression.java,3.0,5,6,20.0,20,40
org.eclipse.jdt.core.dom.Initializer.java,2.0,2,2,1.0,1,1
org.eclipse.jdt.core.dom.InstanceofExpression.java,2.0,2,2,0.0,0,0
org.eclipse.jdt.core.dom.IPackageBinding.java,1,0,0,1,0,0
org.eclipse.jdt.core.dom.ITypeBinding.java,1,0,0,1,0,0
org.eclipse.jdt.core.dom.IVariableBinding.java,1,0,0,1,0,0
org.eclipse.jdt.core.dom.Javadoc.java,1.0,1,1,0.0,0,0
org.eclipse.jdt.core.dom.LabeledStatement.java,2.0,2,2,0.0,0,0
org.eclipse.jdt.core.dom.Message.java,3.0,3,3,0.0,0,0
org.eclipse.jdt.core.dom.MethodBinding.java,7.0,7,7,1.0,1,1
org.eclipse.jdt.core.dom.MethodDeclaration.java,7.0,7,7,1.0,1,1
org.eclipse.jdt.core.dom.MethodInvocation.java,3.0,3,3,0.0,0,0
org.eclipse.jdt.core.dom.Modifier.java,0.0,0,0,12.0,12,12
org.eclipse.jdt.core.dom.NaiveASTFlattener.java,1.0,1,1,0.0,0,0
org.eclipse.jdt.core.dom.Name.java,0.0,0,0,0.0,0,0
org.eclipse.jdt.core.dom.NullLiteral.java,0.0,0,0,0.0,0,0
org.eclipse.jdt.core.dom.NumberLiteral.java,1.0,1,1,0.0,0,0
org.eclipse.jdt.core.dom.PackageBinding.java,4.0,4,4,3.0,3,3
org.eclipse.jdt.core.dom.PackageDeclaration.java,1.0,1,1,0.0,0,0
org.eclipse.jdt.core.dom.ParenthesizedExpression.java,1.0,1,1,0.0,0,0
org.eclipse.jdt.core.dom.PostfixExpression.java,2.0,3,4,3.0,3,6
org.eclipse.jdt.core.dom.PrefixExpression.java,2.0,3,4,7.0,7,14
org.eclipse.jdt.core.dom.PrimitiveType.java,1.5,2,3,5.0,10,10
org.eclipse.jdt.core.dom.QualifiedName.java,2.0,2,2,0.0,0,0
org.eclipse.jdt.core.dom.ReturnStatement.java,1.0,1,1,0.0,0,0
org.eclipse.jdt.core.dom.SimpleName.java,1.0,1,1,1.0,1,1
org.eclipse.jdt.core.dom.SimpleType.java,1.0,1,1,0.0,0,0
org.eclipse.jdt.core.dom.SingleVariableDeclaration.java,4.0,4,4,1.0,1,1
org.eclipse.jdt.core.dom.Statement.java,1.0,1,1,0.0,0,0
org.eclipse.jdt.core.dom.StringLiteral.java,1.0,1,1,0.0,0,0
org.eclipse.jdt.core.dom.SuperConstructorInvocation.java,2.0,2,2,0.0,0,0
org.eclipse.jdt.core.dom.SuperFieldAccess.java,2.0,2,2,0.0,0,0
org.eclipse.jdt.core.dom.SuperMethodInvocation.java,3.0,3,3,0.0,0,0
org.eclipse.jdt.core.dom.SwitchCase.java,2.0,2,2,0.0,0,0
org.eclipse.jdt.core.dom.SwitchStatement.java,2.0,2,2,0.0,0,0
org.eclipse.jdt.core.dom.SynchronizedStatement.java,2.0,2,2,0.0,0,0
org.eclipse.jdt.core.dom.ThisExpression.java,1.0,1,1,0.0,0,0
org.eclipse.jdt.core.dom.ThrowStatement.java,1.0,1,1,0.0,0,0
org.eclipse.jdt.core.dom.TryStatement.java,3.0,3,3,0.0,0,0
org.eclipse.jdt.core.dom.Type.java,0.0,0,0,0.0,0,0
org.eclipse.jdt.core.dom.TypeBinding.java,4.0,4,4,5.0,5,5
org.eclipse.jdt.core.dom.TypeDeclaration.java,6.0,6,6,1.0,1,1
org.eclipse.jdt.core.dom.TypeDeclarationStatement.java,1.0,1,1,0.0,0,0
org.eclipse.jdt.core.dom.TypeLiteral.java,1.0,1,1,0.0,0,0
org.eclipse.jdt.core.dom.VariableBinding.java,5.0,5,5,0.0,0,0
org.eclipse.jdt.core.dom.VariableDeclaration.java,0.0,0,0,0.0,0,0
org.eclipse.jdt.core.dom.VariableDeclarationExpression.java,3.0,3,3,1.0,1,1
org.eclipse.jdt.core.dom.VariableDeclarationFragment.java,3.0,3,3,0.0,0,0
org.eclipse.jdt.core.dom.VariableDeclarationStatement.java,3.0,3,3,1.0,1,1
org.eclipse.jdt.core.dom.WhileStatement.java,2.0,2,2,0.0,0,0
org.eclipse.jdt.core.ElementChangedEvent.java,1.0,1,1,3.0,3,3
org.eclipse.jdt.core.eval.ICodeSnippetRequestor.java,1,0,0,1,0,0
org.eclipse.jdt.core.eval.IEvaluationContext.java,1,0,0,1,0,0
org.eclipse.jdt.core.eval.IGlobalVariable.java,1,0,0,1,0,0
org.eclipse.jdt.core.Flags.java,0.0,0,0,15.0,15,15
org.eclipse.jdt.core.IBuffer.java,1,0,0,1,0,0
org.eclipse.jdt.core.IBufferChangedListener.java,1,0,0,1,0,0
org.eclipse.jdt.core.IBufferFactory.java,1,0,0,1,0,0
org.eclipse.jdt.core.IClassFile.java,1,0,0,1,0,0
org.eclipse.jdt.core.IClasspathContainer.java,1,0,0,1,0,0
org.eclipse.jdt.core.IClasspathEntry.java,1,0,0,1,0,0
org.eclipse.jdt.core.ICodeAssist.java,1,0,0,1,0,0
org.eclipse.jdt.core.ICodeCompletionRequestor.java,1,0,0,1,0,0
org.eclipse.jdt.core.ICodeFormatter.java,1,0,0,1,0,0
org.eclipse.jdt.core.ICompilationUnit.java,1,0,0,1,0,0
org.eclipse.jdt.core.ICompletionRequestor.java,1,0,0,1,0,0
org.eclipse.jdt.core.ICorrectionRequestor.java,1,0,0,1,0,0
org.eclipse.jdt.core.IElementChangedListener.java,1,0,0,1,0,0
org.eclipse.jdt.core.IField.java,1,0,0,1,0,0
org.eclipse.jdt.core.IImportContainer.java,1,0,0,1,0,0
org.eclipse.jdt.core.IImportDeclaration.java,1,0,0,1,0,0
org.eclipse.jdt.core.IInitializer.java,1,0,0,1,0,0
org.eclipse.jdt.core.IJavaElement.java,1,0,0,1,0,0
org.eclipse.jdt.core.IJavaElementDelta.java,1,0,0,1,0,0
org.eclipse.jdt.core.IJavaModel.java,1,0,0,1,0,0
org.eclipse.jdt.core.IJavaModelMarker.java,1,0,0,1,0,0
org.eclipse.jdt.core.IJavaModelStatus.java,1,0,0,1,0,0
org.eclipse.jdt.core.IJavaModelStatusConstants.java,1,0,0,1,0,0
org.eclipse.jdt.core.IJavaProject.java,1,0,0,1,0,0
org.eclipse.jdt.core.IMember.java,1,0,0,1,0,0
org.eclipse.jdt.core.IMethod.java,1,0,0,1,0,0
org.eclipse.jdt.core.IOpenable.java,1,0,0,1,0,0
org.eclipse.jdt.core.IPackageDeclaration.java,1,0,0,1,0,0
org.eclipse.jdt.core.IPackageFragment.java,1,0,0,1,0,0
org.eclipse.jdt.core.IPackageFragmentRoot.java,1,0,0,1,0,0
org.eclipse.jdt.core.IParent.java,1,0,0,1,0,0
org.eclipse.jdt.core.IProblemRequestor.java,1,0,0,1,0,0
org.eclipse.jdt.core.IRegion.java,1,0,0,1,0,0
org.eclipse.jdt.core.ISourceManipulation.java,1,0,0,1,0,0
org.eclipse.jdt.core.ISourceRange.java,1,0,0,1,0,0
org.eclipse.jdt.core.ISourceReference.java,1,0,0,1,0,0
org.eclipse.jdt.core.IType.java,1,0,0,1,0,0
org.eclipse.jdt.core.ITypeHierarchy.java,1,0,0,1,0,0
org.eclipse.jdt.core.ITypeHierarchyChangedListener.java,1,0,0,1,0,0
org.eclipse.jdt.core.IWorkingCopy.java,1,0,0,1,0,0
org.eclipse.jdt.core.JavaConventions.java,0.0,0,0,3.0,3,3
org.eclipse.jdt.core.JavaCore.java,0.0,0,0,64.0,64,64
org.eclipse.jdt.core.JavaModelException.java,1.0,1,1,0.0,0,0
org.eclipse.jdt.core.jdom.DOMException.java,0.0,0,0,0.0,0,0
org.eclipse.jdt.core.jdom.DOMFactory.java,0.0,0,0,0.0,0,0
org.eclipse.jdt.core.jdom.IDOMCompilationUnit.java,1,0,0,1,0,0
org.eclipse.jdt.core.jdom.IDOMFactory.java,1,0,0,1,0,0
org.eclipse.jdt.core.jdom.IDOMField.java,1,0,0,1,0,0
org.eclipse.jdt.core.jdom.IDOMImport.java,1,0,0,1,0,0
org.eclipse.jdt.core.jdom.IDOMInitializer.java,1,0,0,1,0,0
org.eclipse.jdt.core.jdom.IDOMMember.java,1,0,0,1,0,0
org.eclipse.jdt.core.jdom.IDOMMethod.java,1,0,0,1,0,0
org.eclipse.jdt.core.jdom.IDOMNode.java,1,0,0,1,0,0
org.eclipse.jdt.core.jdom.IDOMPackage.java,1,0,0,1,0,0
org.eclipse.jdt.core.jdom.IDOMType.java,1,0,0,1,0,0
org.eclipse.jdt.core.JDTCompilerAdapter.java,0.0,0,0,1.0,1,1
org.eclipse.jdt.core.search.IJavaSearchConstants.java,1,0,0,1,0,0
org.eclipse.jdt.core.search.IJavaSearchResultCollector.java,1,0,0,1,0,0
org.eclipse.jdt.core.search.IJavaSearchScope.java,1,0,0,1,0,0
org.eclipse.jdt.core.search.ISearchPattern.java,1,0,0,1,0,0
org.eclipse.jdt.core.search.ITypeNameRequestor.java,1,0,0,1,0,0
org.eclipse.jdt.core.search.SearchEngine.java,1.0,1,1,1.0,1,1
org.eclipse.jdt.core.Signature.java,0.0,0,0,38.0,38,38
org.eclipse.jdt.core.ToolFactory.java,0.0,0,0,0.0,0,0
org.eclipse.jdt.core.util.ByteCodeVisitorAdapter.java,0.0,0,0,0.0,0,0
org.eclipse.jdt.core.util.ClassFormatException.java,1.0,1,1,6.0,6,6
org.eclipse.jdt.core.util.IAttributeNamesConstants.java,1,0,0,1,0,0
org.eclipse.jdt.core.util.IBytecodeVisitor.java,1,0,0,1,0,0
org.eclipse.jdt.core.util.IClassFileAttribute.java,1,0,0,1,0,0
org.eclipse.jdt.core.util.IClassFileDisassembler.java,1,0,0,1,0,0
org.eclipse.jdt.core.util.IClassFileReader.java,1,0,0,1,0,0
org.eclipse.jdt.core.util.ICodeAttribute.java,1,0,0,1,0,0
org.eclipse.jdt.core.util.IConstantPool.java,1,0,0,1,0,0
org.eclipse.jdt.core.util.IConstantPoolConstant.java,1,0,0,1,0,0
org.eclipse.jdt.core.util.IConstantPoolEntry.java,1,0,0,1,0,0
org.eclipse.jdt.core.util.IConstantValueAttribute.java,1,0,0,1,0,0
org.eclipse.jdt.core.util.IExceptionAttribute.java,1,0,0,1,0,0
org.eclipse.jdt.core.util.IExceptionTableEntry.java,1,0,0,1,0,0
org.eclipse.jdt.core.util.IFieldInfo.java,1,0,0,1,0,0
org.eclipse.jdt.core.util.IInnerClassesAttribute.java,1,0,0,1,0,0
org.eclipse.jdt.core.util.IInnerClassesAttributeEntry.java,1,0,0,1,0,0
org.eclipse.jdt.core.util.ILineNumberAttribute.java,1,0,0,1,0,0
org.eclipse.jdt.core.util.ILocalVariableAttribute.java,1,0,0,1,0,0
org.eclipse.jdt.core.util.ILocalVariableTableEntry.java,1,0,0,1,0,0
org.eclipse.jdt.core.util.IMethodInfo.java,1,0,0,1,0,0
org.eclipse.jdt.core.util.IModifierConstants.java,1,0,0,1,0,0
org.eclipse.jdt.core.util.IOpcodeMnemonics.java,1,0,0,1,0,0
org.eclipse.jdt.core.util.ISourceAttribute.java,1,0,0,1,0,0
org.eclipse.jdt.core.util.OpcodeStringValues.java,0.0,0,0,1.0,1,1
org.eclipse.jdt.internal.codeassist.complete.CompletionNodeFound.java,3.0,3,3,0.0,0,0
org.eclipse.jdt.internal.codeassist.complete.CompletionOnArgumentName.java,1.0,1,1,1.0,1,1
org.eclipse.jdt.internal.codeassist.complete.CompletionOnClassLiteralAccess.java,2.0,2,2,0.0,0,0
org.eclipse.jdt.internal.codeassist.complete.CompletionOnClassReference.java,0.0,0,0,0.0,0,0
org.eclipse.jdt.internal.codeassist.complete.CompletionOnExceptionReference.java,0.0,0,0,0.0,0,0
org.eclipse.jdt.internal.codeassist.complete.CompletionOnExplicitConstructorCall.java,0.0,0,0,0.0,0,0
org.eclipse.jdt.internal.codeassist.complete.CompletionOnFieldName.java,1.0,1,1,1.0,1,1
org.eclipse.jdt.internal.codeassist.complete.CompletionOnFieldType.java,1.0,1,1,0.0,0,0
org.eclipse.jdt.internal.codeassist.complete.CompletionOnImportReference.java,0.0,0,0,0.0,0,0
org.eclipse.jdt.internal.codeassist.complete.CompletionOnInterfaceReference.java,0.0,0,0,0.0,0,0
org.eclipse.jdt.internal.codeassist.complete.CompletionOnLocalName.java,1.0,1,1,1.0,1,1
org.eclipse.jdt.internal.codeassist.complete.CompletionOnMemberAccess.java,0.0,0,0,0.0,0,0
org.eclipse.jdt.internal.codeassist.complete.CompletionOnMessageSend.java,0.0,0,0,0.0,0,0
org.eclipse.jdt.internal.codeassist.complete.CompletionOnMethodName.java,1.0,1,1,0.0,0,0
org.eclipse.jdt.internal.codeassist.complete.CompletionOnMethodReturnType.java,0.0,0,0,0.0,0,0
org.eclipse.jdt.internal.codeassist.complete.CompletionOnPackageReference.java,0.0,0,0,0.0,0,0
org.eclipse.jdt.internal.codeassist.complete.CompletionOnQualifiedAllocationExpression.java,0.0,0,0,0.0,0,0
org.eclipse.jdt.internal.codeassist.complete.CompletionOnQualifiedClassReference.java,0.0,0,0,0.0,0,0
org.eclipse.jdt.internal.codeassist.complete.CompletionOnQualifiedExceptionReference.java,0.0,0,0,0.0,0,0
org.eclipse.jdt.internal.codeassist.complete.CompletionOnQualifiedInterfaceReference.java,0.0,0,0,0.0,0,0
org.eclipse.jdt.internal.codeassist.complete.CompletionOnQualifiedNameReference.java,2.0,2,2,0.0,0,0
org.eclipse.jdt.internal.codeassist.complete.CompletionOnQualifiedTypeReference.java,1.0,1,1,0.0,0,0
org.eclipse.jdt.internal.codeassist.complete.CompletionOnSingleNameReference.java,0.0,0,0,0.0,0,0
org.eclipse.jdt.internal.codeassist.complete.CompletionOnSingleTypeReference.java,1.0,1,1,0.0,0,0
org.eclipse.jdt.internal.codeassist.complete.CompletionParser.java,21.0,21,21,6.0,6,6
org.eclipse.jdt.internal.codeassist.complete.CompletionScanner.java,4.0,4,4,1.0,1,1
org.eclipse.jdt.internal.codeassist.complete.InvalidCursorLocation.java,1.0,1,1,4.0,4,4
org.eclipse.jdt.internal.codeassist.CompletionEngine.java,18.0,18,18,10.0,10,10
org.eclipse.jdt.internal.codeassist.impl.AssistOptions.java,2.0,2,2,4.0,4,4
org.eclipse.jdt.internal.codeassist.impl.AssistParser.java,11.0,11,11,2.0,2,2
org.eclipse.jdt.internal.codeassist.impl.Engine.java,5.0,5,5,0.0,0,0
org.eclipse.jdt.internal.codeassist.ISearchableNameEnvironment.java,1,0,0,1,0,0
org.eclipse.jdt.internal.codeassist.ISearchRequestor.java,1,0,0,1,0,0
org.eclipse.jdt.internal.codeassist.ISelectionRequestor.java,1,0,0,1,0,0
org.eclipse.jdt.internal.codeassist.RelevanceConstants.java,1,0,0,1,0,0
org.eclipse.jdt.internal.codeassist.select.SelectionNodeFound.java,1.0,1,1,0.0,0,0
org.eclipse.jdt.internal.codeassist.select.SelectionOnArgumentName.java,0.0,0,0,0.0,0,0
org.eclipse.jdt.internal.codeassist.select.SelectionOnExplicitConstructorCall.java,0.0,0,0,0.0,0,0
org.eclipse.jdt.internal.codeassist.select.SelectionOnFieldReference.java,0.0,0,0,0.0,0,0
org.eclipse.jdt.internal.codeassist.select.SelectionOnFieldType.java,0.0,0,0,0.0,0,0
org.eclipse.jdt.internal.codeassist.select.SelectionOnImportReference.java,0.0,0,0,0.0,0,0
org.eclipse.jdt.internal.codeassist.select.SelectionOnLocalName.java,0.0,0,0,0.0,0,0
org.eclipse.jdt.internal.codeassist.select.SelectionOnMessageSend.java,0.0,0,0,0.0,0,0
org.eclipse.jdt.internal.codeassist.select.SelectionOnPackageReference.java,0.0,0,0,0.0,0,0
org.eclipse.jdt.internal.codeassist.select.SelectionOnQualifiedAllocationExpression.java,0.0,0,0,0.0,0,0
org.eclipse.jdt.internal.codeassist.select.SelectionOnQualifiedNameReference.java,1.0,1,1,0.0,0,0
org.eclipse.jdt.internal.codeassist.select.SelectionOnQualifiedSuperReference.java,0.0,0,0,0.0,0,0
org.eclipse.jdt.internal.codeassist.select.SelectionOnQualifiedTypeReference.java,0.0,0,0,0.0,0,0
org.eclipse.jdt.internal.codeassist.select.SelectionOnSingleNameReference.java,0.0,0,0,0.0,0,0
org.eclipse.jdt.internal.codeassist.select.SelectionOnSingleTypeReference.java,0.0,0,0,0.0,0,0
org.eclipse.jdt.internal.codeassist.select.SelectionOnSuperReference.java,0.0,0,0,0.0,0,0
org.eclipse.jdt.internal.codeassist.select.SelectionParser.java,2.0,2,2,2.0,2,2
org.eclipse.jdt.internal.codeassist.select.SelectionScanner.java,3.0,3,3,0.0,0,0
org.eclipse.jdt.internal.codeassist.SelectionEngine.java,11.0,11,11,1.0,1,1
org.eclipse.jdt.internal.compiler.AbstractSyntaxTreeVisitorAdapter.java,0.0,0,0,0.0,0,0
org.eclipse.jdt.internal.compiler.ast.AbstractMethodDeclaration.java,16.0,16,16,0.0,0,0
org.eclipse.jdt.internal.compiler.ast.AbstractVariableDeclaration.java,8.0,8,8,0.0,0,0
org.eclipse.jdt.internal.compiler.ast.AllocationExpression.java,4.0,4,4,0.0,0,0
org.eclipse.jdt.internal.compiler.ast.AND_AND_Expression.java,2.0,2,2,0.0,0,0
org.eclipse.jdt.internal.compiler.ast.AnonymousLocalTypeDeclaration.java,1.0,1,1,1.0,1,1
org.eclipse.jdt.internal.compiler.ast.Argument.java,0.0,0,0,0.0,0,0
org.eclipse.jdt.internal.compiler.ast.ArrayAllocationExpression.java,4.0,4,4,0.0,0,0
org.eclipse.jdt.internal.compiler.ast.ArrayInitializer.java,2.0,2,2,0.0,0,0
org.eclipse.jdt.internal.compiler.ast.ArrayQualifiedTypeReference.java,1.0,1,1,0.0,0,0
org.eclipse.jdt.internal.compiler.ast.ArrayReference.java,3.0,3,3,0.0,0,0
org.eclipse.jdt.internal.compiler.ast.ArrayTypeReference.java,1.0,1,1,0.0,0,0
org.eclipse.jdt.internal.compiler.ast.AssertStatement.java,4.0,4,4,0.0,0,0
org.eclipse.jdt.internal.compiler.ast.Assignment.java,3.0,3,3,0.0,0,0
org.eclipse.jdt.internal.compiler.ast.AstNode.java,3.0,3,3,14.0,14,14
org.eclipse.jdt.internal.compiler.ast.BinaryExpression.java,3.0,3,3,0.0,0,0
org.eclipse.jdt.internal.compiler.ast.Block.java,3.0,3,3,1.0,1,1
org.eclipse.jdt.internal.compiler.ast.BranchStatement.java,3.0,3,3,0.0,0,0
org.eclipse.jdt.internal.compiler.ast.Break.java,0.0,0,0,0.0,0,0
org.eclipse.jdt.internal.compiler.ast.Case.java,2.0,2,2,0.0,0,0
org.eclipse.jdt.internal.compiler.ast.CastExpression.java,4.0,4,4,0.0,0,0
org.eclipse.jdt.internal.compiler.ast.CharLiteral.java,1.0,1,1,0.0,0,0
org.eclipse.jdt.internal.compiler.ast.ClassLiteralAccess.java,3.0,3,3,0.0,0,0
org.eclipse.jdt.internal.compiler.ast.Clinit.java,2.0,2,2,1.0,1,1
org.eclipse.jdt.internal.compiler.ast.CompilationUnitDeclaration.java,10.0,10,10,0.0,0,0
org.eclipse.jdt.internal.compiler.ast.CompoundAssignment.java,2.0,2,2,0.0,0,0
org.eclipse.jdt.internal.compiler.ast.ConditionalExpression.java,7.0,7,7,0.0,0,0
org.eclipse.jdt.internal.compiler.ast.ConstructorDeclaration.java,3.0,3,3,1.0,1,1
org.eclipse.jdt.internal.compiler.ast.Continue.java,0.0,0,0,0.0,0,0
org.eclipse.jdt.internal.compiler.ast.DefaultCase.java,1.0,1,1,0.0,0,0
org.eclipse.jdt.internal.compiler.ast.DoStatement.java,5.0,5,5,0.0,0,0
org.eclipse.jdt.internal.compiler.ast.DoubleLiteral.java,1.0,1,1,0.0,0,0
org.eclipse.jdt.internal.compiler.ast.EmptyStatement.java,0.0,0,0,0.0,0,0
org.eclipse.jdt.internal.compiler.ast.EqualExpression.java,0.0,0,0,0.0,0,0
org.eclipse.jdt.internal.compiler.ast.ExplicitConstructorCall.java,7.0,7,7,3.0,3,3
org.eclipse.jdt.internal.compiler.ast.Expression.java,2.0,2,2,0.0,0,0
org.eclipse.jdt.internal.compiler.ast.ExtendedStringLiteral.java,0.0,0,0,1.0,1,1
org.eclipse.jdt.internal.compiler.ast.FalseLiteral.java,0.0,0,0,1.0,1,1
org.eclipse.jdt.internal.compiler.ast.FieldDeclaration.java,4.0,4,4,0.0,0,0
org.eclipse.jdt.internal.compiler.ast.FieldReference.java,8.0,8,8,0.0,0,0
org.eclipse.jdt.internal.compiler.ast.FloatLiteral.java,1.0,1,1,1.0,1,1
org.eclipse.jdt.internal.compiler.ast.ForStatement.java,11.0,11,11,0.0,0,0
org.eclipse.jdt.internal.compiler.ast.IfStatement.java,7.0,7,7,0.0,0,0
org.eclipse.jdt.internal.compiler.ast.ImportReference.java,7.0,7,7,0.0,0,0
org.eclipse.jdt.internal.compiler.ast.Initializer.java,3.0,3,3,0.0,0,0
org.eclipse.jdt.internal.compiler.ast.InnerTypeDeclaration.java,0.0,0,0,0.0,0,0
org.eclipse.jdt.internal.compiler.ast.InstanceOfExpression.java,2.0,2,2,0.0,0,0
org.eclipse.jdt.internal.compiler.ast.IntLiteral.java,1.0,1,1,2.0,2,2
org.eclipse.jdt.internal.compiler.ast.IntLiteralMinValue.java,0.0,0,0,2.0,2,2
org.eclipse.jdt.internal.compiler.ast.LabeledStatement.java,4.0,4,4,0.0,0,0
org.eclipse.jdt.internal.compiler.ast.Literal.java,0.0,0,0,0.0,0,0
org.eclipse.jdt.internal.compiler.ast.LocalDeclaration.java,1.0,1,1,0.0,0,0
org.eclipse.jdt.internal.compiler.ast.LocalTypeDeclaration.java,1.0,1,1,0.0,0,0
org.eclipse.jdt.internal.compiler.ast.LongLiteral.java,1.0,1,1,1.0,1,1
org.eclipse.jdt.internal.compiler.ast.LongLiteralMinValue.java,0.0,0,0,2.0,2,2
org.eclipse.jdt.internal.compiler.ast.MagicLiteral.java,0.0,0,0,0.0,0,0
org.eclipse.jdt.internal.compiler.ast.MemberTypeDeclaration.java,1.0,1,1,0.0,0,0
org.eclipse.jdt.internal.compiler.ast.MessageSend.java,9.0,9,9,0.0,0,0
org.eclipse.jdt.internal.compiler.ast.MethodDeclaration.java,1.0,1,1,0.0,0,0
org.eclipse.jdt.internal.compiler.ast.NameReference.java,4.0,4,4,0.0,0,0
org.eclipse.jdt.internal.compiler.ast.NullLiteral.java,0.0,0,0,1.0,1,1
org.eclipse.jdt.internal.compiler.ast.NumberLiteral.java,1.0,1,1,0.0,0,0
org.eclipse.jdt.internal.compiler.ast.OperatorExpression.java,0.5,1,1,0.5,1,1
org.eclipse.jdt.internal.compiler.ast.OperatorIds.java,1,0,0,1,0,0
org.eclipse.jdt.internal.compiler.ast.OR_OR_Expression.java,2.0,2,2,0.0,0,0
org.eclipse.jdt.internal.compiler.ast.PostfixExpression.java,0.0,0,0,0.0,0,0
org.eclipse.jdt.internal.compiler.ast.PrefixExpression.java,0.0,0,0,0.0,0,0
org.eclipse.jdt.internal.compiler.ast.QualifiedAllocationExpression.java,2.0,2,2,0.0,0,0
org.eclipse.jdt.internal.compiler.ast.QualifiedNameReference.java,8.0,8,8,0.0,0,0
org.eclipse.jdt.internal.compiler.ast.QualifiedSuperReference.java,0.0,0,0,0.0,0,0
org.eclipse.jdt.internal.compiler.ast.QualifiedThisReference.java,2.0,2,2,0.0,0,0
org.eclipse.jdt.internal.compiler.ast.QualifiedTypeReference.java,2.0,2,2,0.0,0,0
org.eclipse.jdt.internal.compiler.ast.Reference.java,0.0,0,0,0.0,0,0
org.eclipse.jdt.internal.compiler.ast.ReturnStatement.java,5.0,5,5,0.0,0,0
org.eclipse.jdt.internal.compiler.ast.SingleNameReference.java,2.0,2,2,2.0,2,2
org.eclipse.jdt.internal.compiler.ast.SingleTypeReference.java,1.0,1,1,0.0,0,0
org.eclipse.jdt.internal.compiler.ast.Statement.java,0.0,0,0,0.0,0,0
org.eclipse.jdt.internal.compiler.ast.StringLiteral.java,1.0,1,1,0.0,0,0
org.eclipse.jdt.internal.compiler.ast.SuperReference.java,0.0,0,0,1.0,1,1
org.eclipse.jdt.internal.compiler.ast.SwitchStatement.java,10.0,10,10,0.0,0,0
org.eclipse.jdt.internal.compiler.ast.SynchronizedStatement.java,5.0,5,5,1.0,1,1
org.eclipse.jdt.internal.compiler.ast.ThisReference.java,0.0,0,0,1.0,1,1
org.eclipse.jdt.internal.compiler.ast.ThrowStatement.java,2.0,2,2,0.0,0,0
org.eclipse.jdt.internal.compiler.ast.TrueLiteral.java,0.0,0,0,1.0,1,1
org.eclipse.jdt.internal.compiler.ast.TryStatement.java,16.0,16,16,3.0,3,3
org.eclipse.jdt.internal.compiler.ast.TypeDeclaration.java,21.0,21,21,0.0,0,0
org.eclipse.jdt.internal.compiler.ast.TypeReference.java,1.0,1,1,0.0,0,0
org.eclipse.jdt.internal.compiler.ast.UnaryExpression.java,2.0,2,2,0.0,0,0
org.eclipse.jdt.internal.compiler.ast.WhileStatement.java,7.0,7,7,0.0,0,0
org.eclipse.jdt.internal.compiler.batch.ClasspathDirectory.java,5.0,5,5,2.0,2,2
org.eclipse.jdt.internal.compiler.batch.ClasspathJar.java,3.0,3,3,0.0,0,0
org.eclipse.jdt.internal.compiler.batch.CompilationUnit.java,4.0,4,4,0.0,0,0
org.eclipse.jdt.internal.compiler.batch.FileFinder.java,3.0,3,3,0.0,0,0
org.eclipse.jdt.internal.compiler.batch.FileSystem.java,2.0,2,2,0.0,0,0
org.eclipse.jdt.internal.compiler.batch.Main.java,24.0,24,24,5.0,5,5
org.eclipse.jdt.internal.compiler.ClassFile.java,17.0,17,17,4.0,4,4
org.eclipse.jdt.internal.compiler.classfmt.ClassFileConstants.java,1,0,0,1,0,0
org.eclipse.jdt.internal.compiler.classfmt.ClassFileReader.java,17.0,17,17,0.0,0,0
org.eclipse.jdt.internal.compiler.classfmt.ClassFileStruct.java,2.0,2,2,0.0,0,0
org.eclipse.jdt.internal.compiler.classfmt.ClassFormatException.java,2.0,2,2,29.0,29,29
org.eclipse.jdt.internal.compiler.classfmt.FieldInfo.java,10.0,10,10,0.0,0,0
org.eclipse.jdt.internal.compiler.classfmt.InnerClassInfo.java,11.0,11,11,0.0,0,0
org.eclipse.jdt.internal.compiler.classfmt.MethodInfo.java,10.0,10,10,1.0,1,1
org.eclipse.jdt.internal.compiler.codegen.AttributeNamesConstants.java,1,0,0,1,0,0
org.eclipse.jdt.internal.compiler.codegen.CaseLabel.java,2.0,2,2,0.0,0,0
org.eclipse.jdt.internal.compiler.codegen.CharArrayCache.java,4.0,4,4,0.0,0,0
org.eclipse.jdt.internal.compiler.codegen.CodeStream.java,27.0,27,27,10.0,10,10
org.eclipse.jdt.internal.compiler.codegen.ConstantPool.java,21.0,21,21,115.0,115,115
org.eclipse.jdt.internal.compiler.codegen.DoubleCache.java,3.0,3,3,0.0,0,0
org.eclipse.jdt.internal.compiler.codegen.ExceptionLabel.java,3.0,3,3,0.0,0,0
org.eclipse.jdt.internal.compiler.codegen.FieldNameAndTypeCache.java,4.0,4,4,0.0,0,0
org.eclipse.jdt.internal.compiler.codegen.FloatCache.java,3.0,3,3,0.0,0,0
org.eclipse.jdt.internal.compiler.codegen.IntegerCache.java,4.0,4,4,0.0,0,0
org.eclipse.jdt.internal.compiler.codegen.Label.java,5.0,5,5,1.0,1,1
org.eclipse.jdt.internal.compiler.codegen.LongCache.java,4.0,4,4,0.0,0,0
org.eclipse.jdt.internal.compiler.codegen.MethodNameAndTypeCache.java,4.0,4,4,0.0,0,0
org.eclipse.jdt.internal.compiler.codegen.ObjectCache.java,4.0,4,4,0.0,0,0
org.eclipse.jdt.internal.compiler.codegen.Opcodes.java,1,0,0,1,0,0
org.eclipse.jdt.internal.compiler.codegen.QualifiedNamesConstants.java,1,0,0,1,0,0
org.eclipse.jdt.internal.compiler.codegen.ResetStateForCodeGenerationVisitor.java,0.0,0,0,0.0,0,0
org.eclipse.jdt.internal.compiler.Compiler.java,8.0,8,8,2.0,2,2
org.eclipse.jdt.internal.compiler.ConfigurableOption.java,9.0,9,9,1.0,1,1
org.eclipse.jdt.internal.compiler.DefaultErrorHandlingPolicies.java,0.0,0,0,0.0,0,0
org.eclipse.jdt.internal.compiler.DocumentElementParser.java,12.0,12,12,0.0,0,0
org.eclipse.jdt.internal.compiler.env.IBinaryField.java,1,0,0,1,0,0
org.eclipse.jdt.internal.compiler.env.IBinaryMethod.java,1,0,0,1,0,0
org.eclipse.jdt.internal.compiler.env.IBinaryNestedType.java,1,0,0,1,0,0
org.eclipse.jdt.internal.compiler.env.IBinaryType.java,1,0,0,1,0,0
org.eclipse.jdt.internal.compiler.env.ICompilationUnit.java,1,0,0,1,0,0
org.eclipse.jdt.internal.compiler.env.IConstants.java,1,0,0,1,0,0
org.eclipse.jdt.internal.compiler.env.IDependent.java,1,0,0,1,0,0
org.eclipse.jdt.internal.compiler.env.IGenericField.java,1,0,0,1,0,0
org.eclipse.jdt.internal.compiler.env.IGenericMethod.java,1,0,0,1,0,0
org.eclipse.jdt.internal.compiler.env.IGenericType.java,1,0,0,1,0,0
org.eclipse.jdt.internal.compiler.env.INameEnvironment.java,1,0,0,1,0,0
org.eclipse.jdt.internal.compiler.env.ISourceField.java,1,0,0,1,0,0
org.eclipse.jdt.internal.compiler.env.ISourceMethod.java,1,0,0,1,0,0
org.eclipse.jdt.internal.compiler.env.ISourceType.java,1,0,0,1,0,0
org.eclipse.jdt.internal.compiler.env.NameEnvironmentAnswer.java,3.0,3,3,0.0,0,0
org.eclipse.jdt.internal.compiler.flow.ConditionalFlowInfo.java,2.0,2,2,0.0,0,0
org.eclipse.jdt.internal.compiler.flow.ExceptionHandlingFlowContext.java,8.0,8,8,1.0,1,1
org.eclipse.jdt.internal.compiler.flow.FinallyFlowContext.java,2.0,2,2,0.0,0,0
org.eclipse.jdt.internal.compiler.flow.FlowContext.java,2.0,2,2,1.0,1,1
org.eclipse.jdt.internal.compiler.flow.FlowInfo.java,0.0,0,0,1.0,1,1
org.eclipse.jdt.internal.compiler.flow.InitializationFlowContext.java,4.0,4,4,0.0,0,0
org.eclipse.jdt.internal.compiler.flow.InsideSubRoutineFlowContext.java,1.0,1,1,0.0,0,0
org.eclipse.jdt.internal.compiler.flow.LabelFlowContext.java,1.0,1,1,0.0,0,0
org.eclipse.jdt.internal.compiler.flow.LoopingFlowContext.java,6.0,6,6,0.0,0,0
org.eclipse.jdt.internal.compiler.flow.SwitchFlowContext.java,2.0,2,2,0.0,0,0
org.eclipse.jdt.internal.compiler.flow.UnconditionalFlowInfo.java,6.0,6,6,1.0,1,1
org.eclipse.jdt.internal.compiler.IAbstractSyntaxTreeVisitor.java,1,0,0,1,0,0
org.eclipse.jdt.internal.compiler.ICompilerRequestor.java,1,0,0,1,0,0
org.eclipse.jdt.internal.compiler.IDebugRequestor.java,1,0,0,1,0,0
org.eclipse.jdt.internal.compiler.IDocumentElementRequestor.java,1,0,0,1,0,0
org.eclipse.jdt.internal.compiler.IErrorHandlingPolicy.java,1,0,0,1,0,0
org.eclipse.jdt.internal.compiler.impl.BooleanConstant.java,1.0,1,1,0.0,0,0
org.eclipse.jdt.internal.compiler.impl.ByteConstant.java,1.0,1,1,0.0,0,0
org.eclipse.jdt.internal.compiler.impl.CharConstant.java,1.0,1,1,0.0,0,0
org.eclipse.jdt.internal.compiler.impl.CompilerOptions.java,14.0,14,14,53.0,53,53
org.eclipse.jdt.internal.compiler.impl.Constant.java,0.0,0,0,4.0,4,4
org.eclipse.jdt.internal.compiler.impl.DoubleConstant.java,1.0,1,1,0.0,0,0
org.eclipse.jdt.internal.compiler.impl.FloatConstant.java,1.0,1,1,0.0,0,0
org.eclipse.jdt.internal.compiler.impl.IntConstant.java,1.0,1,1,0.0,0,0
org.eclipse.jdt.internal.compiler.impl.ITypeRequestor.java,1,0,0,1,0,0
org.eclipse.jdt.internal.compiler.impl.LongConstant.java,1.0,1,1,0.0,0,0
org.eclipse.jdt.internal.compiler.impl.NullConstant.java,0.0,0,0,2.0,2,2
org.eclipse.jdt.internal.compiler.impl.ReferenceContext.java,1,0,0,1,0,0
org.eclipse.jdt.internal.compiler.impl.ShortConstant.java,1.0,1,1,0.0,0,0
org.eclipse.jdt.internal.compiler.impl.StringConstant.java,1.0,1,1,0.0,0,0
org.eclipse.jdt.internal.compiler.IProblemFactory.java,1,0,0,1,0,0
org.eclipse.jdt.internal.compiler.ISourceElementRequestor.java,1,0,0,1,0,0
org.eclipse.jdt.internal.compiler.lookup.ArrayBinding.java,3.0,3,3,1.0,1,1
org.eclipse.jdt.internal.compiler.lookup.BaseTypeBinding.java,2.0,2,2,0.0,0,0
org.eclipse.jdt.internal.compiler.lookup.BaseTypes.java,1,0,0,1,0,0
org.eclipse.jdt.internal.compiler.lookup.BinaryTypeBinding.java,7.0,7,7,0.0,0,0
org.eclipse.jdt.internal.compiler.lookup.Binding.java,0.0,0,0,0.0,0,0
org.eclipse.jdt.internal.compiler.lookup.BindingIds.java,1,0,0,1,0,0
org.eclipse.jdt.internal.compiler.lookup.BlockScope.java,8.0,8,8,1.0,1,1
org.eclipse.jdt.internal.compiler.lookup.ClassScope.java,1.0,1,1,0.0,0,0
org.eclipse.jdt.internal.compiler.lookup.CompilationUnitScope.java,9.0,9,9,0.0,0,0
org.eclipse.jdt.internal.compiler.lookup.CompilerModifiers.java,1,0,0,1,0,0
org.eclipse.jdt.internal.compiler.lookup.FieldBinding.java,1.0,1,1,0.0,0,0
org.eclipse.jdt.internal.compiler.lookup.ImportBinding.java,4.0,4,4,0.0,0,0
org.eclipse.jdt.internal.compiler.lookup.InnerEmulationDependency.java,3.0,3,3,0.0,0,0
org.eclipse.jdt.internal.compiler.lookup.InvocationSite.java,1,0,0,1,0,0
org.eclipse.jdt.internal.compiler.lookup.LocalTypeBinding.java,1.0,1,1,1.0,1,1
org.eclipse.jdt.internal.compiler.lookup.LocalVariableBinding.java,7.0,7,7,0.0,0,0
org.eclipse.jdt.internal.compiler.lookup.LookupEnvironment.java,13.0,13,13,6.0,6,6
org.eclipse.jdt.internal.compiler.lookup.MemberTypeBinding.java,0.0,0,0,0.0,0,0
org.eclipse.jdt.internal.compiler.lookup.MethodBinding.java,7.0,7,7,0.0,0,0
org.eclipse.jdt.internal.compiler.lookup.MethodScope.java,10.0,10,10,1.0,1,1
org.eclipse.jdt.internal.compiler.lookup.MethodVerifier.java,5.0,5,5,0.0,0,0
org.eclipse.jdt.internal.compiler.lookup.NestedTypeBinding.java,4.0,4,4,0.0,0,0
org.eclipse.jdt.internal.compiler.lookup.PackageBinding.java,5.0,5,5,0.0,0,0
org.eclipse.jdt.internal.compiler.lookup.ProblemBinding.java,3.0,3,3,0.0,0,0
org.eclipse.jdt.internal.compiler.lookup.ProblemFieldBinding.java,1.0,1,1,0.0,0,0
org.eclipse.jdt.internal.compiler.lookup.ProblemMethodBinding.java,2.0,2,2,0.0,0,0
org.eclipse.jdt.internal.compiler.lookup.ProblemPackageBinding.java,1.0,1,1,0.0,0,0
org.eclipse.jdt.internal.compiler.lookup.ProblemReasons.java,1,0,0,1,0,0
org.eclipse.jdt.internal.compiler.lookup.ProblemReferenceBinding.java,2.0,2,2,0.0,0,0
org.eclipse.jdt.internal.compiler.lookup.ReferenceBinding.java,7.0,7,7,0.0,0,0
org.eclipse.jdt.internal.compiler.lookup.Scope.java,2.0,2,2,4.0,4,4
org.eclipse.jdt.internal.compiler.lookup.SyntheticAccessMethodBinding.java,6.0,6,6,5.0,5,5
org.eclipse.jdt.internal.compiler.lookup.SyntheticArgumentBinding.java,2.0,2,2,2.0,2,2
org.eclipse.jdt.internal.compiler.lookup.SyntheticFieldBinding.java,1.0,1,1,0.0,0,0
org.eclipse.jdt.internal.compiler.lookup.TagBits.java,1,0,0,1,0,0
org.eclipse.jdt.internal.compiler.lookup.TypeBinding.java,2.0,2,2,0.0,0,0
org.eclipse.jdt.internal.compiler.lookup.TypeConstants.java,1,0,0,1,0,0
org.eclipse.jdt.internal.compiler.lookup.TypeIds.java,1,0,0,1,0,0
org.eclipse.jdt.internal.compiler.lookup.UnresolvedReferenceBinding.java,1.0,1,1,0.0,0,0
org.eclipse.jdt.internal.compiler.lookup.VariableBinding.java,5.0,5,5,0.0,0,0
org.eclipse.jdt.internal.compiler.parser.NLSLine.java,1.0,1,1,0.0,0,0
org.eclipse.jdt.internal.compiler.parser.Parser.java,52.0,52,52,18.0,18,18
org.eclipse.jdt.internal.compiler.parser.ParserBasicInformation.java,1,0,0,1,0,0
org.eclipse.jdt.internal.compiler.parser.RecoveredBlock.java,5.0,5,5,0.0,0,0
org.eclipse.jdt.internal.compiler.parser.RecoveredElement.java,4.0,4,4,0.0,0,0
org.eclipse.jdt.internal.compiler.parser.RecoveredField.java,4.0,4,4,0.0,0,0
org.eclipse.jdt.internal.compiler.parser.RecoveredImport.java,1.0,1,1,0.0,0,0
org.eclipse.jdt.internal.compiler.parser.RecoveredInitializer.java,3.0,3,3,0.0,0,0
org.eclipse.jdt.internal.compiler.parser.RecoveredLocalVariable.java,2.0,2,2,0.0,0,0
org.eclipse.jdt.internal.compiler.parser.RecoveredMethod.java,5.0,5,5,0.0,0,0
org.eclipse.jdt.internal.compiler.parser.RecoveredStatement.java,2.0,2,2,0.0,0,0
org.eclipse.jdt.internal.compiler.parser.RecoveredType.java,9.0,9,9,0.0,0,0
org.eclipse.jdt.internal.compiler.parser.RecoveredUnit.java,5.0,5,5,0.0,0,0
org.eclipse.jdt.internal.compiler.parser.Scanner.java,31.0,31,31,55.0,55,55
org.eclipse.jdt.internal.compiler.parser.SourceConstructorDeclaration.java,1.0,1,1,0.0,0,0
org.eclipse.jdt.internal.compiler.parser.SourceFieldDeclaration.java,1.0,1,1,0.0,0,0
org.eclipse.jdt.internal.compiler.parser.SourceMethodDeclaration.java,1.0,1,1,0.0,0,0
org.eclipse.jdt.internal.compiler.parser.SourceTypeConverter.java,0.0,0,0,0.0,0,0
org.eclipse.jdt.internal.compiler.problem.AbortCompilation.java,6.0,6,6,0.0,0,0
org.eclipse.jdt.internal.compiler.problem.AbortCompilationUnit.java,0.0,0,0,0.0,0,0
org.eclipse.jdt.internal.compiler.problem.AbortMethod.java,0.0,0,0,0.0,0,0
org.eclipse.jdt.internal.compiler.problem.AbortType.java,0.0,0,0,0.0,0,0
org.eclipse.jdt.internal.compiler.problem.DefaultProblem.java,8.0,8,8,0.0,0,0
org.eclipse.jdt.internal.compiler.problem.DefaultProblemFactory.java,2.0,2,2,3.0,3,3
org.eclipse.jdt.internal.compiler.problem.ProblemHandler.java,3.0,3,3,0.0,0,0
org.eclipse.jdt.internal.compiler.problem.ProblemReporter.java,1.0,1,1,0.0,0,0
org.eclipse.jdt.internal.compiler.problem.ProblemSeverities.java,1,0,0,1,0,0
org.eclipse.jdt.internal.compiler.problem.ShouldNotImplement.java,0.0,0,0,0.0,0,0
org.eclipse.jdt.internal.compiler.SourceElementParser.java,6.5,13,13,0.5,1,1
org.eclipse.jdt.internal.compiler.SourceElementRequestorAdapter.java,0.0,0,0,0.0,0,0
org.eclipse.jdt.internal.compiler.util.CharOperation.java,0.0,0,0,0.0,0,0
org.eclipse.jdt.internal.compiler.util.CompoundNameVector.java,3.0,3,3,1.0,1,1
org.eclipse.jdt.internal.compiler.util.HashtableOfInt.java,4.0,4,4,0.0,0,0
org.eclipse.jdt.internal.compiler.util.HashtableOfObject.java,4.0,4,4,0.0,0,0
org.eclipse.jdt.internal.compiler.util.HashtableOfPackage.java,4.0,4,4,0.0,0,0
org.eclipse.jdt.internal.compiler.util.HashtableOfType.java,4.0,4,4,0.0,0,0
org.eclipse.jdt.internal.compiler.util.ObjectVector.java,3.0,3,3,1.0,1,1
org.eclipse.jdt.internal.compiler.util.SimpleNameVector.java,3.0,3,3,1.0,1,1
org.eclipse.jdt.internal.compiler.util.Util.java,0.0,0,0,14.0,14,14
org.eclipse.jdt.internal.core.Assert.java,0.0,0,0,0.0,0,0
org.eclipse.jdt.internal.core.BasicCompilationUnit.java,5.0,5,5,0.0,0,0
org.eclipse.jdt.internal.core.BinaryField.java,0.0,0,0,0.0,0,0
org.eclipse.jdt.internal.core.BinaryMember.java,0.0,0,0,0.0,0,0
org.eclipse.jdt.internal.core.BinaryMethod.java,3.0,5,6,0.5,1,1
org.eclipse.jdt.internal.core.BinaryType.java,0.0,0,0,5.0,5,5
org.eclipse.jdt.internal.core.Buffer.java,8.0,8,8,3.0,3,3
org.eclipse.jdt.internal.core.BufferCache.java,0.0,0,0,0.0,0,0
org.eclipse.jdt.internal.core.BufferManager.java,1.0,1,1,1.0,1,1
org.eclipse.jdt.internal.core.builder.AbortIncrementalBuildException.java,1.0,1,1,0.0,0,0
org.eclipse.jdt.internal.core.builder.AbstractImageBuilder.java,12.0,12,12,1.0,1,1
org.eclipse.jdt.internal.core.builder.AdditionalTypeCollection.java,1.0,1,1,0.0,0,0
org.eclipse.jdt.internal.core.builder.BatchImageBuilder.java,0.0,0,0,0.0,0,0
org.eclipse.jdt.internal.core.builder.BuildNotifier.java,12.0,12,12,0.0,0,0
org.eclipse.jdt.internal.core.builder.ClasspathDirectory.java,3.0,3,3,0.0,0,0
org.eclipse.jdt.internal.core.builder.ClasspathJar.java,3.0,3,3,0.0,0,0
org.eclipse.jdt.internal.core.builder.ClasspathLocation.java,0.0,0,0,0.0,0,0
org.eclipse.jdt.internal.core.builder.ClasspathMultiDirectory.java,1.0,1,1,0.0,0,0
org.eclipse.jdt.internal.core.builder.ImageBuilderInternalException.java,1.0,1,1,0.0,0,0
org.eclipse.jdt.internal.core.builder.IncrementalImageBuilder.java,6.0,6,6,1.0,1,1
org.eclipse.jdt.internal.core.builder.JavaBuilder.java,11.0,11,11,7.0,7,7
org.eclipse.jdt.internal.core.builder.MissingClassFileException.java,1.0,1,1,0.0,0,0
org.eclipse.jdt.internal.core.builder.MissingSourceFileException.java,1.0,1,1,0.0,0,0
org.eclipse.jdt.internal.core.builder.NameEnvironment.java,6.0,6,6,0.0,0,0
org.eclipse.jdt.internal.core.builder.ProblemFactory.java,0.0,0,0,1.0,1,1
org.eclipse.jdt.internal.core.builder.ReferenceCollection.java,2.0,2,2,8.0,8,8
org.eclipse.jdt.internal.core.builder.SimpleLookupTable.java,4.0,4,4,0.0,0,0
org.eclipse.jdt.internal.core.builder.SourceFile.java,4.0,4,4,0.0,0,0
org.eclipse.jdt.internal.core.builder.State.java,9.0,9,9,1.0,1,1
org.eclipse.jdt.internal.core.builder.WorkQueue.java,2.0,2,2,0.0,0,0
org.eclipse.jdt.internal.core.ClassFile.java,1.0,1,1,0.0,0,0
org.eclipse.jdt.internal.core.ClassFileInfo.java,2.0,2,2,0.0,0,0
org.eclipse.jdt.internal.core.ClassFileWorkingCopy.java,1.0,1,1,0.0,0,0
org.eclipse.jdt.internal.core.ClasspathEntry.java,6.0,6,6,1.0,1,1
org.eclipse.jdt.internal.core.CommitWorkingCopyOperation.java,0.0,0,0,0.0,0,0
org.eclipse.jdt.internal.core.CompilationUnit.java,0.0,0,0,1.0,1,1
org.eclipse.jdt.internal.core.CompilationUnitElementInfo.java,2.0,2,2,0.0,0,0
org.eclipse.jdt.internal.core.CompilationUnitProblemFinder.java,0.0,0,0,0.0,0,0
org.eclipse.jdt.internal.core.CompilationUnitStructureRequestor.java,14.0,14,14,5.0,5,5
org.eclipse.jdt.internal.core.CompilationUnitVisitor.java,0.0,0,0,0.0,0,0
org.eclipse.jdt.internal.core.CompletionRequestorWrapper.java,2.0,2,2,1.0,1,1
org.eclipse.jdt.internal.core.CopyElementsOperation.java,1.0,1,1,0.0,0,0
org.eclipse.jdt.internal.core.CreateCompilationUnitOperation.java,2.0,2,2,0.0,0,0
org.eclipse.jdt.internal.core.CreateElementInCUOperation.java,7.0,7,7,3.0,3,3
org.eclipse.jdt.internal.core.CreateFieldOperation.java,0.0,0,0,0.0,0,0
org.eclipse.jdt.internal.core.CreateImportOperation.java,1.0,1,1,0.0,0,0
org.eclipse.jdt.internal.core.CreateInitializerOperation.java,1.0,1,1,0.0,0,0
org.eclipse.jdt.internal.core.CreateMethodOperation.java,1.0,1,1,0.0,0,0
org.eclipse.jdt.internal.core.CreatePackageDeclarationOperation.java,1.0,1,1,0.0,0,0
org.eclipse.jdt.internal.core.CreatePackageFragmentOperation.java,1.0,1,1,0.0,0,0
org.eclipse.jdt.internal.core.CreateTypeHierarchyOperation.java,2.0,2,2,0.0,0,0
org.eclipse.jdt.internal.core.CreateTypeMemberOperation.java,3.0,3,3,0.0,0,0
org.eclipse.jdt.internal.core.CreateTypeOperation.java,0.0,0,0,0.0,0,0
org.eclipse.jdt.internal.core.DeleteElementsOperation.java,3.0,3,3,0.0,0,0
org.eclipse.jdt.internal.core.DeleteResourceElementsOperation.java,0.0,0,0,0.0,0,0
org.eclipse.jdt.internal.core.DeltaProcessor.java,10.0,10,10,10.0,10,10
org.eclipse.jdt.internal.core.ElementCache.java,0.0,0,0,0.0,0,0
org.eclipse.jdt.internal.core.eval.EvaluationContextWrapper.java,2.0,2,2,0.0,0,0
org.eclipse.jdt.internal.core.eval.GlobalVariableWrapper.java,1.0,1,1,0.0,0,0
org.eclipse.jdt.internal.core.eval.RequestorWrapper.java,1.0,1,1,0.0,0,0
org.eclipse.jdt.internal.core.FailedReconciliationException.java,0.0,0,0,0.0,0,0
org.eclipse.jdt.internal.core.HandleFactory.java,5.0,5,5,0.0,0,0
org.eclipse.jdt.internal.core.hierarchy.HierarchyBinaryType.java,6.0,6,6,0.0,0,0
org.eclipse.jdt.internal.core.hierarchy.HierarchyBuilder.java,5.0,5,5,0.0,0,0
org.eclipse.jdt.internal.core.hierarchy.HierarchyResolver.java,4.5,8,9,0.0,0,0
org.eclipse.jdt.internal.core.hierarchy.HierarchyType.java,7.0,7,7,0.0,0,0
org.eclipse.jdt.internal.core.hierarchy.IHierarchyRequestor.java,1,0,0,1,0,0
org.eclipse.jdt.internal.core.hierarchy.IndexBasedHierarchyBuilder.java,4.0,8,12,0.0,0,0
org.eclipse.jdt.internal.core.hierarchy.RegionBasedHierarchyBuilder.java,0.0,0,0,0.0,0,0
org.eclipse.jdt.internal.core.hierarchy.RegionBasedTypeHierarchy.java,2.0,2,2,0.0,0,0
org.eclipse.jdt.internal.core.hierarchy.TypeHierarchy.java,18.0,18,18,2.0,2,2
org.eclipse.jdt.internal.core.IJavaElementRequestor.java,1,0,0,1,0,0
org.eclipse.jdt.internal.core.ImportContainer.java,0.0,0,0,0.0,0,0
org.eclipse.jdt.internal.core.ImportDeclaration.java,0.0,0,0,0.0,0,0
org.eclipse.jdt.internal.core.index.DocumentFactory.java,0.0,0,0,0.0,0,0
org.eclipse.jdt.internal.core.index.IDocument.java,1,0,0,1,0,0
org.eclipse.jdt.internal.core.index.IEntryResult.java,1,0,0,1,0,0
org.eclipse.jdt.internal.core.index.IIndex.java,1,0,0,1,0,0
org.eclipse.jdt.internal.core.index.IIndexer.java,1,0,0,1,0,0
org.eclipse.jdt.internal.core.index.IIndexerOutput.java,1,0,0,1,0,0
org.eclipse.jdt.internal.core.index.impl.Block.java,2.0,2,2,0.0,0,0
org.eclipse.jdt.internal.core.index.impl.BlocksIndexInput.java,9.0,9,9,1.0,1,1
org.eclipse.jdt.internal.core.index.impl.BlocksIndexOutput.java,12.0,12,12,0.0,0,0
org.eclipse.jdt.internal.core.index.impl.CodeByteStream.java,5.0,5,5,0.0,0,0
org.eclipse.jdt.internal.core.index.impl.EntryResult.java,2.0,2,2,0.0,0,0
org.eclipse.jdt.internal.core.index.impl.Field.java,3.0,3,3,0.0,0,0
org.eclipse.jdt.internal.core.index.impl.FileDocument.java,1.0,1,1,0.0,0,0
org.eclipse.jdt.internal.core.index.impl.FileListBlock.java,3.0,3,3,0.0,0,0
org.eclipse.jdt.internal.core.index.impl.GammaCompressedIndexBlock.java,4.0,4,4,0.0,0,0
org.eclipse.jdt.internal.core.index.impl.ICacheEnumeration.java,1,0,0,1,0,0
org.eclipse.jdt.internal.core.index.impl.IFileDocument.java,3.0,3,3,0.0,0,0
org.eclipse.jdt.internal.core.index.impl.IIndexConstants.java,1,0,0,1,0,0
org.eclipse.jdt.internal.core.index.impl.ILRUCacheable.java,1,0,0,1,0,0
org.eclipse.jdt.internal.core.index.impl.Index.java,7.0,7,7,3.0,3,3
org.eclipse.jdt.internal.core.index.impl.IndexBlock.java,0.0,0,0,0.0,0,0
org.eclipse.jdt.internal.core.index.impl.IndexedFile.java,4.0,4,4,5.0,5,5
org.eclipse.jdt.internal.core.index.impl.IndexedFileHashedArray.java,5.0,5,5,0.0,0,0
org.eclipse.jdt.internal.core.index.impl.IndexerOutput.java,3.0,3,3,0.0,0,0
org.eclipse.jdt.internal.core.index.impl.IndexInput.java,3.0,3,3,0.0,0,0
org.eclipse.jdt.internal.core.index.impl.IndexOutput.java,0.0,0,0,0.0,0,0
org.eclipse.jdt.internal.core.index.impl.IndexSummary.java,4.666666666666667,10,14,0.0,0,0
org.eclipse.jdt.internal.core.index.impl.InMemoryIndex.java,5.0,5,5,0.0,0,0
org.eclipse.jdt.internal.core.index.impl.Int.java,1.0,1,1,0.0,0,0
org.eclipse.jdt.internal.core.index.impl.JarFileDocument.java,1.0,1,1,0.0,0,0
org.eclipse.jdt.internal.core.index.impl.JarFileEntryDocument.java,3.0,3,3,1.0,1,1
org.eclipse.jdt.internal.core.index.impl.LRUCache.java,10.0,14,20,0.5,1,1
org.eclipse.jdt.internal.core.index.impl.MergeFactory.java,7.0,7,7,2.0,2,2
org.eclipse.jdt.internal.core.index.impl.PropertyDocument.java,1.0,1,1,0.0,0,0
org.eclipse.jdt.internal.core.index.impl.SafeRandomAccessFile.java,0.0,0,0,0.0,0,0
org.eclipse.jdt.internal.core.index.impl.SimpleIndexBlock.java,1.0,1,1,0.0,0,0
org.eclipse.jdt.internal.core.index.impl.SimpleIndexInput.java,4.0,4,4,0.0,0,0
org.eclipse.jdt.internal.core.index.impl.Util.java,0.0,0,0,0.0,0,0
org.eclipse.jdt.internal.core.index.impl.WordEntry.java,3.0,3,3,0.0,0,0
org.eclipse.jdt.internal.core.index.impl.WordEntryHashedArray.java,3.0,3,3,0.0,0,0
org.eclipse.jdt.internal.core.index.IQueryResult.java,1,0,0,1,0,0
org.eclipse.jdt.internal.core.Initializer.java,0.0,0,0,0.0,0,0
org.eclipse.jdt.internal.core.InitializerElementInfo.java,0.0,0,0,0.0,0,0
org.eclipse.jdt.internal.core.IPathRequestor.java,1,0,0,1,0,0
org.eclipse.jdt.internal.core.JarEntryFile.java,3.0,3,3,0.0,0,0
org.eclipse.jdt.internal.core.JarPackageFragment.java,0.0,0,0,0.0,0,0
org.eclipse.jdt.internal.core.JarPackageFragmentInfo.java,1.0,1,1,0.0,0,0
org.eclipse.jdt.internal.core.JarPackageFragmentRoot.java,1.0,1,1,3.0,3,3
org.eclipse.jdt.internal.core.JarPackageFragmentRootInfo.java,1.0,1,1,0.0,0,0
org.eclipse.jdt.internal.core.JavaElement.java,4.0,4,4,12.0,12,12
org.eclipse.jdt.internal.core.JavaElementDelta.java,8.0,8,8,1.0,1,1
org.eclipse.jdt.internal.core.JavaElementDeltaBuilder.java,6.0,10,12,0.0,0,0
org.eclipse.jdt.internal.core.JavaElementInfo.java,2.0,2,2,2.0,2,2
org.eclipse.jdt.internal.core.JavaElementRequestor.java,7.0,7,7,5.0,5,5
org.eclipse.jdt.internal.core.JavaModel.java,0.0,0,0,1.0,1,1
org.eclipse.jdt.internal.core.JavaModelCache.java,5.0,5,5,2.0,2,2
org.eclipse.jdt.internal.core.JavaModelInfo.java,0.0,0,0,0.0,0,0
org.eclipse.jdt.internal.core.JavaModelManager.java,7.333333333333333,19,22,10.333333333333334,31,31
org.eclipse.jdt.internal.core.JavaModelOperation.java,8.0,8,8,1.0,1,1
org.eclipse.jdt.internal.core.JavaModelStatus.java,4.0,4,4,2.0,2,2
org.eclipse.jdt.internal.core.JavaProject.java,1.0,1,1,2.0,2,2
org.eclipse.jdt.internal.core.JavaProjectElementInfo.java,6.0,6,6,0.0,0,0
org.eclipse.jdt.internal.core.jdom.AbstractDOMBuilder.java,8.0,8,8,0.0,0,0
org.eclipse.jdt.internal.core.jdom.CompilationUnit.java,3.0,3,3,0.0,0,0
org.eclipse.jdt.internal.core.jdom.DOMBuilder.java,3.0,3,3,0.0,0,0
org.eclipse.jdt.internal.core.jdom.DOMCompilationUnit.java,1.0,1,1,0.0,0,0
org.eclipse.jdt.internal.core.jdom.DOMField.java,4.0,4,4,0.0,0,0
org.eclipse.jdt.internal.core.jdom.DOMImport.java,1.0,1,1,0.0,0,0
org.eclipse.jdt.internal.core.jdom.DOMInitializer.java,2.0,2,2,0.0,0,0
org.eclipse.jdt.internal.core.jdom.DOMMember.java,5.0,5,5,0.0,0,0
org.eclipse.jdt.internal.core.jdom.DOMMethod.java,11.0,11,11,0.0,0,0
org.eclipse.jdt.internal.core.jdom.DOMNode.java,12.0,12,12,12.0,12,12
org.eclipse.jdt.internal.core.jdom.DOMPackage.java,0.0,0,0,0.0,0,0
org.eclipse.jdt.internal.core.jdom.DOMType.java,11.0,11,11,0.0,0,0
org.eclipse.jdt.internal.core.jdom.ILineStartFinder.java,1,0,0,1,0,0
org.eclipse.jdt.internal.core.jdom.SiblingEnumeration.java,1.0,1,1,0.0,0,0
org.eclipse.jdt.internal.core.jdom.SimpleDOMBuilder.java,0.0,0,0,0.0,0,0
org.eclipse.jdt.internal.core.LRUCacheEnumerator.java,2.5,3,5,0.0,0,0
org.eclipse.jdt.internal.core.Member.java,0.0,0,0,0.0,0,0
org.eclipse.jdt.internal.core.MemberElementInfo.java,4.0,4,4,0.0,0,0
org.eclipse.jdt.internal.core.ModelUpdater.java,1.0,1,1,0.0,0,0
org.eclipse.jdt.internal.core.MoveElementsOperation.java,0.0,0,0,0.0,0,0
org.eclipse.jdt.internal.core.MoveResourceElementsOperation.java,0.0,0,0,0.0,0,0
org.eclipse.jdt.internal.core.MultiOperation.java,4.0,4,4,0.0,0,0
org.eclipse.jdt.internal.core.NameLookup.java,4.0,4,4,2.0,2,2
org.eclipse.jdt.internal.core.NonVoidMethodRequestor.java,0.0,0,0,0.0,0,0
org.eclipse.jdt.internal.core.Openable.java,0.0,0,0,0.0,0,0
org.eclipse.jdt.internal.core.OpenableElementInfo.java,0.0,0,0,0.0,0,0
org.eclipse.jdt.internal.core.OverflowingLRUCache.java,3.5,5,7,0.0,0,0
org.eclipse.jdt.internal.core.PackageDeclaration.java,0.0,0,0,0.0,0,0
org.eclipse.jdt.internal.core.PackageFragment.java,0.0,0,0,2.0,2,2
org.eclipse.jdt.internal.core.PackageFragmentInfo.java,1.0,1,1,0.0,0,0
org.eclipse.jdt.internal.core.PackageFragmentRoot.java,1.0,1,1,0.0,0,0
org.eclipse.jdt.internal.core.PackageFragmentRootInfo.java,2.0,2,2,0.0,0,0
org.eclipse.jdt.internal.core.Region.java,1.0,1,1,0.0,0,0
org.eclipse.jdt.internal.core.RenameElementsOperation.java,0.0,0,0,0.0,0,0
org.eclipse.jdt.internal.core.RenameResourceElementsOperation.java,0.0,0,0,0.0,0,0
org.eclipse.jdt.internal.core.search.AbstractSearchScope.java,0.0,0,0,0.0,0,0
org.eclipse.jdt.internal.core.search.HierarchyScope.java,7.0,7,7,0.0,0,0
org.eclipse.jdt.internal.core.search.IIndexSearchRequestor.java,1,0,0,1,0,0
org.eclipse.jdt.internal.core.search.IInfoConstants.java,1,0,0,1,0,0
org.eclipse.jdt.internal.core.search.indexing.AbstractIndexer.java,1.0,1,1,0.0,0,0
org.eclipse.jdt.internal.core.search.indexing.AddClassFileToIndex.java,4.0,4,4,0.0,0,0
org.eclipse.jdt.internal.core.search.indexing.AddCompilationUnitToIndex.java,4.0,4,4,0.0,0,0
org.eclipse.jdt.internal.core.search.indexing.AddJarFileToIndex.java,5.0,5,5,0.0,0,0
org.eclipse.jdt.internal.core.search.indexing.BinaryIndexer.java,1.0,1,1,11.0,11,11
org.eclipse.jdt.internal.core.search.indexing.IIndexConstants.java,1,0,0,1,0,0
org.eclipse.jdt.internal.core.search.indexing.IndexAllProject.java,6.0,6,6,0.0,0,0
org.eclipse.jdt.internal.core.search.indexing.IndexBinaryFolder.java,3.0,3,3,0.0,0,0
org.eclipse.jdt.internal.core.search.indexing.IndexManager.java,6.0,6,6,2.0,2,2
org.eclipse.jdt.internal.core.search.indexing.IndexRequest.java,1.0,1,1,0.0,0,0
org.eclipse.jdt.internal.core.search.indexing.ReadWriteMonitor.java,1.0,1,1,0.0,0,0
org.eclipse.jdt.internal.core.search.indexing.RemoveFolderFromIndex.java,3.0,3,3,0.0,0,0
org.eclipse.jdt.internal.core.search.indexing.RemoveFromIndex.java,3.0,3,3,0.0,0,0
org.eclipse.jdt.internal.core.search.indexing.SourceIndexer.java,1.0,1,1,1.0,1,1
org.eclipse.jdt.internal.core.search.indexing.SourceIndexerRequestor.java,6.0,6,6,0.0,0,0
org.eclipse.jdt.internal.core.search.IndexSearchAdapter.java,0.0,0,0,0.0,0,0
org.eclipse.jdt.internal.core.search.IndexSelector.java,4.0,4,4,0.0,0,0
org.eclipse.jdt.internal.core.search.JavaSearchScope.java,5.0,5,5,0.0,0,0
org.eclipse.jdt.internal.core.search.JavaWorkspaceScope.java,1.0,1,1,0.0,0,0
org.eclipse.jdt.internal.core.search.matching.AndPattern.java,0.0,0,0,0.0,0,0
org.eclipse.jdt.internal.core.search.matching.ConstructorDeclarationPattern.java,1.0,1,1,0.0,0,0
org.eclipse.jdt.internal.core.search.matching.ConstructorReferencePattern.java,1.0,1,1,0.0,0,0
org.eclipse.jdt.internal.core.search.matching.DeclarationOfAccessedFieldsPattern.java,2.0,2,2,0.0,0,0
org.eclipse.jdt.internal.core.search.matching.DeclarationOfReferencedMethodsPattern.java,2.0,2,2,0.0,0,0
org.eclipse.jdt.internal.core.search.matching.DeclarationOfReferencedTypesPattern.java,2.0,2,2,0.0,0,0
org.eclipse.jdt.internal.core.search.matching.FieldDeclarationPattern.java,6.0,6,6,0.0,0,0
org.eclipse.jdt.internal.core.search.matching.FieldReferencePattern.java,8.0,8,8,2.0,2,2
org.eclipse.jdt.internal.core.search.matching.FileNameEnvironment.java,0.0,0,0,0.0,0,0
org.eclipse.jdt.internal.core.search.matching.MatchingOpenable.java,6.0,6,6,0.0,0,0
org.eclipse.jdt.internal.core.search.matching.MatchingOpenableSet.java,2.0,2,2,0.0,0,0
org.eclipse.jdt.internal.core.search.matching.MatchLocator.java,13.0,13,13,1.0,1,1
org.eclipse.jdt.internal.core.search.matching.MatchLocatorParser.java,1.0,2,2,0.0,0,0
org.eclipse.jdt.internal.core.search.matching.MatchSet.java,3.0,7,9,0.0,0,0
org.eclipse.jdt.internal.core.search.matching.MethodDeclarationPattern.java,0.0,0,0,0.0,0,0
org.eclipse.jdt.internal.core.search.matching.MethodPattern.java,9.0,9,9,0.0,0,0
org.eclipse.jdt.internal.core.search.matching.MethodReferencePattern.java,2.0,2,2,0.0,0,0
org.eclipse.jdt.internal.core.search.matching.MultipleSearchPattern.java,2.0,2,2,0.0,0,0
org.eclipse.jdt.internal.core.search.matching.OrNameCombiner.java,2.0,2,2,0.0,0,0
org.eclipse.jdt.internal.core.search.matching.OrPathCombiner.java,2.0,2,2,0.0,0,0
org.eclipse.jdt.internal.core.search.matching.OrPattern.java,2.0,2,2,0.0,0,0
org.eclipse.jdt.internal.core.search.matching.PackageDeclarationPattern.java,1.0,1,1,0.0,0,0
org.eclipse.jdt.internal.core.search.matching.PackageReferencePattern.java,4.0,4,4,1.0,1,1
org.eclipse.jdt.internal.core.search.matching.QualifiedTypeDeclarationPattern.java,2.0,2,2,0.0,0,0
org.eclipse.jdt.internal.core.search.matching.SearchPattern.java,3.0,3,3,8.0,8,8
org.eclipse.jdt.internal.core.search.matching.SuperInterfaceReferencePattern.java,0.0,0,0,0.0,0,0
org.eclipse.jdt.internal.core.search.matching.SuperTypeNamesCollector.java,3.0,6,6,0.0,0,0
org.eclipse.jdt.internal.core.search.matching.SuperTypeReferencePattern.java,11.0,11,11,1.0,1,1
org.eclipse.jdt.internal.core.search.matching.TypeDeclarationPattern.java,8.0,8,8,0.0,0,0
org.eclipse.jdt.internal.core.search.matching.TypeReferencePattern.java,7.0,7,7,2.0,2,2
org.eclipse.jdt.internal.core.search.PathCollector.java,1.0,1,1,0.0,0,0
org.eclipse.jdt.internal.core.search.PatternSearchJob.java,8.0,8,8,0.0,0,0
org.eclipse.jdt.internal.core.search.processing.IJob.java,1,0,0,1,0,0
org.eclipse.jdt.internal.core.search.processing.JobManager.java,8.0,8,8,1.0,1,1
org.eclipse.jdt.internal.core.search.SubTypeSearchJob.java,1.0,1,1,0.0,0,0
org.eclipse.jdt.internal.core.search.Util.java,0.0,0,0,4.0,4,4
org.eclipse.jdt.internal.core.SearchableEnvironment.java,5.0,5,5,0.0,0,0
org.eclipse.jdt.internal.core.SearchableEnvironmentRequestor.java,2.0,2,2,0.0,0,0
org.eclipse.jdt.internal.core.SelectionRequestor.java,3.0,3,3,1.0,1,1
org.eclipse.jdt.internal.core.SetClasspathOperation.java,6.0,6,6,2.0,2,2
org.eclipse.jdt.internal.core.SingleTypeRequestor.java,1.0,1,1,0.0,0,0
org.eclipse.jdt.internal.core.SourceField.java,0.0,0,0,0.0,0,0
org.eclipse.jdt.internal.core.SourceFieldElementInfo.java,2.0,2,2,0.0,0,0
org.eclipse.jdt.internal.core.SourceMapper.java,20.0,20,20,2.0,2,2
org.eclipse.jdt.internal.core.SourceMethod.java,1.0,1,1,1.0,1,1
org.eclipse.jdt.internal.core.SourceMethodElementInfo.java,5.0,5,5,0.0,0,0
org.eclipse.jdt.internal.core.SourceRange.java,2.0,2,2,0.0,0,0
org.eclipse.jdt.internal.core.SourceRefElement.java,0.0,0,0,0.0,0,0
org.eclipse.jdt.internal.core.SourceRefElementInfo.java,2.0,2,2,0.0,0,0
org.eclipse.jdt.internal.core.SourceType.java,1.0,1,2,0.5,1,1
org.eclipse.jdt.internal.core.SourceTypeElementInfo.java,8.0,8,8,3.0,3,3
org.eclipse.jdt.internal.core.TypeConverter.java,0.0,0,0,0.0,0,0
org.eclipse.jdt.internal.core.TypeVector.java,3.0,3,3,1.0,1,1
org.eclipse.jdt.internal.core.util.AnonymousFileSource.java,1.0,1,1,0.0,0,0
org.eclipse.jdt.internal.core.util.CharArrayBuffer.java,4.0,4,4,1.0,1,1
org.eclipse.jdt.internal.core.util.CharArrayOps.java,0.0,0,0,0.0,0,0
org.eclipse.jdt.internal.core.util.ClassFileAttribute.java,3.0,3,3,1.0,1,1
org.eclipse.jdt.internal.core.util.ClassFileReader.java,23.0,23,23,4.0,4,4
org.eclipse.jdt.internal.core.util.ClassFileStruct.java,0.0,0,0,0.0,0,0
org.eclipse.jdt.internal.core.util.CodeAttribute.java,13.0,13,13,1.0,1,1
org.eclipse.jdt.internal.core.util.ConstantPool.java,4.0,4,4,0.0,0,0
org.eclipse.jdt.internal.core.util.ConstantPoolEntry.java,20.0,20,20,0.0,0,0
org.eclipse.jdt.internal.core.util.ConstantValueAttribute.java,2.0,2,2,0.0,0,0
org.eclipse.jdt.internal.core.util.DefaultBytecodeVisitor.java,3.0,3,3,10.0,10,10
org.eclipse.jdt.internal.core.util.Disassembler.java,0.0,0,0,2.0,2,2
org.eclipse.jdt.internal.core.util.Dumper.java,2.0,2,2,0.0,0,0
org.eclipse.jdt.internal.core.util.ExceptionAttribute.java,3.0,3,3,2.0,2,2
org.eclipse.jdt.internal.core.util.ExceptionTableEntry.java,5.0,5,5,0.0,0,0
org.eclipse.jdt.internal.core.util.FieldInfo.java,11.0,11,11,0.0,0,0
org.eclipse.jdt.internal.core.util.ICacheEnumeration.java,1,0,0,1,0,0
org.eclipse.jdt.internal.core.util.IDumpable.java,1,0,0,1,0,0
org.eclipse.jdt.internal.core.util.ILRUCacheable.java,1,0,0,1,0,0
org.eclipse.jdt.internal.core.util.InnerClassesAttribute.java,2.0,2,2,1.0,1,1
org.eclipse.jdt.internal.core.util.InnerClassesAttributeEntry.java,7.0,7,7,0.0,0,0
org.eclipse.jdt.internal.core.Util.java,0.0,0,0,12.0,12,12
org.eclipse.jdt.internal.core.util.LineNumberAttribute.java,2.0,2,2,1.0,1,1
org.eclipse.jdt.internal.core.util.LocalVariableAttribute.java,2.0,2,2,1.0,1,1
org.eclipse.jdt.internal.core.util.LocalVariableTableEntry.java,7.0,7,7,0.0,0,0
org.eclipse.jdt.internal.core.util.LRUCache.java,10.0,14,20,0.5,1,1
org.eclipse.jdt.internal.core.util.MethodInfo.java,12.0,12,12,0.0,0,0
org.eclipse.jdt.internal.core.util.PerThreadObject.java,1.0,1,1,0.0,0,0
org.eclipse.jdt.internal.core.util.ReferenceInfoAdapter.java,0.0,0,0,0.0,0,0
org.eclipse.jdt.internal.core.util.SourceFileAttribute.java,2.0,2,2,0.0,0,0
org.eclipse.jdt.internal.core.util.StringHashtableOfInt.java,4.0,4,4,0.0,0,0
org.eclipse.jdt.internal.core.util.ToStringSorter.java,2.0,2,2,0.0,0,0
org.eclipse.jdt.internal.core.util.Util.java,0.0,0,0,4.0,4,4
org.eclipse.jdt.internal.core.WorkingCopy.java,3.0,3,3,0.0,0,0
org.eclipse.jdt.internal.core.WorkingCopyElementInfo.java,1.0,1,1,0.0,0,0
org.eclipse.jdt.internal.eval.CodeSnippetAllocationExpression.java,2.0,2,2,0.0,0,0
org.eclipse.jdt.internal.eval.CodeSnippetClassFile.java,0.0,0,0,0.0,0,0
org.eclipse.jdt.internal.eval.CodeSnippetCodeStream.java,0.0,0,0,1.0,1,1
org.eclipse.jdt.internal.eval.CodeSnippetCompiler.java,0.0,0,0,0.0,0,0
org.eclipse.jdt.internal.eval.CodeSnippetConstantPool.java,3.0,3,3,140.0,140,140
org.eclipse.jdt.internal.eval.CodeSnippetEnvironment.java,2.0,2,2,0.0,0,0
org.eclipse.jdt.internal.eval.CodeSnippetEvaluator.java,2.0,2,2,1.0,1,1
org.eclipse.jdt.internal.eval.CodeSnippetFieldReference.java,2.0,2,2,0.0,0,0
org.eclipse.jdt.internal.eval.CodeSnippetMessageSend.java,2.0,2,2,0.0,0,0
org.eclipse.jdt.internal.eval.CodeSnippetParser.java,6.0,6,6,0.0,0,0
org.eclipse.jdt.internal.eval.CodeSnippetQualifiedNameReference.java,2.0,2,2,0.0,0,0
org.eclipse.jdt.internal.eval.CodeSnippetReturnStatement.java,1.0,1,1,0.0,0,0
org.eclipse.jdt.internal.eval.CodeSnippetScope.java,0.0,0,0,0.0,0,0
org.eclipse.jdt.internal.eval.CodeSnippetSingleNameReference.java,2.0,2,2,0.0,0,0
org.eclipse.jdt.internal.eval.CodeSnippetSkeleton.java,4.5,5,9,0.0,0,0
org.eclipse.jdt.internal.eval.CodeSnippetSuperReference.java,1.0,1,1,0.0,0,0
org.eclipse.jdt.internal.eval.CodeSnippetThisReference.java,3.0,3,3,0.0,0,0
org.eclipse.jdt.internal.eval.CodeSnippetToCuMapper.java,12.0,12,12,0.0,0,0
org.eclipse.jdt.internal.eval.CodeSnippetTypeDeclaration.java,0.0,0,0,0.0,0,0
org.eclipse.jdt.internal.eval.EvaluationConstants.java,1,0,0,1,0,0
org.eclipse.jdt.internal.eval.EvaluationContext.java,7.5,14,15,1.5,3,3
org.eclipse.jdt.internal.eval.EvaluationResult.java,5.0,5,5,6.0,6,6
org.eclipse.jdt.internal.eval.Evaluator.java,3.5,6,7,0.0,0,0
org.eclipse.jdt.internal.eval.GlobalVariable.java,7.0,7,7,0.0,0,0
org.eclipse.jdt.internal.eval.InstallException.java,0.0,0,0,0.0,0,0
org.eclipse.jdt.internal.eval.IRequestor.java,1,0,0,1,0,0
org.eclipse.jdt.internal.eval.VariablesEvaluator.java,1.0,1,1,0.0,0,0
org.eclipse.jdt.internal.eval.VariablesInfo.java,5.0,5,5,0.0,0,0
org.eclipse.jdt.internal.formatter.CodeFormatter.java,23.0,23,23,2.0,2,2
org.eclipse.jdt.internal.formatter.impl.FormatterOptions.java,10.0,10,10,17.0,17,17
org.eclipse.jdt.internal.formatter.impl.SplitLine.java,3.0,3,3,0.0,0,0
