file,NOM_avg,NOM_max,NOM_total,NSM_avg,NSM_max,NSM_total
org.eclipse.jdt.core.BufferChangedEvent.java,4.0,4,4,0.0,0,0
org.eclipse.jdt.core.ClasspathContainerInitializer.java,1.0,1,1,0.0,0,0
org.eclipse.jdt.core.ClasspathVariableInitializer.java,1.0,1,1,0.0,0,0
org.eclipse.jdt.core.CompletionRequestorAdapter.java,14.0,14,14,0.0,0,0
org.eclipse.jdt.core.CorrectionEngine.java,18.0,18,18,0.0,0,0
org.eclipse.jdt.core.dom.AnonymousClassDeclaration.java,8.0,8,8,0.0,0,0
org.eclipse.jdt.core.dom.ArrayAccess.java,10.0,10,10,0.0,0,0
org.eclipse.jdt.core.dom.ArrayCreation.java,11.0,11,11,0.0,0,0
org.eclipse.jdt.core.dom.ArrayInitializer.java,7.0,7,7,0.0,0,0
org.eclipse.jdt.core.dom.ArrayType.java,10.0,10,10,0.0,0,0
org.eclipse.jdt.core.dom.AssertStatement.java,10.0,10,10,0.0,0,0
org.eclipse.jdt.core.dom.Assignment.java,7.0,13,14,1.0,1,2
org.eclipse.jdt.core.dom.AST.java,70.0,70,70,3.0,3,3
org.eclipse.jdt.core.dom.ASTConverter.java,109.0,109,109,0.0,0,0
org.eclipse.jdt.core.dom.ASTMatcher.java,64.0,64,64,1.0,1,1
org.eclipse.jdt.core.dom.ASTNode.java,20.333333333333332,43,61,1.0,3,3
org.eclipse.jdt.core.dom.ASTSyntaxErrorPropagator.java,7.0,7,7,0.0,0,0
org.eclipse.jdt.core.dom.ASTVisitor.java,126.0,126,126,0.0,0,0
org.eclipse.jdt.core.dom.BindingResolver.java,22.0,22,22,0.0,0,0
org.eclipse.jdt.core.dom.Block.java,7.0,7,7,0.0,0,0
org.eclipse.jdt.core.dom.BodyDeclaration.java,3.0,3,3,0.0,0,0
org.eclipse.jdt.core.dom.BooleanLiteral.java,8.0,8,8,0.0,0,0
org.eclipse.jdt.core.dom.BreakStatement.java,8.0,8,8,0.0,0,0
org.eclipse.jdt.core.dom.CastExpression.java,10.0,10,10,0.0,0,0
org.eclipse.jdt.core.dom.CatchClause.java,10.0,10,10,0.0,0,0
org.eclipse.jdt.core.dom.CharacterLiteral.java,10.0,10,10,0.0,0,0
org.eclipse.jdt.core.dom.ClassInstanceCreation.java,14.0,14,14,0.0,0,0
org.eclipse.jdt.core.dom.CompilationUnit.java,16.0,16,16,0.0,0,0
org.eclipse.jdt.core.dom.CompilationUnitResolver.java,5.0,5,5,8.0,8,8
org.eclipse.jdt.core.dom.ConditionalExpression.java,12.0,12,12,0.0,0,0
org.eclipse.jdt.core.dom.ConstructorInvocation.java,8.0,8,8,0.0,0,0
org.eclipse.jdt.core.dom.ContinueStatement.java,8.0,8,8,0.0,0,0
org.eclipse.jdt.core.dom.DefaultBindingResolver.java,31.0,31,31,0.0,0,0
org.eclipse.jdt.core.dom.DoStatement.java,10.0,10,10,0.0,0,0
org.eclipse.jdt.core.dom.EmptyStatement.java,5.0,5,5,0.0,0,0
org.eclipse.jdt.core.dom.Expression.java,1.0,1,1,0.0,0,0
org.eclipse.jdt.core.dom.ExpressionStatement.java,8.0,8,8,0.0,0,0
org.eclipse.jdt.core.dom.FieldAccess.java,10.0,10,10,0.0,0,0
org.eclipse.jdt.core.dom.FieldDeclaration.java,12.0,12,12,0.0,0,0
org.eclipse.jdt.core.dom.ForStatement.java,12.0,12,12,0.0,0,0
org.eclipse.jdt.core.dom.IBinding.java,1,0,0,1,0,0
org.eclipse.jdt.core.dom.IfStatement.java,12.0,12,12,0.0,0,0
org.eclipse.jdt.core.dom.IMethodBinding.java,1,0,0,1,0,0
org.eclipse.jdt.core.dom.ImportDeclaration.java,11.0,11,11,0.0,0,0
org.eclipse.jdt.core.dom.InfixExpression.java,8.0,15,16,1.0,1,2
org.eclipse.jdt.core.dom.Initializer.java,10.0,10,10,0.0,0,0
org.eclipse.jdt.core.dom.InstanceofExpression.java,10.0,10,10,0.0,0,0
org.eclipse.jdt.core.dom.IPackageBinding.java,1,0,0,1,0,0
org.eclipse.jdt.core.dom.ITypeBinding.java,1,0,0,1,0,0
org.eclipse.jdt.core.dom.IVariableBinding.java,1,0,0,1,0,0
org.eclipse.jdt.core.dom.Javadoc.java,8.0,8,8,0.0,0,0
org.eclipse.jdt.core.dom.LabeledStatement.java,10.0,10,10,0.0,0,0
org.eclipse.jdt.core.dom.Message.java,4.0,4,4,0.0,0,0
org.eclipse.jdt.core.dom.MethodBinding.java,11.0,11,11,0.0,0,0
org.eclipse.jdt.core.dom.MethodDeclaration.java,20.0,20,20,0.0,0,0
org.eclipse.jdt.core.dom.MethodInvocation.java,11.0,11,11,0.0,0,0
org.eclipse.jdt.core.dom.Modifier.java,0.0,0,0,11.0,11,11
org.eclipse.jdt.core.dom.NaiveASTFlattener.java,65.0,65,65,0.0,0,0
org.eclipse.jdt.core.dom.Name.java,3.0,3,3,0.0,0,0
org.eclipse.jdt.core.dom.NullLiteral.java,6.0,6,6,0.0,0,0
org.eclipse.jdt.core.dom.NumberLiteral.java,8.0,8,8,0.0,0,0
org.eclipse.jdt.core.dom.PackageBinding.java,10.0,10,10,0.0,0,0
org.eclipse.jdt.core.dom.PackageDeclaration.java,9.0,9,9,0.0,0,0
org.eclipse.jdt.core.dom.ParenthesizedExpression.java,8.0,8,8,0.0,0,0
org.eclipse.jdt.core.dom.PostfixExpression.java,6.0,11,12,1.0,1,2
org.eclipse.jdt.core.dom.PrefixExpression.java,6.0,11,12,1.0,1,2
org.eclipse.jdt.core.dom.PrimitiveType.java,5.0,9,10,0.5,1,1
org.eclipse.jdt.core.dom.QualifiedName.java,10.0,10,10,0.0,0,0
org.eclipse.jdt.core.dom.ReturnStatement.java,8.0,8,8,0.0,0,0
org.eclipse.jdt.core.dom.SimpleName.java,9.0,9,9,0.0,0,0
org.eclipse.jdt.core.dom.SimpleType.java,8.0,8,8,0.0,0,0
org.eclipse.jdt.core.dom.SingleVariableDeclaration.java,14.0,14,14,0.0,0,0
org.eclipse.jdt.core.dom.Statement.java,3.0,3,3,0.0,0,0
org.eclipse.jdt.core.dom.StringLiteral.java,10.0,10,10,0.0,0,0
org.eclipse.jdt.core.dom.SuperConstructorInvocation.java,10.0,10,10,0.0,0,0
org.eclipse.jdt.core.dom.SuperFieldAccess.java,10.0,10,10,0.0,0,0
org.eclipse.jdt.core.dom.SuperMethodInvocation.java,11.0,11,11,0.0,0,0
org.eclipse.jdt.core.dom.SwitchCase.java,9.0,9,9,0.0,0,0
org.eclipse.jdt.core.dom.SwitchStatement.java,9.0,9,9,0.0,0,0
org.eclipse.jdt.core.dom.SynchronizedStatement.java,10.0,10,10,0.0,0,0
org.eclipse.jdt.core.dom.ThisExpression.java,8.0,8,8,0.0,0,0
org.eclipse.jdt.core.dom.ThrowStatement.java,8.0,8,8,0.0,0,0
org.eclipse.jdt.core.dom.TryStatement.java,11.0,11,11,0.0,0,0
org.eclipse.jdt.core.dom.Type.java,4.0,4,4,0.0,0,0
org.eclipse.jdt.core.dom.TypeBinding.java,27.0,27,27,0.0,0,0
org.eclipse.jdt.core.dom.TypeDeclaration.java,24.0,24,24,0.0,0,0
org.eclipse.jdt.core.dom.TypeDeclarationStatement.java,9.0,9,9,0.0,0,0
org.eclipse.jdt.core.dom.TypeLiteral.java,8.0,8,8,0.0,0,0
org.eclipse.jdt.core.dom.VariableBinding.java,10.0,10,10,0.0,0,0
org.eclipse.jdt.core.dom.VariableDeclaration.java,5.0,5,5,0.0,0,0
org.eclipse.jdt.core.dom.VariableDeclarationExpression.java,11.0,11,11,0.0,0,0
org.eclipse.jdt.core.dom.VariableDeclarationFragment.java,12.0,12,12,0.0,0,0
org.eclipse.jdt.core.dom.VariableDeclarationStatement.java,11.0,11,11,0.0,0,0
org.eclipse.jdt.core.dom.WhileStatement.java,10.0,10,10,0.0,0,0
org.eclipse.jdt.core.ElementChangedEvent.java,2.0,2,2,0.0,0,0
org.eclipse.jdt.core.eval.ICodeSnippetRequestor.java,1,0,0,1,0,0
org.eclipse.jdt.core.eval.IEvaluationContext.java,1,0,0,1,0,0
org.eclipse.jdt.core.eval.IGlobalVariable.java,1,0,0,1,0,0
org.eclipse.jdt.core.Flags.java,0.0,0,0,15.0,15,15
org.eclipse.jdt.core.IBuffer.java,1,0,0,1,0,0
org.eclipse.jdt.core.IBufferChangedListener.java,1,0,0,1,0,0
org.eclipse.jdt.core.IBufferFactory.java,1,0,0,1,0,0
org.eclipse.jdt.core.IClassFile.java,1,0,0,1,0,0
org.eclipse.jdt.core.IClasspathContainer.java,1,0,0,1,0,0
org.eclipse.jdt.core.IClasspathEntry.java,1,0,0,1,0,0
org.eclipse.jdt.core.ICodeAssist.java,1,0,0,1,0,0
org.eclipse.jdt.core.ICodeCompletionRequestor.java,1,0,0,1,0,0
org.eclipse.jdt.core.ICodeFormatter.java,1,0,0,1,0,0
org.eclipse.jdt.core.ICompilationUnit.java,1,0,0,1,0,0
org.eclipse.jdt.core.ICompletionRequestor.java,1,0,0,1,0,0
org.eclipse.jdt.core.ICorrectionRequestor.java,1,0,0,1,0,0
org.eclipse.jdt.core.IElementChangedListener.java,1,0,0,1,0,0
org.eclipse.jdt.core.IField.java,1,0,0,1,0,0
org.eclipse.jdt.core.IImportContainer.java,1,0,0,1,0,0
org.eclipse.jdt.core.IImportDeclaration.java,1,0,0,1,0,0
org.eclipse.jdt.core.IInitializer.java,1,0,0,1,0,0
org.eclipse.jdt.core.IJavaElement.java,1,0,0,1,0,0
org.eclipse.jdt.core.IJavaElementDelta.java,1,0,0,1,0,0
org.eclipse.jdt.core.IJavaModel.java,1,0,0,1,0,0
org.eclipse.jdt.core.IJavaModelMarker.java,1,0,0,1,0,0
org.eclipse.jdt.core.IJavaModelStatus.java,1,0,0,1,0,0
org.eclipse.jdt.core.IJavaModelStatusConstants.java,1,0,0,1,0,0
org.eclipse.jdt.core.IJavaProject.java,1,0,0,1,0,0
org.eclipse.jdt.core.IMember.java,1,0,0,1,0,0
org.eclipse.jdt.core.IMethod.java,1,0,0,1,0,0
org.eclipse.jdt.core.IOpenable.java,1,0,0,1,0,0
org.eclipse.jdt.core.IPackageDeclaration.java,1,0,0,1,0,0
org.eclipse.jdt.core.IPackageFragment.java,1,0,0,1,0,0
org.eclipse.jdt.core.IPackageFragmentRoot.java,1,0,0,1,0,0
org.eclipse.jdt.core.IParent.java,1,0,0,1,0,0
org.eclipse.jdt.core.IProblemRequestor.java,1,0,0,1,0,0
org.eclipse.jdt.core.IRegion.java,1,0,0,1,0,0
org.eclipse.jdt.core.ISourceManipulation.java,1,0,0,1,0,0
org.eclipse.jdt.core.ISourceRange.java,1,0,0,1,0,0
org.eclipse.jdt.core.ISourceReference.java,1,0,0,1,0,0
org.eclipse.jdt.core.IType.java,1,0,0,1,0,0
org.eclipse.jdt.core.ITypeHierarchy.java,1,0,0,1,0,0
org.eclipse.jdt.core.ITypeHierarchyChangedListener.java,1,0,0,1,0,0
org.eclipse.jdt.core.IWorkingCopy.java,1,0,0,1,0,0
org.eclipse.jdt.core.JavaConventions.java,0.0,0,0,12.0,12,12
org.eclipse.jdt.core.JavaCore.java,11.0,11,11,45.0,45,45
org.eclipse.jdt.core.JavaModelException.java,4.0,4,4,0.0,0,0
org.eclipse.jdt.core.jdom.DOMException.java,0.0,0,0,0.0,0,0
org.eclipse.jdt.core.jdom.DOMFactory.java,17.0,17,17,0.0,0,0
org.eclipse.jdt.core.jdom.IDOMCompilationUnit.java,1,0,0,1,0,0
org.eclipse.jdt.core.jdom.IDOMFactory.java,1,0,0,1,0,0
org.eclipse.jdt.core.jdom.IDOMField.java,1,0,0,1,0,0
org.eclipse.jdt.core.jdom.IDOMImport.java,1,0,0,1,0,0
org.eclipse.jdt.core.jdom.IDOMInitializer.java,1,0,0,1,0,0
org.eclipse.jdt.core.jdom.IDOMMember.java,1,0,0,1,0,0
org.eclipse.jdt.core.jdom.IDOMMethod.java,1,0,0,1,0,0
org.eclipse.jdt.core.jdom.IDOMNode.java,1,0,0,1,0,0
org.eclipse.jdt.core.jdom.IDOMPackage.java,1,0,0,1,0,0
org.eclipse.jdt.core.jdom.IDOMType.java,1,0,0,1,0,0
org.eclipse.jdt.core.JDTCompilerAdapter.java,3.0,3,3,0.0,0,0
org.eclipse.jdt.core.search.IJavaSearchConstants.java,1,0,0,1,0,0
org.eclipse.jdt.core.search.IJavaSearchResultCollector.java,1,0,0,1,0,0
org.eclipse.jdt.core.search.IJavaSearchScope.java,1,0,0,1,0,0
org.eclipse.jdt.core.search.ISearchPattern.java,1,0,0,1,0,0
org.eclipse.jdt.core.search.ITypeNameRequestor.java,1,0,0,1,0,0
org.eclipse.jdt.core.search.SearchEngine.java,11.0,11,11,8.0,8,8
org.eclipse.jdt.core.Signature.java,0.0,0,0,30.0,30,30
org.eclipse.jdt.core.ToolFactory.java,0.0,0,0,7.0,7,7
org.eclipse.jdt.core.util.ByteCodeVisitorAdapter.java,205.0,205,205,0.0,0,0
org.eclipse.jdt.core.util.ClassFormatException.java,0.0,0,0,0.0,0,0
org.eclipse.jdt.core.util.IAttributeNamesConstants.java,1,0,0,1,0,0
org.eclipse.jdt.core.util.IBytecodeVisitor.java,1,0,0,1,0,0
org.eclipse.jdt.core.util.IClassFileAttribute.java,1,0,0,1,0,0
org.eclipse.jdt.core.util.IClassFileDisassembler.java,1,0,0,1,0,0
org.eclipse.jdt.core.util.IClassFileReader.java,1,0,0,1,0,0
org.eclipse.jdt.core.util.ICodeAttribute.java,1,0,0,1,0,0
org.eclipse.jdt.core.util.IConstantPool.java,1,0,0,1,0,0
org.eclipse.jdt.core.util.IConstantPoolConstant.java,1,0,0,1,0,0
org.eclipse.jdt.core.util.IConstantPoolEntry.java,1,0,0,1,0,0
org.eclipse.jdt.core.util.IConstantValueAttribute.java,1,0,0,1,0,0
org.eclipse.jdt.core.util.IExceptionAttribute.java,1,0,0,1,0,0
org.eclipse.jdt.core.util.IExceptionTableEntry.java,1,0,0,1,0,0
org.eclipse.jdt.core.util.IFieldInfo.java,1,0,0,1,0,0
org.eclipse.jdt.core.util.IInnerClassesAttribute.java,1,0,0,1,0,0
org.eclipse.jdt.core.util.IInnerClassesAttributeEntry.java,1,0,0,1,0,0
org.eclipse.jdt.core.util.ILineNumberAttribute.java,1,0,0,1,0,0
org.eclipse.jdt.core.util.ILocalVariableAttribute.java,1,0,0,1,0,0
org.eclipse.jdt.core.util.ILocalVariableTableEntry.java,1,0,0,1,0,0
org.eclipse.jdt.core.util.IMethodInfo.java,1,0,0,1,0,0
org.eclipse.jdt.core.util.IModifierConstants.java,1,0,0,1,0,0
org.eclipse.jdt.core.util.IOpcodeMnemonics.java,1,0,0,1,0,0
org.eclipse.jdt.core.util.ISourceAttribute.java,1,0,0,1,0,0
org.eclipse.jdt.core.util.OpcodeStringValues.java,0.0,0,0,0.0,0,0
org.eclipse.jdt.internal.codeassist.complete.CompletionNodeFound.java,0.0,0,0,0.0,0,0
org.eclipse.jdt.internal.codeassist.complete.CompletionOnArgumentName.java,3.0,3,3,0.0,0,0
org.eclipse.jdt.internal.codeassist.complete.CompletionOnClassLiteralAccess.java,2.0,2,2,0.0,0,0
org.eclipse.jdt.internal.codeassist.complete.CompletionOnClassReference.java,1.0,1,1,0.0,0,0
org.eclipse.jdt.internal.codeassist.complete.CompletionOnExceptionReference.java,1.0,1,1,0.0,0,0
org.eclipse.jdt.internal.codeassist.complete.CompletionOnExplicitConstructorCall.java,2.0,2,2,0.0,0,0
org.eclipse.jdt.internal.codeassist.complete.CompletionOnFieldName.java,2.0,2,2,0.0,0,0
org.eclipse.jdt.internal.codeassist.complete.CompletionOnFieldType.java,2.0,2,2,0.0,0,0
org.eclipse.jdt.internal.codeassist.complete.CompletionOnImportReference.java,1.0,1,1,0.0,0,0
org.eclipse.jdt.internal.codeassist.complete.CompletionOnInterfaceReference.java,1.0,1,1,0.0,0,0
org.eclipse.jdt.internal.codeassist.complete.CompletionOnLocalName.java,2.0,2,2,0.0,0,0
org.eclipse.jdt.internal.codeassist.complete.CompletionOnMemberAccess.java,2.0,2,2,0.0,0,0
org.eclipse.jdt.internal.codeassist.complete.CompletionOnMessageSend.java,2.0,2,2,0.0,0,0
org.eclipse.jdt.internal.codeassist.complete.CompletionOnMethodName.java,2.0,2,2,0.0,0,0
org.eclipse.jdt.internal.codeassist.complete.CompletionOnMethodReturnType.java,2.0,2,2,0.0,0,0
org.eclipse.jdt.internal.codeassist.complete.CompletionOnPackageReference.java,1.0,1,1,0.0,0,0
org.eclipse.jdt.internal.codeassist.complete.CompletionOnQualifiedAllocationExpression.java,2.0,2,2,0.0,0,0
org.eclipse.jdt.internal.codeassist.complete.CompletionOnQualifiedClassReference.java,1.0,1,1,0.0,0,0
org.eclipse.jdt.internal.codeassist.complete.CompletionOnQualifiedExceptionReference.java,1.0,1,1,0.0,0,0
org.eclipse.jdt.internal.codeassist.complete.CompletionOnQualifiedInterfaceReference.java,1.0,1,1,0.0,0,0
org.eclipse.jdt.internal.codeassist.complete.CompletionOnQualifiedNameReference.java,2.0,2,2,0.0,0,0
org.eclipse.jdt.internal.codeassist.complete.CompletionOnQualifiedTypeReference.java,4.0,4,4,0.0,0,0
org.eclipse.jdt.internal.codeassist.complete.CompletionOnSingleNameReference.java,2.0,2,2,0.0,0,0
org.eclipse.jdt.internal.codeassist.complete.CompletionOnSingleTypeReference.java,5.0,5,5,0.0,0,0
org.eclipse.jdt.internal.codeassist.complete.CompletionParser.java,64.0,64,64,0.0,0,0
org.eclipse.jdt.internal.codeassist.complete.CompletionScanner.java,5.0,5,5,0.0,0,0
org.eclipse.jdt.internal.codeassist.complete.InvalidCursorLocation.java,0.0,0,0,0.0,0,0
org.eclipse.jdt.internal.codeassist.CompletionEngine.java,52.0,52,52,0.0,0,0
org.eclipse.jdt.internal.codeassist.impl.AssistOptions.java,0.0,0,0,0.0,0,0
org.eclipse.jdt.internal.codeassist.impl.AssistParser.java,59.0,59,59,0.0,0,0
org.eclipse.jdt.internal.codeassist.impl.Engine.java,8.0,8,8,0.0,0,0
org.eclipse.jdt.internal.codeassist.ISearchableNameEnvironment.java,1,0,0,1,0,0
org.eclipse.jdt.internal.codeassist.ISearchRequestor.java,1,0,0,1,0,0
org.eclipse.jdt.internal.codeassist.ISelectionRequestor.java,1,0,0,1,0,0
org.eclipse.jdt.internal.codeassist.RelevanceConstants.java,1,0,0,1,0,0
org.eclipse.jdt.internal.codeassist.select.SelectionNodeFound.java,0.0,0,0,0.0,0,0
org.eclipse.jdt.internal.codeassist.select.SelectionOnArgumentName.java,3.0,3,3,0.0,0,0
org.eclipse.jdt.internal.codeassist.select.SelectionOnExplicitConstructorCall.java,2.0,2,2,0.0,0,0
org.eclipse.jdt.internal.codeassist.select.SelectionOnFieldReference.java,2.0,2,2,0.0,0,0
org.eclipse.jdt.internal.codeassist.select.SelectionOnFieldType.java,1.0,1,1,0.0,0,0
org.eclipse.jdt.internal.codeassist.select.SelectionOnImportReference.java,1.0,1,1,0.0,0,0
org.eclipse.jdt.internal.codeassist.select.SelectionOnLocalName.java,2.0,2,2,0.0,0,0
org.eclipse.jdt.internal.codeassist.select.SelectionOnMessageSend.java,2.0,2,2,0.0,0,0
org.eclipse.jdt.internal.codeassist.select.SelectionOnPackageReference.java,1.0,1,1,0.0,0,0
org.eclipse.jdt.internal.codeassist.select.SelectionOnQualifiedAllocationExpression.java,2.0,2,2,0.0,0,0
org.eclipse.jdt.internal.codeassist.select.SelectionOnQualifiedNameReference.java,2.0,2,2,0.0,0,0
org.eclipse.jdt.internal.codeassist.select.SelectionOnQualifiedSuperReference.java,2.0,2,2,0.0,0,0
org.eclipse.jdt.internal.codeassist.select.SelectionOnQualifiedTypeReference.java,3.0,3,3,0.0,0,0
org.eclipse.jdt.internal.codeassist.select.SelectionOnSingleNameReference.java,2.0,2,2,0.0,0,0
org.eclipse.jdt.internal.codeassist.select.SelectionOnSingleTypeReference.java,4.0,4,4,0.0,0,0
org.eclipse.jdt.internal.codeassist.select.SelectionOnSuperReference.java,2.0,2,2,0.0,0,0
org.eclipse.jdt.internal.codeassist.select.SelectionParser.java,33.0,33,33,0.0,0,0
org.eclipse.jdt.internal.codeassist.select.SelectionScanner.java,2.0,2,2,0.0,0,0
org.eclipse.jdt.internal.codeassist.SelectionEngine.java,13.0,13,13,0.0,0,0
org.eclipse.jdt.internal.compiler.AbstractSyntaxTreeVisitorAdapter.java,151.0,151,151,0.0,0,0
org.eclipse.jdt.internal.compiler.ast.AbstractMethodDeclaration.java,23.0,23,23,0.0,0,0
org.eclipse.jdt.internal.compiler.ast.AbstractVariableDeclaration.java,2.0,2,2,0.0,0,0
org.eclipse.jdt.internal.compiler.ast.AllocationExpression.java,13.0,13,13,0.0,0,0
org.eclipse.jdt.internal.compiler.ast.AND_AND_Expression.java,5.0,5,5,0.0,0,0
org.eclipse.jdt.internal.compiler.ast.AnonymousLocalTypeDeclaration.java,4.0,4,4,0.0,0,0
org.eclipse.jdt.internal.compiler.ast.Argument.java,4.0,4,4,0.0,0,0
org.eclipse.jdt.internal.compiler.ast.ArrayAllocationExpression.java,5.0,5,5,0.0,0,0
org.eclipse.jdt.internal.compiler.ast.ArrayInitializer.java,5.0,5,5,0.0,0,0
org.eclipse.jdt.internal.compiler.ast.ArrayQualifiedTypeReference.java,5.0,5,5,0.0,0,0
org.eclipse.jdt.internal.compiler.ast.ArrayReference.java,9.0,9,9,0.0,0,0
org.eclipse.jdt.internal.compiler.ast.ArrayTypeReference.java,4.0,4,4,0.0,0,0
org.eclipse.jdt.internal.compiler.ast.AssertStatement.java,6.0,6,6,0.0,0,0
org.eclipse.jdt.internal.compiler.ast.Assignment.java,7.0,7,7,0.0,0,0
org.eclipse.jdt.internal.compiler.ast.AstNode.java,12.0,12,12,2.0,2,2
org.eclipse.jdt.internal.compiler.ast.BinaryExpression.java,19.0,19,19,0.0,0,0
org.eclipse.jdt.internal.compiler.ast.Block.java,9.0,9,9,1.0,1,1
org.eclipse.jdt.internal.compiler.ast.BranchStatement.java,2.0,2,2,0.0,0,0
org.eclipse.jdt.internal.compiler.ast.Break.java,3.0,3,3,0.0,0,0
org.eclipse.jdt.internal.compiler.ast.Case.java,6.0,6,6,0.0,0,0
org.eclipse.jdt.internal.compiler.ast.CastExpression.java,6.0,6,6,0.0,0,0
org.eclipse.jdt.internal.compiler.ast.CharLiteral.java,5.0,5,5,0.0,0,0
org.eclipse.jdt.internal.compiler.ast.ClassLiteralAccess.java,5.0,5,5,0.0,0,0
org.eclipse.jdt.internal.compiler.ast.Clinit.java,11.0,11,11,0.0,0,0
org.eclipse.jdt.internal.compiler.ast.CompilationUnitDeclaration.java,17.0,17,17,0.0,0,0
org.eclipse.jdt.internal.compiler.ast.CompoundAssignment.java,7.0,7,7,0.0,0,0
org.eclipse.jdt.internal.compiler.ast.ConditionalExpression.java,6.0,6,6,0.0,0,0
org.eclipse.jdt.internal.compiler.ast.ConstructorDeclaration.java,10.0,10,10,0.0,0,0
org.eclipse.jdt.internal.compiler.ast.Continue.java,3.0,3,3,0.0,0,0
org.eclipse.jdt.internal.compiler.ast.DefaultCase.java,5.0,5,5,0.0,0,0
org.eclipse.jdt.internal.compiler.ast.DoStatement.java,6.0,6,6,0.0,0,0
org.eclipse.jdt.internal.compiler.ast.DoubleLiteral.java,4.0,4,4,0.0,0,0
org.eclipse.jdt.internal.compiler.ast.EmptyStatement.java,3.0,3,3,0.0,0,0
org.eclipse.jdt.internal.compiler.ast.EqualExpression.java,10.0,10,10,0.0,0,0
org.eclipse.jdt.internal.compiler.ast.ExplicitConstructorCall.java,13.0,13,13,0.0,0,0
org.eclipse.jdt.internal.compiler.ast.Expression.java,18.0,18,18,1.0,1,1
org.eclipse.jdt.internal.compiler.ast.ExtendedStringLiteral.java,4.0,4,4,0.0,0,0
org.eclipse.jdt.internal.compiler.ast.FalseLiteral.java,6.0,6,6,0.0,0,0
org.eclipse.jdt.internal.compiler.ast.FieldDeclaration.java,8.0,8,8,0.0,0,0
org.eclipse.jdt.internal.compiler.ast.FieldReference.java,18.0,18,18,1.0,1,1
org.eclipse.jdt.internal.compiler.ast.FloatLiteral.java,4.0,4,4,0.0,0,0
org.eclipse.jdt.internal.compiler.ast.ForStatement.java,6.0,6,6,0.0,0,0
org.eclipse.jdt.internal.compiler.ast.IfStatement.java,5.0,5,5,0.0,0,0
org.eclipse.jdt.internal.compiler.ast.ImportReference.java,4.0,4,4,0.0,0,0
org.eclipse.jdt.internal.compiler.ast.Initializer.java,8.0,8,8,0.0,0,0
org.eclipse.jdt.internal.compiler.ast.InnerTypeDeclaration.java,0.0,0,0,0.0,0,0
org.eclipse.jdt.internal.compiler.ast.InstanceOfExpression.java,6.0,6,6,0.0,0,0
org.eclipse.jdt.internal.compiler.ast.IntLiteral.java,7.0,7,7,0.0,0,0
org.eclipse.jdt.internal.compiler.ast.IntLiteralMinValue.java,1.0,1,1,0.0,0,0
org.eclipse.jdt.internal.compiler.ast.LabeledStatement.java,7.0,7,7,0.0,0,0
org.eclipse.jdt.internal.compiler.ast.Literal.java,4.0,4,4,0.0,0,0
org.eclipse.jdt.internal.compiler.ast.LocalDeclaration.java,6.0,6,6,0.0,0,0
org.eclipse.jdt.internal.compiler.ast.LocalTypeDeclaration.java,1.0,1,1,0.0,0,0
org.eclipse.jdt.internal.compiler.ast.LongLiteral.java,6.0,6,6,0.0,0,0
org.eclipse.jdt.internal.compiler.ast.LongLiteralMinValue.java,1.0,1,1,0.0,0,0
org.eclipse.jdt.internal.compiler.ast.MagicLiteral.java,3.0,3,3,0.0,0,0
org.eclipse.jdt.internal.compiler.ast.MemberTypeDeclaration.java,1.0,1,1,0.0,0,0
org.eclipse.jdt.internal.compiler.ast.MessageSend.java,12.0,12,12,0.0,0,0
org.eclipse.jdt.internal.compiler.ast.MethodDeclaration.java,4.0,4,4,0.0,0,0
org.eclipse.jdt.internal.compiler.ast.NameReference.java,8.0,8,8,0.0,0,0
org.eclipse.jdt.internal.compiler.ast.NullLiteral.java,5.0,5,5,0.0,0,0
org.eclipse.jdt.internal.compiler.ast.NumberLiteral.java,3.0,3,3,0.0,0,0
org.eclipse.jdt.internal.compiler.ast.OperatorExpression.java,4.5,6,9,10.0,20,20
org.eclipse.jdt.internal.compiler.ast.OperatorIds.java,1,0,0,1,0,0
org.eclipse.jdt.internal.compiler.ast.OR_OR_Expression.java,5.0,5,5,0.0,0,0
org.eclipse.jdt.internal.compiler.ast.PostfixExpression.java,5.0,5,5,0.0,0,0
org.eclipse.jdt.internal.compiler.ast.PrefixExpression.java,4.0,4,4,0.0,0,0
org.eclipse.jdt.internal.compiler.ast.QualifiedAllocationExpression.java,8.0,8,8,0.0,0,0
org.eclipse.jdt.internal.compiler.ast.QualifiedNameReference.java,20.0,20,20,0.0,0,0
org.eclipse.jdt.internal.compiler.ast.QualifiedSuperReference.java,5.0,5,5,0.0,0,0
org.eclipse.jdt.internal.compiler.ast.QualifiedThisReference.java,8.0,8,8,0.0,0,0
org.eclipse.jdt.internal.compiler.ast.QualifiedTypeReference.java,6.0,6,6,0.0,0,0
org.eclipse.jdt.internal.compiler.ast.Reference.java,7.0,7,7,0.0,0,0
org.eclipse.jdt.internal.compiler.ast.ReturnStatement.java,9.0,9,9,0.0,0,0
org.eclipse.jdt.internal.compiler.ast.SingleNameReference.java,18.0,18,18,0.0,0,0
org.eclipse.jdt.internal.compiler.ast.SingleTypeReference.java,7.0,7,7,0.0,0,0
org.eclipse.jdt.internal.compiler.ast.Statement.java,8.0,8,8,0.0,0,0
org.eclipse.jdt.internal.compiler.ast.StringLiteral.java,8.0,8,8,0.0,0,0
org.eclipse.jdt.internal.compiler.ast.SuperReference.java,5.0,5,5,1.0,1,1
org.eclipse.jdt.internal.compiler.ast.SwitchStatement.java,7.0,7,7,0.0,0,0
org.eclipse.jdt.internal.compiler.ast.SynchronizedStatement.java,5.0,5,5,0.0,0,0
org.eclipse.jdt.internal.compiler.ast.ThisReference.java,6.0,6,6,0.0,0,0
org.eclipse.jdt.internal.compiler.ast.ThrowStatement.java,5.0,5,5,0.0,0,0
org.eclipse.jdt.internal.compiler.ast.TrueLiteral.java,6.0,6,6,0.0,0,0
org.eclipse.jdt.internal.compiler.ast.TryStatement.java,6.0,6,6,0.0,0,0
org.eclipse.jdt.internal.compiler.ast.TypeDeclaration.java,32.0,32,32,0.0,0,0
org.eclipse.jdt.internal.compiler.ast.TypeReference.java,8.0,8,8,1.0,1,1
org.eclipse.jdt.internal.compiler.ast.UnaryExpression.java,7.0,7,7,0.0,0,0
org.eclipse.jdt.internal.compiler.ast.WhileStatement.java,6.0,6,6,0.0,0,0
org.eclipse.jdt.internal.compiler.batch.ClasspathDirectory.java,6.0,6,6,0.0,0,0
org.eclipse.jdt.internal.compiler.batch.ClasspathJar.java,4.0,4,4,0.0,0,0
org.eclipse.jdt.internal.compiler.batch.CompilationUnit.java,5.0,5,5,0.0,0,0
org.eclipse.jdt.internal.compiler.batch.FileFinder.java,2.0,2,2,0.0,0,0
org.eclipse.jdt.internal.compiler.batch.FileSystem.java,10.0,10,10,0.0,0,0
org.eclipse.jdt.internal.compiler.batch.Main.java,15.0,15,15,9.0,9,9
org.eclipse.jdt.internal.compiler.ClassFile.java,38.0,38,38,4.0,4,4
org.eclipse.jdt.internal.compiler.classfmt.ClassFileConstants.java,1,0,0,1,0,0
org.eclipse.jdt.internal.compiler.classfmt.ClassFileReader.java,30.0,30,30,6.0,6,6
org.eclipse.jdt.internal.compiler.classfmt.ClassFileStruct.java,12.0,12,12,2.0,2,2
org.eclipse.jdt.internal.compiler.classfmt.ClassFormatException.java,1.0,1,1,0.0,0,0
org.eclipse.jdt.internal.compiler.classfmt.FieldInfo.java,15.0,15,15,0.0,0,0
org.eclipse.jdt.internal.compiler.classfmt.InnerClassInfo.java,7.0,7,7,0.0,0,0
org.eclipse.jdt.internal.compiler.classfmt.MethodInfo.java,15.0,15,15,0.0,0,0
org.eclipse.jdt.internal.compiler.codegen.AttributeNamesConstants.java,1,0,0,1,0,0
org.eclipse.jdt.internal.compiler.codegen.CaseLabel.java,5.0,5,5,0.0,0,0
org.eclipse.jdt.internal.compiler.codegen.CharArrayCache.java,10.0,10,10,0.0,0,0
org.eclipse.jdt.internal.compiler.codegen.CodeStream.java,296.0,296,296,4.0,4,4
org.eclipse.jdt.internal.compiler.codegen.ConstantPool.java,71.0,71,71,0.0,0,0
org.eclipse.jdt.internal.compiler.codegen.DoubleCache.java,5.0,5,5,0.0,0,0
org.eclipse.jdt.internal.compiler.codegen.ExceptionLabel.java,3.0,3,3,0.0,0,0
org.eclipse.jdt.internal.compiler.codegen.FieldNameAndTypeCache.java,9.0,9,9,0.0,0,0
org.eclipse.jdt.internal.compiler.codegen.FloatCache.java,5.0,5,5,0.0,0,0
org.eclipse.jdt.internal.compiler.codegen.IntegerCache.java,8.0,8,8,0.0,0,0
org.eclipse.jdt.internal.compiler.codegen.Label.java,10.0,10,10,0.0,0,0
org.eclipse.jdt.internal.compiler.codegen.LongCache.java,8.0,8,8,0.0,0,0
org.eclipse.jdt.internal.compiler.codegen.MethodNameAndTypeCache.java,9.0,9,9,0.0,0,0
org.eclipse.jdt.internal.compiler.codegen.ObjectCache.java,8.0,8,8,0.0,0,0
org.eclipse.jdt.internal.compiler.codegen.Opcodes.java,1,0,0,1,0,0
org.eclipse.jdt.internal.compiler.codegen.QualifiedNamesConstants.java,1,0,0,1,0,0
org.eclipse.jdt.internal.compiler.codegen.ResetStateForCodeGenerationVisitor.java,6.0,6,6,0.0,0,0
org.eclipse.jdt.internal.compiler.Compiler.java,14.0,14,14,0.0,0,0
org.eclipse.jdt.internal.compiler.ConfigurableOption.java,11.0,11,11,0.0,0,0
org.eclipse.jdt.internal.compiler.DefaultErrorHandlingPolicies.java,8.0,8,8,4.0,4,4
org.eclipse.jdt.internal.compiler.DocumentElementParser.java,54.0,54,54,0.0,0,0
org.eclipse.jdt.internal.compiler.env.IBinaryField.java,1,0,0,1,0,0
org.eclipse.jdt.internal.compiler.env.IBinaryMethod.java,1,0,0,1,0,0
org.eclipse.jdt.internal.compiler.env.IBinaryNestedType.java,1,0,0,1,0,0
org.eclipse.jdt.internal.compiler.env.IBinaryType.java,1,0,0,1,0,0
org.eclipse.jdt.internal.compiler.env.ICompilationUnit.java,1,0,0,1,0,0
org.eclipse.jdt.internal.compiler.env.IConstants.java,1,0,0,1,0,0
org.eclipse.jdt.internal.compiler.env.IDependent.java,1,0,0,1,0,0
org.eclipse.jdt.internal.compiler.env.IGenericField.java,1,0,0,1,0,0
org.eclipse.jdt.internal.compiler.env.IGenericMethod.java,1,0,0,1,0,0
org.eclipse.jdt.internal.compiler.env.IGenericType.java,1,0,0,1,0,0
org.eclipse.jdt.internal.compiler.env.INameEnvironment.java,1,0,0,1,0,0
org.eclipse.jdt.internal.compiler.env.ISourceField.java,1,0,0,1,0,0
org.eclipse.jdt.internal.compiler.env.ISourceMethod.java,1,0,0,1,0,0
org.eclipse.jdt.internal.compiler.env.ISourceType.java,1,0,0,1,0,0
org.eclipse.jdt.internal.compiler.env.NameEnvironmentAnswer.java,6.0,6,6,0.0,0,0
org.eclipse.jdt.internal.compiler.flow.ConditionalFlowInfo.java,19.0,19,19,0.0,0,0
org.eclipse.jdt.internal.compiler.flow.ExceptionHandlingFlowContext.java,6.0,6,6,0.0,0,0
org.eclipse.jdt.internal.compiler.flow.FinallyFlowContext.java,3.0,3,3,0.0,0,0
org.eclipse.jdt.internal.compiler.flow.FlowContext.java,23.0,23,23,0.0,0,0
org.eclipse.jdt.internal.compiler.flow.FlowInfo.java,21.0,21,21,2.0,2,2
org.eclipse.jdt.internal.compiler.flow.InitializationFlowContext.java,2.0,2,2,0.0,0,0
org.eclipse.jdt.internal.compiler.flow.InsideSubRoutineFlowContext.java,3.0,3,3,0.0,0,0
org.eclipse.jdt.internal.compiler.flow.LabelFlowContext.java,3.0,3,3,0.0,0,0
org.eclipse.jdt.internal.compiler.flow.LoopingFlowContext.java,8.0,8,8,0.0,0,0
org.eclipse.jdt.internal.compiler.flow.SwitchFlowContext.java,4.0,4,4,0.0,0,0
org.eclipse.jdt.internal.compiler.flow.UnconditionalFlowInfo.java,23.0,23,23,1.0,1,1
org.eclipse.jdt.internal.compiler.IAbstractSyntaxTreeVisitor.java,1,0,0,1,0,0
org.eclipse.jdt.internal.compiler.ICompilerRequestor.java,1,0,0,1,0,0
org.eclipse.jdt.internal.compiler.IDebugRequestor.java,1,0,0,1,0,0
org.eclipse.jdt.internal.compiler.IDocumentElementRequestor.java,1,0,0,1,0,0
org.eclipse.jdt.internal.compiler.IErrorHandlingPolicy.java,1,0,0,1,0,0
org.eclipse.jdt.internal.compiler.impl.BooleanConstant.java,4.0,4,4,0.0,0,0
org.eclipse.jdt.internal.compiler.impl.ByteConstant.java,10.0,10,10,0.0,0,0
org.eclipse.jdt.internal.compiler.impl.CharConstant.java,10.0,10,10,0.0,0,0
org.eclipse.jdt.internal.compiler.impl.CompilerOptions.java,5.0,5,5,0.0,0,0
org.eclipse.jdt.internal.compiler.impl.Constant.java,13.0,13,13,29.0,29,29
org.eclipse.jdt.internal.compiler.impl.DoubleConstant.java,10.0,10,10,0.0,0,0
org.eclipse.jdt.internal.compiler.impl.FloatConstant.java,10.0,10,10,0.0,0,0
org.eclipse.jdt.internal.compiler.impl.IntConstant.java,10.0,10,10,0.0,0,0
org.eclipse.jdt.internal.compiler.impl.ITypeRequestor.java,1,0,0,1,0,0
org.eclipse.jdt.internal.compiler.impl.LongConstant.java,10.0,10,10,0.0,0,0
org.eclipse.jdt.internal.compiler.impl.NullConstant.java,3.0,3,3,0.0,0,0
org.eclipse.jdt.internal.compiler.impl.ReferenceContext.java,1,0,0,1,0,0
org.eclipse.jdt.internal.compiler.impl.ShortConstant.java,10.0,10,10,0.0,0,0
org.eclipse.jdt.internal.compiler.impl.StringConstant.java,4.0,4,4,0.0,0,0
org.eclipse.jdt.internal.compiler.IProblemFactory.java,1,0,0,1,0,0
org.eclipse.jdt.internal.compiler.ISourceElementRequestor.java,1,0,0,1,0,0
org.eclipse.jdt.internal.compiler.lookup.ArrayBinding.java,11.0,11,11,0.0,0,0
org.eclipse.jdt.internal.compiler.lookup.BaseTypeBinding.java,7.0,7,7,2.0,2,2
org.eclipse.jdt.internal.compiler.lookup.BaseTypes.java,1,0,0,1,0,0
org.eclipse.jdt.internal.compiler.lookup.BinaryTypeBinding.java,20.0,20,20,0.0,0,0
org.eclipse.jdt.internal.compiler.lookup.Binding.java,4.0,4,4,0.0,0,0
org.eclipse.jdt.internal.compiler.lookup.BindingIds.java,1,0,0,1,0,0
org.eclipse.jdt.internal.compiler.lookup.BlockScope.java,30.0,30,30,0.0,0,0
org.eclipse.jdt.internal.compiler.lookup.ClassScope.java,20.0,20,20,0.0,0,0
org.eclipse.jdt.internal.compiler.lookup.CompilationUnitScope.java,18.0,18,18,0.0,0,0
org.eclipse.jdt.internal.compiler.lookup.CompilerModifiers.java,1,0,0,1,0,0
org.eclipse.jdt.internal.compiler.lookup.FieldBinding.java,13.0,13,13,0.0,0,0
org.eclipse.jdt.internal.compiler.lookup.ImportBinding.java,3.0,3,3,0.0,0,0
org.eclipse.jdt.internal.compiler.lookup.InnerEmulationDependency.java,0.0,0,0,0.0,0,0
org.eclipse.jdt.internal.compiler.lookup.InvocationSite.java,1,0,0,1,0,0
org.eclipse.jdt.internal.compiler.lookup.LocalTypeBinding.java,8.0,8,8,0.0,0,0
org.eclipse.jdt.internal.compiler.lookup.LocalVariableBinding.java,5.0,5,5,0.0,0,0
org.eclipse.jdt.internal.compiler.lookup.LookupEnvironment.java,23.0,23,23,0.0,0,0
org.eclipse.jdt.internal.compiler.lookup.MemberTypeBinding.java,3.0,3,3,0.0,0,0
org.eclipse.jdt.internal.compiler.lookup.MethodBinding.java,31.0,31,31,0.0,0,0
org.eclipse.jdt.internal.compiler.lookup.MethodScope.java,10.0,10,10,0.0,0,0
org.eclipse.jdt.internal.compiler.lookup.MethodVerifier.java,17.0,17,17,0.0,0,0
org.eclipse.jdt.internal.compiler.lookup.NestedTypeBinding.java,12.0,12,12,0.0,0,0
org.eclipse.jdt.internal.compiler.lookup.PackageBinding.java,13.0,13,13,0.0,0,0
org.eclipse.jdt.internal.compiler.lookup.ProblemBinding.java,3.0,3,3,0.0,0,0
org.eclipse.jdt.internal.compiler.lookup.ProblemFieldBinding.java,1.0,1,1,0.0,0,0
org.eclipse.jdt.internal.compiler.lookup.ProblemMethodBinding.java,1.0,1,1,0.0,0,0
org.eclipse.jdt.internal.compiler.lookup.ProblemPackageBinding.java,1.0,1,1,0.0,0,0
org.eclipse.jdt.internal.compiler.lookup.ProblemReasons.java,1,0,0,1,0,0
org.eclipse.jdt.internal.compiler.lookup.ProblemReferenceBinding.java,1.0,1,1,0.0,0,0
org.eclipse.jdt.internal.compiler.lookup.ReferenceBinding.java,53.0,53,53,0.0,0,0
org.eclipse.jdt.internal.compiler.lookup.Scope.java,43.0,43,43,2.0,2,2
org.eclipse.jdt.internal.compiler.lookup.SyntheticAccessMethodBinding.java,3.0,3,3,0.0,0,0
org.eclipse.jdt.internal.compiler.lookup.SyntheticArgumentBinding.java,0.0,0,0,0.0,0,0
org.eclipse.jdt.internal.compiler.lookup.SyntheticFieldBinding.java,0.0,0,0,0.0,0,0
org.eclipse.jdt.internal.compiler.lookup.TagBits.java,1,0,0,1,0,0
org.eclipse.jdt.internal.compiler.lookup.TypeBinding.java,17.0,17,17,0.0,0,0
org.eclipse.jdt.internal.compiler.lookup.TypeConstants.java,1,0,0,1,0,0
org.eclipse.jdt.internal.compiler.lookup.TypeIds.java,1,0,0,1,0,0
org.eclipse.jdt.internal.compiler.lookup.UnresolvedReferenceBinding.java,3.0,3,3,0.0,0,0
org.eclipse.jdt.internal.compiler.lookup.VariableBinding.java,4.0,4,4,0.0,0,0
org.eclipse.jdt.internal.compiler.parser.NLSLine.java,7.0,7,7,0.0,0,0
org.eclipse.jdt.internal.compiler.parser.Parser.java,235.0,235,235,11.0,11,11
org.eclipse.jdt.internal.compiler.parser.ParserBasicInformation.java,1,0,0,1,0,0
org.eclipse.jdt.internal.compiler.parser.RecoveredBlock.java,17.0,17,17,0.0,0,0
org.eclipse.jdt.internal.compiler.parser.RecoveredElement.java,27.0,27,27,0.0,0,0
org.eclipse.jdt.internal.compiler.parser.RecoveredField.java,10.0,10,10,0.0,0,0
org.eclipse.jdt.internal.compiler.parser.RecoveredImport.java,6.0,6,6,0.0,0,0
org.eclipse.jdt.internal.compiler.parser.RecoveredInitializer.java,10.0,10,10,0.0,0,0
org.eclipse.jdt.internal.compiler.parser.RecoveredLocalVariable.java,8.0,8,8,0.0,0,0
org.eclipse.jdt.internal.compiler.parser.RecoveredMethod.java,15.0,15,15,0.0,0,0
org.eclipse.jdt.internal.compiler.parser.RecoveredStatement.java,6.0,6,6,0.0,0,0
org.eclipse.jdt.internal.compiler.parser.RecoveredType.java,19.0,19,19,0.0,0,0
org.eclipse.jdt.internal.compiler.parser.RecoveredUnit.java,10.0,10,10,0.0,0,0
org.eclipse.jdt.internal.compiler.parser.Scanner.java,38.0,38,38,0.0,0,0
org.eclipse.jdt.internal.compiler.parser.SourceConstructorDeclaration.java,0.0,0,0,0.0,0,0
org.eclipse.jdt.internal.compiler.parser.SourceFieldDeclaration.java,0.0,0,0,0.0,0,0
org.eclipse.jdt.internal.compiler.parser.SourceMethodDeclaration.java,0.0,0,0,0.0,0,0
org.eclipse.jdt.internal.compiler.parser.SourceTypeConverter.java,0.0,0,0,6.0,6,6
org.eclipse.jdt.internal.compiler.problem.AbortCompilation.java,0.0,0,0,0.0,0,0
org.eclipse.jdt.internal.compiler.problem.AbortCompilationUnit.java,0.0,0,0,0.0,0,0
org.eclipse.jdt.internal.compiler.problem.AbortMethod.java,0.0,0,0,0.0,0,0
org.eclipse.jdt.internal.compiler.problem.AbortType.java,0.0,0,0,0.0,0,0
org.eclipse.jdt.internal.compiler.problem.DefaultProblem.java,14.0,14,14,0.0,0,0
org.eclipse.jdt.internal.compiler.problem.DefaultProblemFactory.java,4.0,4,4,1.0,1,1
org.eclipse.jdt.internal.compiler.problem.ProblemHandler.java,5.0,5,5,1.0,1,1
org.eclipse.jdt.internal.compiler.problem.ProblemReporter.java,191.0,191,191,0.0,0,0
org.eclipse.jdt.internal.compiler.problem.ProblemSeverities.java,1,0,0,1,0,0
org.eclipse.jdt.internal.compiler.problem.ShouldNotImplement.java,0.0,0,0,0.0,0,0
org.eclipse.jdt.internal.compiler.SourceElementParser.java,21.5,40,43,0.5,1,1
org.eclipse.jdt.internal.compiler.SourceElementRequestorAdapter.java,25.0,25,25,0.0,0,0
org.eclipse.jdt.internal.compiler.util.CharOperation.java,0.0,0,0,43.0,43,43
org.eclipse.jdt.internal.compiler.util.CompoundNameVector.java,7.0,7,7,0.0,0,0
org.eclipse.jdt.internal.compiler.util.HashtableOfInt.java,6.0,6,6,0.0,0,0
org.eclipse.jdt.internal.compiler.util.HashtableOfObject.java,8.0,8,8,0.0,0,0
org.eclipse.jdt.internal.compiler.util.HashtableOfPackage.java,6.0,6,6,0.0,0,0
org.eclipse.jdt.internal.compiler.util.HashtableOfType.java,6.0,6,6,0.0,0,0
org.eclipse.jdt.internal.compiler.util.ObjectVector.java,13.0,13,13,0.0,0,0
org.eclipse.jdt.internal.compiler.util.SimpleNameVector.java,9.0,9,9,0.0,0,0
org.eclipse.jdt.internal.compiler.util.Util.java,0.0,0,0,14.0,14,14
org.eclipse.jdt.internal.core.Assert.java,0.0,0,0,3.0,6,6
org.eclipse.jdt.internal.core.BasicCompilationUnit.java,5.0,5,5,0.0,0,0
org.eclipse.jdt.internal.core.BinaryField.java,5.0,5,5,0.0,0,0
org.eclipse.jdt.internal.core.BinaryMember.java,9.0,9,9,0.0,0,0
org.eclipse.jdt.internal.core.BinaryMethod.java,10.5,18,21,0.0,0,0
org.eclipse.jdt.internal.core.BinaryType.java,41.0,41,41,0.0,0,0
org.eclipse.jdt.internal.core.Buffer.java,26.0,26,26,0.0,0,0
org.eclipse.jdt.internal.core.BufferCache.java,2.0,2,2,0.0,0,0
org.eclipse.jdt.internal.core.BufferManager.java,6.0,6,6,1.0,1,1
org.eclipse.jdt.internal.core.builder.AbortIncrementalBuildException.java,0.0,0,0,0.0,0,0
org.eclipse.jdt.internal.core.builder.AbstractImageBuilder.java,15.0,15,15,0.0,0,0
org.eclipse.jdt.internal.core.builder.AdditionalTypeCollection.java,0.0,0,0,0.0,0,0
org.eclipse.jdt.internal.core.builder.BatchImageBuilder.java,8.0,8,8,0.0,0,0
org.eclipse.jdt.internal.core.builder.BuildNotifier.java,14.0,14,14,0.0,0,0
org.eclipse.jdt.internal.core.builder.ClasspathDirectory.java,8.0,8,8,0.0,0,0
org.eclipse.jdt.internal.core.builder.ClasspathJar.java,5.0,5,5,0.0,0,0
org.eclipse.jdt.internal.core.builder.ClasspathLocation.java,4.0,4,4,3.0,3,3
org.eclipse.jdt.internal.core.builder.ClasspathMultiDirectory.java,3.0,3,3,0.0,0,0
org.eclipse.jdt.internal.core.builder.ImageBuilderInternalException.java,2.0,2,2,0.0,0,0
org.eclipse.jdt.internal.core.builder.IncrementalImageBuilder.java,15.0,15,15,0.0,0,0
org.eclipse.jdt.internal.core.builder.JavaBuilder.java,17.0,17,17,4.0,4,4
org.eclipse.jdt.internal.core.builder.MissingClassFileException.java,0.0,0,0,0.0,0,0
org.eclipse.jdt.internal.core.builder.MissingSourceFileException.java,0.0,0,0,0.0,0,0
org.eclipse.jdt.internal.core.builder.NameEnvironment.java,9.0,9,9,1.0,1,1
org.eclipse.jdt.internal.core.builder.ProblemFactory.java,0.0,0,0,1.0,1,1
org.eclipse.jdt.internal.core.builder.ReferenceCollection.java,3.0,3,3,4.0,4,4
org.eclipse.jdt.internal.core.builder.SimpleLookupTable.java,8.0,8,8,0.0,0,0
org.eclipse.jdt.internal.core.builder.SourceFile.java,5.0,5,5,0.0,0,0
org.eclipse.jdt.internal.core.builder.State.java,17.0,17,17,2.0,2,2
org.eclipse.jdt.internal.core.builder.WorkQueue.java,7.0,7,7,0.0,0,0
org.eclipse.jdt.internal.core.ClassFile.java,38.0,38,38,4.0,4,4
org.eclipse.jdt.internal.core.ClassFileInfo.java,7.0,7,7,0.0,0,0
org.eclipse.jdt.internal.core.ClassFileWorkingCopy.java,62.0,62,62,0.0,0,0
org.eclipse.jdt.internal.core.ClasspathEntry.java,11.0,11,11,0.0,0,0
org.eclipse.jdt.internal.core.CommitWorkingCopyOperation.java,4.0,4,4,0.0,0,0
org.eclipse.jdt.internal.core.CompilationUnit.java,79.0,79,79,0.0,0,0
org.eclipse.jdt.internal.core.CompilationUnitElementInfo.java,3.0,3,3,0.0,0,0
org.eclipse.jdt.internal.core.CompilationUnitProblemFinder.java,3.0,3,3,5.0,5,5
org.eclipse.jdt.internal.core.CompilationUnitStructureRequestor.java,22.0,22,22,1.0,1,1
org.eclipse.jdt.internal.core.CompilationUnitVisitor.java,5.0,5,5,5.0,5,5
org.eclipse.jdt.internal.core.CompletionRequestorWrapper.java,16.0,16,16,0.0,0,0
org.eclipse.jdt.internal.core.CopyElementsOperation.java,8.0,8,8,0.0,0,0
org.eclipse.jdt.internal.core.CreateCompilationUnitOperation.java,3.0,3,3,0.0,0,0
org.eclipse.jdt.internal.core.CreateElementInCUOperation.java,17.0,17,17,0.0,0,0
org.eclipse.jdt.internal.core.CreateFieldOperation.java,5.0,5,5,0.0,0,0
org.eclipse.jdt.internal.core.CreateImportOperation.java,5.0,5,5,0.0,0,0
org.eclipse.jdt.internal.core.CreateInitializerOperation.java,4.0,4,4,0.0,0,0
org.eclipse.jdt.internal.core.CreateMethodOperation.java,5.0,5,5,0.0,0,0
org.eclipse.jdt.internal.core.CreatePackageDeclarationOperation.java,5.0,5,5,0.0,0,0
org.eclipse.jdt.internal.core.CreatePackageFragmentOperation.java,2.0,2,2,0.0,0,0
org.eclipse.jdt.internal.core.CreateTypeHierarchyOperation.java,4.0,4,4,0.0,0,0
org.eclipse.jdt.internal.core.CreateTypeMemberOperation.java,6.0,6,6,0.0,0,0
org.eclipse.jdt.internal.core.CreateTypeOperation.java,5.0,5,5,0.0,0,0
org.eclipse.jdt.internal.core.DeleteElementsOperation.java,5.0,5,5,0.0,0,0
org.eclipse.jdt.internal.core.DeleteResourceElementsOperation.java,4.0,4,4,0.0,0,0
org.eclipse.jdt.internal.core.DeltaProcessor.java,30.0,30,30,2.0,2,2
org.eclipse.jdt.internal.core.ElementCache.java,2.0,2,2,0.0,0,0
org.eclipse.jdt.internal.core.eval.EvaluationContextWrapper.java,35.0,35,35,0.0,0,0
org.eclipse.jdt.internal.core.eval.GlobalVariableWrapper.java,3.0,3,3,0.0,0,0
org.eclipse.jdt.internal.core.eval.RequestorWrapper.java,2.0,2,2,0.0,0,0
org.eclipse.jdt.internal.core.FailedReconciliationException.java,0.0,0,0,0.0,0,0
org.eclipse.jdt.internal.core.HandleFactory.java,3.0,3,3,0.0,0,0
org.eclipse.jdt.internal.core.hierarchy.HierarchyBinaryType.java,18.0,18,18,0.0,0,0
org.eclipse.jdt.internal.core.hierarchy.HierarchyBuilder.java,16.0,16,16,0.0,0,0
org.eclipse.jdt.internal.core.hierarchy.HierarchyResolver.java,14.0,22,28,0.0,0,0
org.eclipse.jdt.internal.core.hierarchy.HierarchyType.java,5.0,5,5,0.0,0,0
org.eclipse.jdt.internal.core.hierarchy.IHierarchyRequestor.java,1,0,0,1,0,0
org.eclipse.jdt.internal.core.hierarchy.IndexBasedHierarchyBuilder.java,6.0,14,18,0.3333333333333333,1,1
org.eclipse.jdt.internal.core.hierarchy.RegionBasedHierarchyBuilder.java,9.0,9,9,0.0,0,0
org.eclipse.jdt.internal.core.hierarchy.RegionBasedTypeHierarchy.java,8.0,8,8,0.0,0,0
org.eclipse.jdt.internal.core.hierarchy.TypeHierarchy.java,69.0,69,69,0.0,0,0
org.eclipse.jdt.internal.core.IJavaElementRequestor.java,1,0,0,1,0,0
org.eclipse.jdt.internal.core.ImportContainer.java,7.0,7,7,0.0,0,0
org.eclipse.jdt.internal.core.ImportDeclaration.java,5.0,5,5,0.0,0,0
org.eclipse.jdt.internal.core.index.DocumentFactory.java,0.0,0,0,2.0,2,2
org.eclipse.jdt.internal.core.index.IDocument.java,1,0,0,1,0,0
org.eclipse.jdt.internal.core.index.IEntryResult.java,1,0,0,1,0,0
org.eclipse.jdt.internal.core.index.IIndex.java,1,0,0,1,0,0
org.eclipse.jdt.internal.core.index.IIndexer.java,1,0,0,1,0,0
org.eclipse.jdt.internal.core.index.IIndexerOutput.java,1,0,0,1,0,0
org.eclipse.jdt.internal.core.index.impl.Block.java,4.0,4,4,0.0,0,0
org.eclipse.jdt.internal.core.index.impl.BlocksIndexInput.java,23.0,23,23,0.0,0,0
org.eclipse.jdt.internal.core.index.impl.BlocksIndexOutput.java,8.0,8,8,0.0,0,0
org.eclipse.jdt.internal.core.index.impl.CodeByteStream.java,24.0,24,24,0.0,0,0
org.eclipse.jdt.internal.core.index.impl.EntryResult.java,5.0,5,5,0.0,0,0
org.eclipse.jdt.internal.core.index.impl.Field.java,44.0,44,44,3.0,3,3
org.eclipse.jdt.internal.core.index.impl.FileDocument.java,5.0,5,5,0.0,0,0
org.eclipse.jdt.internal.core.index.impl.FileListBlock.java,7.0,7,7,0.0,0,0
org.eclipse.jdt.internal.core.index.impl.GammaCompressedIndexBlock.java,6.0,6,6,0.0,0,0
org.eclipse.jdt.internal.core.index.impl.ICacheEnumeration.java,1,0,0,1,0,0
org.eclipse.jdt.internal.core.index.impl.IFileDocument.java,5.0,5,5,0.0,0,0
org.eclipse.jdt.internal.core.index.impl.IIndexConstants.java,1,0,0,1,0,0
org.eclipse.jdt.internal.core.index.impl.ILRUCacheable.java,1,0,0,1,0,0
org.eclipse.jdt.internal.core.index.impl.Index.java,19.0,19,19,0.0,0,0
org.eclipse.jdt.internal.core.index.impl.IndexBlock.java,8.0,8,8,0.0,0,0
org.eclipse.jdt.internal.core.index.impl.IndexedFile.java,10.0,10,10,1.0,1,1
org.eclipse.jdt.internal.core.index.impl.IndexedFileHashedArray.java,7.0,7,7,0.0,0,0
org.eclipse.jdt.internal.core.index.impl.IndexerOutput.java,3.0,3,3,0.0,0,0
org.eclipse.jdt.internal.core.index.impl.IndexInput.java,21.0,21,21,0.0,0,0
org.eclipse.jdt.internal.core.index.impl.IndexOutput.java,6.0,6,6,0.0,0,0
org.eclipse.jdt.internal.core.index.impl.IndexSummary.java,6.0,17,18,0.0,0,0
org.eclipse.jdt.internal.core.index.impl.InMemoryIndex.java,16.0,16,16,0.0,0,0
org.eclipse.jdt.internal.core.index.impl.Int.java,0.0,0,0,0.0,0,0
org.eclipse.jdt.internal.core.index.impl.JarFileDocument.java,6.0,6,6,0.0,0,0
org.eclipse.jdt.internal.core.index.impl.JarFileEntryDocument.java,6.0,6,6,0.0,0,0
org.eclipse.jdt.internal.core.index.impl.LRUCache.java,12.5,24,25,0.0,0,0
org.eclipse.jdt.internal.core.index.impl.MergeFactory.java,6.0,6,6,0.0,0,0
org.eclipse.jdt.internal.core.index.impl.PropertyDocument.java,3.0,3,3,0.0,0,0
org.eclipse.jdt.internal.core.index.impl.SafeRandomAccessFile.java,1.0,1,1,0.0,0,0
org.eclipse.jdt.internal.core.index.impl.SimpleIndexBlock.java,6.0,6,6,0.0,0,0
org.eclipse.jdt.internal.core.index.impl.SimpleIndexInput.java,18.0,18,18,0.0,0,0
org.eclipse.jdt.internal.core.index.impl.Util.java,0.0,0,0,16.0,16,16
org.eclipse.jdt.internal.core.index.impl.WordEntry.java,10.0,10,10,0.0,0,0
org.eclipse.jdt.internal.core.index.impl.WordEntryHashedArray.java,5.0,5,5,0.0,0,0
org.eclipse.jdt.internal.core.index.IQueryResult.java,1,0,0,1,0,0
org.eclipse.jdt.internal.core.Initializer.java,7.0,7,7,0.0,0,0
org.eclipse.jdt.internal.core.InitializerElementInfo.java,0.0,0,0,0.0,0,0
org.eclipse.jdt.internal.core.IPathRequestor.java,1,0,0,1,0,0
org.eclipse.jdt.internal.core.JarEntryFile.java,5.0,5,5,0.0,0,0
org.eclipse.jdt.internal.core.JarPackageFragment.java,14.0,14,14,0.0,0,0
org.eclipse.jdt.internal.core.JarPackageFragmentInfo.java,3.0,3,3,0.0,0,0
org.eclipse.jdt.internal.core.JarPackageFragmentRoot.java,32.0,32,32,0.0,0,0
org.eclipse.jdt.internal.core.JarPackageFragmentRootInfo.java,3.0,3,3,0.0,0,0
org.eclipse.jdt.internal.core.JavaElement.java,55.0,55,55,0.0,0,0
org.eclipse.jdt.internal.core.JavaElementDelta.java,35.0,35,35,0.0,0,0
org.eclipse.jdt.internal.core.JavaElementDeltaBuilder.java,11.0,22,22,0.0,0,0
org.eclipse.jdt.internal.core.JavaElementInfo.java,10.0,10,10,0.0,0,0
org.eclipse.jdt.internal.core.JavaElementRequestor.java,15.0,15,15,0.0,0,0
org.eclipse.jdt.internal.core.JavaModel.java,26.0,26,26,2.0,2,2
org.eclipse.jdt.internal.core.JavaModelCache.java,6.0,6,6,0.0,0,0
org.eclipse.jdt.internal.core.JavaModelInfo.java,0.0,0,0,0.0,0,0
org.eclipse.jdt.internal.core.JavaModelManager.java,17.0,50,51,4.333333333333333,13,13
org.eclipse.jdt.internal.core.JavaModelOperation.java,39.0,39,39,0.0,0,0
org.eclipse.jdt.internal.core.JavaModelStatus.java,13.0,13,13,1.0,1,1
org.eclipse.jdt.internal.core.JavaProject.java,85.0,85,85,5.0,5,5
org.eclipse.jdt.internal.core.JavaProjectElementInfo.java,11.0,11,11,0.0,0,0
org.eclipse.jdt.internal.core.jdom.AbstractDOMBuilder.java,10.0,10,10,0.0,0,0
org.eclipse.jdt.internal.core.jdom.CompilationUnit.java,5.0,5,5,0.0,0,0
org.eclipse.jdt.internal.core.jdom.DOMBuilder.java,31.0,31,31,0.0,0,0
org.eclipse.jdt.internal.core.jdom.DOMCompilationUnit.java,14.0,14,14,0.0,0,0
org.eclipse.jdt.internal.core.jdom.DOMField.java,38.0,38,38,0.0,0,0
org.eclipse.jdt.internal.core.jdom.DOMImport.java,9.0,9,9,0.0,0,0
org.eclipse.jdt.internal.core.jdom.DOMInitializer.java,15.0,15,15,0.0,0,0
org.eclipse.jdt.internal.core.jdom.DOMMember.java,20.0,20,20,0.0,0,0
org.eclipse.jdt.internal.core.jdom.DOMMethod.java,34.0,34,34,0.0,0,0
org.eclipse.jdt.internal.core.jdom.DOMNode.java,52.0,52,52,0.0,0,0
org.eclipse.jdt.internal.core.jdom.DOMPackage.java,8.0,8,8,0.0,0,0
org.eclipse.jdt.internal.core.jdom.DOMType.java,31.0,31,31,0.0,0,0
org.eclipse.jdt.internal.core.jdom.ILineStartFinder.java,1,0,0,1,0,0
org.eclipse.jdt.internal.core.jdom.SiblingEnumeration.java,2.0,2,2,0.0,0,0
org.eclipse.jdt.internal.core.jdom.SimpleDOMBuilder.java,21.0,21,21,0.0,0,0
org.eclipse.jdt.internal.core.LRUCacheEnumerator.java,1.0,2,2,0.0,0,0
org.eclipse.jdt.internal.core.Member.java,16.0,16,16,1.0,1,1
org.eclipse.jdt.internal.core.MemberElementInfo.java,8.0,8,8,0.0,0,0
org.eclipse.jdt.internal.core.ModelUpdater.java,7.0,7,7,1.0,1,1
org.eclipse.jdt.internal.core.MoveElementsOperation.java,2.0,2,2,0.0,0,0
org.eclipse.jdt.internal.core.MoveResourceElementsOperation.java,2.0,2,2,0.0,0,0
org.eclipse.jdt.internal.core.MultiOperation.java,17.0,17,17,0.0,0,0
org.eclipse.jdt.internal.core.NameLookup.java,17.0,17,17,0.0,0,0
org.eclipse.jdt.internal.core.NonVoidMethodRequestor.java,1.0,1,1,0.0,0,0
org.eclipse.jdt.internal.core.Openable.java,46.0,46,46,0.0,0,0
org.eclipse.jdt.internal.core.OpenableElementInfo.java,0.0,0,0,0.0,0,0
org.eclipse.jdt.internal.core.OverflowingLRUCache.java,11.0,21,22,0.0,0,0
org.eclipse.jdt.internal.core.PackageDeclaration.java,3.0,3,3,0.0,0,0
org.eclipse.jdt.internal.core.PackageFragment.java,25.0,25,25,0.0,0,0
org.eclipse.jdt.internal.core.PackageFragmentInfo.java,4.0,4,4,0.0,0,0
org.eclipse.jdt.internal.core.PackageFragmentRoot.java,28.0,28,28,0.0,0,0
org.eclipse.jdt.internal.core.PackageFragmentRootInfo.java,6.0,6,6,0.0,0,0
org.eclipse.jdt.internal.core.Region.java,7.0,7,7,0.0,0,0
org.eclipse.jdt.internal.core.RenameElementsOperation.java,4.0,4,4,0.0,0,0
org.eclipse.jdt.internal.core.RenameResourceElementsOperation.java,3.0,3,3,0.0,0,0
org.eclipse.jdt.internal.core.search.AbstractSearchScope.java,5.0,5,5,0.0,0,0
org.eclipse.jdt.internal.core.search.HierarchyScope.java,10.0,10,10,0.0,0,0
org.eclipse.jdt.internal.core.search.IIndexSearchRequestor.java,1,0,0,1,0,0
org.eclipse.jdt.internal.core.search.IInfoConstants.java,1,0,0,1,0,0
org.eclipse.jdt.internal.core.search.indexing.AbstractIndexer.java,15.0,15,15,11.0,11,11
org.eclipse.jdt.internal.core.search.indexing.AddClassFileToIndex.java,5.0,5,5,0.0,0,0
org.eclipse.jdt.internal.core.search.indexing.AddCompilationUnitToIndex.java,5.0,5,5,0.0,0,0
org.eclipse.jdt.internal.core.search.indexing.AddJarFileToIndex.java,5.0,5,5,0.0,0,0
org.eclipse.jdt.internal.core.search.indexing.BinaryIndexer.java,17.0,17,17,0.0,0,0
org.eclipse.jdt.internal.core.search.indexing.IIndexConstants.java,1,0,0,1,0,0
org.eclipse.jdt.internal.core.search.indexing.IndexAllProject.java,6.0,6,6,0.0,0,0
org.eclipse.jdt.internal.core.search.indexing.IndexBinaryFolder.java,6.0,6,6,0.0,0,0
org.eclipse.jdt.internal.core.search.indexing.IndexManager.java,23.0,23,23,0.0,0,0
org.eclipse.jdt.internal.core.search.indexing.IndexRequest.java,1.0,1,1,0.0,0,0
org.eclipse.jdt.internal.core.search.indexing.ReadWriteMonitor.java,5.0,5,5,0.0,0,0
org.eclipse.jdt.internal.core.search.indexing.RemoveFolderFromIndex.java,4.0,4,4,0.0,0,0
org.eclipse.jdt.internal.core.search.indexing.RemoveFromIndex.java,4.0,4,4,0.0,0,0
org.eclipse.jdt.internal.core.search.indexing.SourceIndexer.java,3.0,3,3,0.0,0,0
org.eclipse.jdt.internal.core.search.indexing.SourceIndexerRequestor.java,28.0,28,28,0.0,0,0
org.eclipse.jdt.internal.core.search.IndexSearchAdapter.java,11.0,11,11,0.0,0,0
org.eclipse.jdt.internal.core.search.IndexSelector.java,5.0,5,5,0.0,0,0
org.eclipse.jdt.internal.core.search.JavaSearchScope.java,12.0,12,12,0.0,0,0
org.eclipse.jdt.internal.core.search.JavaWorkspaceScope.java,8.0,8,8,0.0,0,0
org.eclipse.jdt.internal.core.search.matching.AndPattern.java,3.0,3,3,0.0,0,0
org.eclipse.jdt.internal.core.search.matching.ConstructorDeclarationPattern.java,8.0,8,8,0.0,0,0
org.eclipse.jdt.internal.core.search.matching.ConstructorReferencePattern.java,9.0,9,9,0.0,0,0
org.eclipse.jdt.internal.core.search.matching.DeclarationOfAccessedFieldsPattern.java,2.0,2,2,0.0,0,0
org.eclipse.jdt.internal.core.search.matching.DeclarationOfReferencedMethodsPattern.java,2.0,2,2,0.0,0,0
org.eclipse.jdt.internal.core.search.matching.DeclarationOfReferencedTypesPattern.java,3.0,3,3,0.0,0,0
org.eclipse.jdt.internal.core.search.matching.FieldDeclarationPattern.java,10.0,10,10,0.0,0,0
org.eclipse.jdt.internal.core.search.matching.FieldReferencePattern.java,17.0,17,17,0.0,0,0
org.eclipse.jdt.internal.core.search.matching.FileNameEnvironment.java,1.0,1,1,0.0,0,0
org.eclipse.jdt.internal.core.search.matching.MatchingOpenable.java,10.0,10,10,0.0,0,0
org.eclipse.jdt.internal.core.search.matching.MatchingOpenableSet.java,2.0,2,2,0.0,0,0
org.eclipse.jdt.internal.core.search.matching.MatchLocator.java,49.0,49,49,0.0,0,0
org.eclipse.jdt.internal.core.search.matching.MatchLocatorParser.java,15.5,24,31,0.0,0,0
org.eclipse.jdt.internal.core.search.matching.MatchSet.java,7.333333333333333,19,22,0.0,0,0
org.eclipse.jdt.internal.core.search.matching.MethodDeclarationPattern.java,8.0,8,8,0.0,0,0
org.eclipse.jdt.internal.core.search.matching.MethodPattern.java,4.0,4,4,0.0,0,0
org.eclipse.jdt.internal.core.search.matching.MethodReferencePattern.java,10.0,10,10,0.0,0,0
org.eclipse.jdt.internal.core.search.matching.MultipleSearchPattern.java,2.0,2,2,0.0,0,0
org.eclipse.jdt.internal.core.search.matching.OrNameCombiner.java,11.0,11,11,0.0,0,0
org.eclipse.jdt.internal.core.search.matching.OrPathCombiner.java,11.0,11,11,0.0,0,0
org.eclipse.jdt.internal.core.search.matching.OrPattern.java,12.0,12,12,0.0,0,0
org.eclipse.jdt.internal.core.search.matching.PackageDeclarationPattern.java,8.0,8,8,0.0,0,0
org.eclipse.jdt.internal.core.search.matching.PackageReferencePattern.java,17.0,17,17,0.0,0,0
org.eclipse.jdt.internal.core.search.matching.QualifiedTypeDeclarationPattern.java,5.0,5,5,0.0,0,0
org.eclipse.jdt.internal.core.search.matching.SearchPattern.java,21.0,21,21,9.0,9,9
org.eclipse.jdt.internal.core.search.matching.SuperInterfaceReferencePattern.java,4.0,4,4,0.0,0,0
org.eclipse.jdt.internal.core.search.matching.SuperTypeNamesCollector.java,16.5,25,33,0.0,0,0
org.eclipse.jdt.internal.core.search.matching.SuperTypeReferencePattern.java,10.0,10,10,0.0,0,0
org.eclipse.jdt.internal.core.search.matching.TypeDeclarationPattern.java,11.0,11,11,0.0,0,0
org.eclipse.jdt.internal.core.search.matching.TypeReferencePattern.java,19.0,19,19,0.0,0,0
org.eclipse.jdt.internal.core.search.PathCollector.java,14.0,14,14,0.0,0,0
org.eclipse.jdt.internal.core.search.PatternSearchJob.java,5.0,5,5,0.0,0,0
org.eclipse.jdt.internal.core.search.processing.IJob.java,1,0,0,1,0,0
org.eclipse.jdt.internal.core.search.processing.JobManager.java,15.0,15,15,1.0,1,1
org.eclipse.jdt.internal.core.search.SubTypeSearchJob.java,2.0,2,2,0.0,0,0
org.eclipse.jdt.internal.core.search.Util.java,0.0,0,0,5.0,5,5
org.eclipse.jdt.internal.core.SearchableEnvironment.java,21.0,21,21,0.0,0,0
org.eclipse.jdt.internal.core.SearchableEnvironmentRequestor.java,3.0,3,3,0.0,0,0
org.eclipse.jdt.internal.core.SelectionRequestor.java,12.0,12,12,0.0,0,0
org.eclipse.jdt.internal.core.SetClasspathOperation.java,17.0,17,17,0.0,0,0
org.eclipse.jdt.internal.core.SingleTypeRequestor.java,9.0,9,9,0.0,0,0
org.eclipse.jdt.internal.core.SourceField.java,5.0,5,5,0.0,0,0
org.eclipse.jdt.internal.core.SourceFieldElementInfo.java,5.0,5,5,0.0,0,0
org.eclipse.jdt.internal.core.SourceMapper.java,34.0,34,34,0.0,0,0
org.eclipse.jdt.internal.core.SourceMethod.java,16.0,16,16,0.0,0,0
org.eclipse.jdt.internal.core.SourceMethodElementInfo.java,12.0,12,12,0.0,0,0
org.eclipse.jdt.internal.core.SourceRange.java,3.0,3,3,0.0,0,0
org.eclipse.jdt.internal.core.SourceRefElement.java,17.0,17,17,0.0,0,0
org.eclipse.jdt.internal.core.SourceRefElementInfo.java,5.0,5,5,0.0,0,0
org.eclipse.jdt.internal.core.SourceType.java,25.0,43,50,0.0,0,0
org.eclipse.jdt.internal.core.SourceTypeElementInfo.java,24.0,24,24,0.0,0,0
org.eclipse.jdt.internal.core.TypeConverter.java,0.0,0,0,5.0,5,5
org.eclipse.jdt.internal.core.TypeVector.java,10.0,10,10,0.0,0,0
org.eclipse.jdt.internal.core.util.AnonymousFileSource.java,6.0,6,6,1.0,1,1
org.eclipse.jdt.internal.core.util.CharArrayBuffer.java,6.0,6,6,0.0,0,0
org.eclipse.jdt.internal.core.util.CharArrayOps.java,0.0,0,0,7.0,7,7
org.eclipse.jdt.internal.core.util.ClassFileAttribute.java,3.0,3,3,0.0,0,0
org.eclipse.jdt.internal.core.util.ClassFileReader.java,22.0,22,22,0.0,0,0
org.eclipse.jdt.internal.core.util.ClassFileStruct.java,11.0,11,11,0.0,0,0
org.eclipse.jdt.internal.core.util.CodeAttribute.java,12.0,12,12,0.0,0,0
org.eclipse.jdt.internal.core.util.ConstantPool.java,4.0,4,4,0.0,0,0
org.eclipse.jdt.internal.core.util.ConstantPoolEntry.java,43.0,43,43,0.0,0,0
org.eclipse.jdt.internal.core.util.ConstantValueAttribute.java,3.0,3,3,0.0,0,0
org.eclipse.jdt.internal.core.util.DefaultBytecodeVisitor.java,219.0,219,219,0.0,0,0
org.eclipse.jdt.internal.core.util.Disassembler.java,18.0,18,18,0.0,0,0
org.eclipse.jdt.internal.core.util.Dumper.java,24.0,24,24,0.0,0,0
org.eclipse.jdt.internal.core.util.ExceptionAttribute.java,4.0,4,4,0.0,0,0
org.eclipse.jdt.internal.core.util.ExceptionTableEntry.java,5.0,5,5,0.0,0,0
org.eclipse.jdt.internal.core.util.FieldInfo.java,12.0,12,12,0.0,0,0
org.eclipse.jdt.internal.core.util.ICacheEnumeration.java,1,0,0,1,0,0
org.eclipse.jdt.internal.core.util.IDumpable.java,1,0,0,1,0,0
org.eclipse.jdt.internal.core.util.ILRUCacheable.java,1,0,0,1,0,0
org.eclipse.jdt.internal.core.util.InnerClassesAttribute.java,2.0,2,2,0.0,0,0
org.eclipse.jdt.internal.core.util.InnerClassesAttributeEntry.java,7.0,7,7,0.0,0,0
org.eclipse.jdt.internal.core.Util.java,2.0,2,2,61.0,61,61
org.eclipse.jdt.internal.core.util.LineNumberAttribute.java,3.0,3,3,0.0,0,0
org.eclipse.jdt.internal.core.util.LocalVariableAttribute.java,3.0,3,3,0.0,0,0
org.eclipse.jdt.internal.core.util.LocalVariableTableEntry.java,7.0,7,7,0.0,0,0
org.eclipse.jdt.internal.core.util.LRUCache.java,13.0,25,26,0.0,0,0
org.eclipse.jdt.internal.core.util.MethodInfo.java,14.0,14,14,0.0,0,0
org.eclipse.jdt.internal.core.util.PerThreadObject.java,2.0,2,2,0.0,0,0
org.eclipse.jdt.internal.core.util.ReferenceInfoAdapter.java,7.0,7,7,0.0,0,0
org.eclipse.jdt.internal.core.util.SourceFileAttribute.java,3.0,3,3,0.0,0,0
org.eclipse.jdt.internal.core.util.StringHashtableOfInt.java,7.0,7,7,0.0,0,0
org.eclipse.jdt.internal.core.util.ToStringSorter.java,3.0,3,3,0.0,0,0
org.eclipse.jdt.internal.core.util.Util.java,0.0,0,0,3.0,3,3
org.eclipse.jdt.internal.core.WorkingCopy.java,26.0,26,26,0.0,0,0
org.eclipse.jdt.internal.core.WorkingCopyElementInfo.java,0.0,0,0,0.0,0,0
org.eclipse.jdt.internal.eval.CodeSnippetAllocationExpression.java,4.0,4,4,0.0,0,0
org.eclipse.jdt.internal.eval.CodeSnippetClassFile.java,0.0,0,0,1.0,1,1
org.eclipse.jdt.internal.eval.CodeSnippetCodeStream.java,23.0,23,23,0.0,0,0
org.eclipse.jdt.internal.eval.CodeSnippetCompiler.java,0.0,0,0,0.0,0,0
org.eclipse.jdt.internal.eval.CodeSnippetConstantPool.java,26.0,26,26,0.0,0,0
org.eclipse.jdt.internal.eval.CodeSnippetEnvironment.java,4.0,4,4,0.0,0,0
org.eclipse.jdt.internal.eval.CodeSnippetEvaluator.java,6.0,6,6,0.0,0,0
org.eclipse.jdt.internal.eval.CodeSnippetFieldReference.java,7.0,7,7,0.0,0,0
org.eclipse.jdt.internal.eval.CodeSnippetMessageSend.java,4.0,4,4,0.0,0,0
org.eclipse.jdt.internal.eval.CodeSnippetParser.java,37.0,37,37,0.0,0,0
org.eclipse.jdt.internal.eval.CodeSnippetQualifiedNameReference.java,13.0,13,13,0.0,0,0
org.eclipse.jdt.internal.eval.CodeSnippetReturnStatement.java,11.0,11,11,0.0,0,0
org.eclipse.jdt.internal.eval.CodeSnippetScope.java,11.0,11,11,0.0,0,0
org.eclipse.jdt.internal.eval.CodeSnippetSingleNameReference.java,9.0,9,9,0.0,0,0
org.eclipse.jdt.internal.eval.CodeSnippetSkeleton.java,15.0,23,30,0.0,0,0
org.eclipse.jdt.internal.eval.CodeSnippetSuperReference.java,6.0,6,6,0.0,0,0
org.eclipse.jdt.internal.eval.CodeSnippetThisReference.java,9.0,9,9,0.0,0,0
org.eclipse.jdt.internal.eval.CodeSnippetToCuMapper.java,26.0,26,26,0.0,0,0
org.eclipse.jdt.internal.eval.CodeSnippetTypeDeclaration.java,1.0,1,1,0.0,0,0
org.eclipse.jdt.internal.eval.EvaluationConstants.java,1,0,0,1,0,0
org.eclipse.jdt.internal.eval.EvaluationContext.java,16.0,30,32,0.5,1,1
org.eclipse.jdt.internal.eval.EvaluationResult.java,12.0,12,12,0.0,0,0
org.eclipse.jdt.internal.eval.Evaluator.java,6.0,11,12,0.0,0,0
org.eclipse.jdt.internal.eval.GlobalVariable.java,4.0,4,4,0.0,0,0
org.eclipse.jdt.internal.eval.InstallException.java,0.0,0,0,0.0,0,0
org.eclipse.jdt.internal.eval.IRequestor.java,1,0,0,1,0,0
org.eclipse.jdt.internal.eval.VariablesEvaluator.java,6.0,6,6,0.0,0,0
org.eclipse.jdt.internal.eval.VariablesInfo.java,2.0,2,2,0.0,0,0
org.eclipse.jdt.internal.formatter.CodeFormatter.java,39.0,39,39,8.0,8,8
org.eclipse.jdt.internal.formatter.impl.FormatterOptions.java,12.0,12,12,0.0,0,0
org.eclipse.jdt.internal.formatter.impl.SplitLine.java,1.0,1,1,0.0,0,0
