file,class,num_of_method,num_of_static_method
org.eclipse.jdt.core.BufferChangedEvent.java,BufferChangedEvent,4,0
org.eclipse.jdt.core.ClasspathContainerInitializer.java,ClasspathContainerInitializer,1,0
org.eclipse.jdt.core.ClasspathVariableInitializer.java,ClasspathVariableInitializer,1,0
org.eclipse.jdt.core.CompletionRequestorAdapter.java,CompletionRequestorAdapter,14,0
org.eclipse.jdt.core.CorrectionEngine.java,CorrectionEngine,18,0
org.eclipse.jdt.core.dom.AnonymousClassDeclaration.java,AnonymousClassDeclaration,8,0
org.eclipse.jdt.core.dom.ArrayAccess.java,ArrayAccess,10,0
org.eclipse.jdt.core.dom.ArrayCreation.java,ArrayCreation,11,0
org.eclipse.jdt.core.dom.ArrayInitializer.java,ArrayInitializer,7,0
org.eclipse.jdt.core.dom.ArrayType.java,ArrayType,10,0
org.eclipse.jdt.core.dom.AssertStatement.java,AssertStatement,10,0
org.eclipse.jdt.core.dom.Assignment.java,Assignment,13,1
org.eclipse.jdt.core.dom.Assignment.java,Operator,1,1
org.eclipse.jdt.core.dom.AST.java,AST,70,3
org.eclipse.jdt.core.dom.ASTConverter.java,ASTConverter,109,0
org.eclipse.jdt.core.dom.ASTMatcher.java,ASTMatcher,64,1
org.eclipse.jdt.core.dom.ASTNode.java,ASTNode,43,3
org.eclipse.jdt.core.dom.ASTNode.java,NodeList,14,0
org.eclipse.jdt.core.dom.ASTNode.java,Cursor,4,0
org.eclipse.jdt.core.dom.ASTSyntaxErrorPropagator.java,ASTSyntaxErrorPropagator,7,0
org.eclipse.jdt.core.dom.ASTVisitor.java,ASTVisitor,126,0
org.eclipse.jdt.core.dom.BindingResolver.java,BindingResolver,22,0
org.eclipse.jdt.core.dom.Block.java,Block,7,0
org.eclipse.jdt.core.dom.BodyDeclaration.java,BodyDeclaration,3,0
org.eclipse.jdt.core.dom.BooleanLiteral.java,BooleanLiteral,8,0
org.eclipse.jdt.core.dom.BreakStatement.java,BreakStatement,8,0
org.eclipse.jdt.core.dom.CastExpression.java,CastExpression,10,0
org.eclipse.jdt.core.dom.CatchClause.java,CatchClause,10,0
org.eclipse.jdt.core.dom.CharacterLiteral.java,CharacterLiteral,10,0
org.eclipse.jdt.core.dom.ClassInstanceCreation.java,ClassInstanceCreation,14,0
org.eclipse.jdt.core.dom.CompilationUnit.java,CompilationUnit,16,0
org.eclipse.jdt.core.dom.CompilationUnitResolver.java,CompilationUnitResolver,5,8
org.eclipse.jdt.core.dom.ConditionalExpression.java,ConditionalExpression,12,0
org.eclipse.jdt.core.dom.ConstructorInvocation.java,ConstructorInvocation,8,0
org.eclipse.jdt.core.dom.ContinueStatement.java,ContinueStatement,8,0
org.eclipse.jdt.core.dom.DefaultBindingResolver.java,DefaultBindingResolver,31,0
org.eclipse.jdt.core.dom.DoStatement.java,DoStatement,10,0
org.eclipse.jdt.core.dom.EmptyStatement.java,EmptyStatement,5,0
org.eclipse.jdt.core.dom.Expression.java,Expression,1,0
org.eclipse.jdt.core.dom.ExpressionStatement.java,ExpressionStatement,8,0
org.eclipse.jdt.core.dom.FieldAccess.java,FieldAccess,10,0
org.eclipse.jdt.core.dom.FieldDeclaration.java,FieldDeclaration,12,0
org.eclipse.jdt.core.dom.ForStatement.java,ForStatement,12,0
org.eclipse.jdt.core.dom.IfStatement.java,IfStatement,12,0
org.eclipse.jdt.core.dom.ImportDeclaration.java,ImportDeclaration,11,0
org.eclipse.jdt.core.dom.InfixExpression.java,InfixExpression,15,1
org.eclipse.jdt.core.dom.InfixExpression.java,Operator,1,1
org.eclipse.jdt.core.dom.Initializer.java,Initializer,10,0
org.eclipse.jdt.core.dom.InstanceofExpression.java,InstanceofExpression,10,0
org.eclipse.jdt.core.dom.Javadoc.java,Javadoc,8,0
org.eclipse.jdt.core.dom.LabeledStatement.java,LabeledStatement,10,0
org.eclipse.jdt.core.dom.Message.java,Message,4,0
org.eclipse.jdt.core.dom.MethodBinding.java,MethodBinding,11,0
org.eclipse.jdt.core.dom.MethodDeclaration.java,MethodDeclaration,20,0
org.eclipse.jdt.core.dom.MethodInvocation.java,MethodInvocation,11,0
org.eclipse.jdt.core.dom.Modifier.java,Modifier,0,11
org.eclipse.jdt.core.dom.NaiveASTFlattener.java,NaiveASTFlattener,65,0
org.eclipse.jdt.core.dom.Name.java,Name,3,0
org.eclipse.jdt.core.dom.NullLiteral.java,NullLiteral,6,0
org.eclipse.jdt.core.dom.NumberLiteral.java,NumberLiteral,8,0
org.eclipse.jdt.core.dom.PackageBinding.java,PackageBinding,10,0
org.eclipse.jdt.core.dom.PackageDeclaration.java,PackageDeclaration,9,0
org.eclipse.jdt.core.dom.ParenthesizedExpression.java,ParenthesizedExpression,8,0
org.eclipse.jdt.core.dom.PostfixExpression.java,PostfixExpression,11,1
org.eclipse.jdt.core.dom.PostfixExpression.java,Operator,1,1
org.eclipse.jdt.core.dom.PrefixExpression.java,PrefixExpression,11,1
org.eclipse.jdt.core.dom.PrefixExpression.java,Operator,1,1
org.eclipse.jdt.core.dom.PrimitiveType.java,PrimitiveType,9,1
org.eclipse.jdt.core.dom.PrimitiveType.java,Code,1,0
org.eclipse.jdt.core.dom.QualifiedName.java,QualifiedName,10,0
org.eclipse.jdt.core.dom.ReturnStatement.java,ReturnStatement,8,0
org.eclipse.jdt.core.dom.SimpleName.java,SimpleName,9,0
org.eclipse.jdt.core.dom.SimpleType.java,SimpleType,8,0
org.eclipse.jdt.core.dom.SingleVariableDeclaration.java,SingleVariableDeclaration,14,0
org.eclipse.jdt.core.dom.Statement.java,Statement,3,0
org.eclipse.jdt.core.dom.StringLiteral.java,StringLiteral,10,0
org.eclipse.jdt.core.dom.SuperConstructorInvocation.java,SuperConstructorInvocation,10,0
org.eclipse.jdt.core.dom.SuperFieldAccess.java,SuperFieldAccess,10,0
org.eclipse.jdt.core.dom.SuperMethodInvocation.java,SuperMethodInvocation,11,0
org.eclipse.jdt.core.dom.SwitchCase.java,SwitchCase,9,0
org.eclipse.jdt.core.dom.SwitchStatement.java,SwitchStatement,9,0
org.eclipse.jdt.core.dom.SynchronizedStatement.java,SynchronizedStatement,10,0
org.eclipse.jdt.core.dom.ThisExpression.java,ThisExpression,8,0
org.eclipse.jdt.core.dom.ThrowStatement.java,ThrowStatement,8,0
org.eclipse.jdt.core.dom.TryStatement.java,TryStatement,11,0
org.eclipse.jdt.core.dom.Type.java,Type,4,0
org.eclipse.jdt.core.dom.TypeBinding.java,TypeBinding,27,0
org.eclipse.jdt.core.dom.TypeDeclaration.java,TypeDeclaration,24,0
org.eclipse.jdt.core.dom.TypeDeclarationStatement.java,TypeDeclarationStatement,9,0
org.eclipse.jdt.core.dom.TypeLiteral.java,TypeLiteral,8,0
org.eclipse.jdt.core.dom.VariableBinding.java,VariableBinding,10,0
org.eclipse.jdt.core.dom.VariableDeclaration.java,VariableDeclaration,5,0
org.eclipse.jdt.core.dom.VariableDeclarationExpression.java,VariableDeclarationExpression,11,0
org.eclipse.jdt.core.dom.VariableDeclarationFragment.java,VariableDeclarationFragment,12,0
org.eclipse.jdt.core.dom.VariableDeclarationStatement.java,VariableDeclarationStatement,11,0
org.eclipse.jdt.core.dom.WhileStatement.java,WhileStatement,10,0
org.eclipse.jdt.core.ElementChangedEvent.java,ElementChangedEvent,2,0
org.eclipse.jdt.core.Flags.java,Flags,0,15
org.eclipse.jdt.core.JavaConventions.java,JavaConventions,0,12
org.eclipse.jdt.core.JavaCore.java,JavaCore,11,45
org.eclipse.jdt.core.JavaModelException.java,JavaModelException,4,0
org.eclipse.jdt.core.jdom.DOMException.java,DOMException,0,0
org.eclipse.jdt.core.jdom.DOMFactory.java,DOMFactory,17,0
org.eclipse.jdt.core.JDTCompilerAdapter.java,JDTCompilerAdapter,3,0
org.eclipse.jdt.core.search.SearchEngine.java,SearchEngine,11,8
org.eclipse.jdt.core.Signature.java,Signature,0,30
org.eclipse.jdt.core.ToolFactory.java,ToolFactory,0,7
org.eclipse.jdt.core.util.ByteCodeVisitorAdapter.java,ByteCodeVisitorAdapter,205,0
org.eclipse.jdt.core.util.ClassFormatException.java,ClassFormatException,0,0
org.eclipse.jdt.core.util.OpcodeStringValues.java,OpcodeStringValues,0,0
org.eclipse.jdt.internal.codeassist.complete.CompletionNodeFound.java,CompletionNodeFound,0,0
org.eclipse.jdt.internal.codeassist.complete.CompletionOnArgumentName.java,CompletionOnArgumentName,3,0
org.eclipse.jdt.internal.codeassist.complete.CompletionOnClassLiteralAccess.java,CompletionOnClassLiteralAccess,2,0
org.eclipse.jdt.internal.codeassist.complete.CompletionOnClassReference.java,CompletionOnClassReference,1,0
org.eclipse.jdt.internal.codeassist.complete.CompletionOnExceptionReference.java,CompletionOnExceptionReference,1,0
org.eclipse.jdt.internal.codeassist.complete.CompletionOnExplicitConstructorCall.java,CompletionOnExplicitConstructorCall,2,0
org.eclipse.jdt.internal.codeassist.complete.CompletionOnFieldName.java,CompletionOnFieldName,2,0
org.eclipse.jdt.internal.codeassist.complete.CompletionOnFieldType.java,CompletionOnFieldType,2,0
org.eclipse.jdt.internal.codeassist.complete.CompletionOnImportReference.java,CompletionOnImportReference,1,0
org.eclipse.jdt.internal.codeassist.complete.CompletionOnInterfaceReference.java,CompletionOnInterfaceReference,1,0
org.eclipse.jdt.internal.codeassist.complete.CompletionOnLocalName.java,CompletionOnLocalName,2,0
org.eclipse.jdt.internal.codeassist.complete.CompletionOnMemberAccess.java,CompletionOnMemberAccess,2,0
org.eclipse.jdt.internal.codeassist.complete.CompletionOnMessageSend.java,CompletionOnMessageSend,2,0
org.eclipse.jdt.internal.codeassist.complete.CompletionOnMethodName.java,CompletionOnMethodName,2,0
org.eclipse.jdt.internal.codeassist.complete.CompletionOnMethodReturnType.java,CompletionOnMethodReturnType,2,0
org.eclipse.jdt.internal.codeassist.complete.CompletionOnPackageReference.java,CompletionOnPackageReference,1,0
org.eclipse.jdt.internal.codeassist.complete.CompletionOnQualifiedAllocationExpression.java,CompletionOnQualifiedAllocationExpression,2,0
org.eclipse.jdt.internal.codeassist.complete.CompletionOnQualifiedClassReference.java,CompletionOnQualifiedClassReference,1,0
org.eclipse.jdt.internal.codeassist.complete.CompletionOnQualifiedExceptionReference.java,CompletionOnQualifiedExceptionReference,1,0
org.eclipse.jdt.internal.codeassist.complete.CompletionOnQualifiedInterfaceReference.java,CompletionOnQualifiedInterfaceReference,1,0
org.eclipse.jdt.internal.codeassist.complete.CompletionOnQualifiedNameReference.java,CompletionOnQualifiedNameReference,2,0
org.eclipse.jdt.internal.codeassist.complete.CompletionOnQualifiedTypeReference.java,CompletionOnQualifiedTypeReference,4,0
org.eclipse.jdt.internal.codeassist.complete.CompletionOnSingleNameReference.java,CompletionOnSingleNameReference,2,0
org.eclipse.jdt.internal.codeassist.complete.CompletionOnSingleTypeReference.java,CompletionOnSingleTypeReference,5,0
org.eclipse.jdt.internal.codeassist.complete.CompletionParser.java,CompletionParser,64,0
org.eclipse.jdt.internal.codeassist.complete.CompletionScanner.java,CompletionScanner,5,0
org.eclipse.jdt.internal.codeassist.complete.InvalidCursorLocation.java,InvalidCursorLocation,0,0
org.eclipse.jdt.internal.codeassist.CompletionEngine.java,CompletionEngine,52,0
org.eclipse.jdt.internal.codeassist.impl.AssistOptions.java,AssistOptions,0,0
org.eclipse.jdt.internal.codeassist.impl.AssistParser.java,AssistParser,59,0
org.eclipse.jdt.internal.codeassist.impl.Engine.java,Engine,8,0
org.eclipse.jdt.internal.codeassist.select.SelectionNodeFound.java,SelectionNodeFound,0,0
org.eclipse.jdt.internal.codeassist.select.SelectionOnArgumentName.java,SelectionOnArgumentName,3,0
org.eclipse.jdt.internal.codeassist.select.SelectionOnExplicitConstructorCall.java,SelectionOnExplicitConstructorCall,2,0
org.eclipse.jdt.internal.codeassist.select.SelectionOnFieldReference.java,SelectionOnFieldReference,2,0
org.eclipse.jdt.internal.codeassist.select.SelectionOnFieldType.java,SelectionOnFieldType,1,0
org.eclipse.jdt.internal.codeassist.select.SelectionOnImportReference.java,SelectionOnImportReference,1,0
org.eclipse.jdt.internal.codeassist.select.SelectionOnLocalName.java,SelectionOnLocalName,2,0
org.eclipse.jdt.internal.codeassist.select.SelectionOnMessageSend.java,SelectionOnMessageSend,2,0
org.eclipse.jdt.internal.codeassist.select.SelectionOnPackageReference.java,SelectionOnPackageReference,1,0
org.eclipse.jdt.internal.codeassist.select.SelectionOnQualifiedAllocationExpression.java,SelectionOnQualifiedAllocationExpression,2,0
org.eclipse.jdt.internal.codeassist.select.SelectionOnQualifiedNameReference.java,SelectionOnQualifiedNameReference,2,0
org.eclipse.jdt.internal.codeassist.select.SelectionOnQualifiedSuperReference.java,SelectionOnQualifiedSuperReference,2,0
org.eclipse.jdt.internal.codeassist.select.SelectionOnQualifiedTypeReference.java,SelectionOnQualifiedTypeReference,3,0
org.eclipse.jdt.internal.codeassist.select.SelectionOnSingleNameReference.java,SelectionOnSingleNameReference,2,0
org.eclipse.jdt.internal.codeassist.select.SelectionOnSingleTypeReference.java,SelectionOnSingleTypeReference,4,0
org.eclipse.jdt.internal.codeassist.select.SelectionOnSuperReference.java,SelectionOnSuperReference,2,0
org.eclipse.jdt.internal.codeassist.select.SelectionParser.java,SelectionParser,33,0
org.eclipse.jdt.internal.codeassist.select.SelectionScanner.java,SelectionScanner,2,0
org.eclipse.jdt.internal.codeassist.SelectionEngine.java,SelectionEngine,13,0
org.eclipse.jdt.internal.compiler.AbstractSyntaxTreeVisitorAdapter.java,AbstractSyntaxTreeVisitorAdapter,151,0
org.eclipse.jdt.internal.compiler.ast.AbstractMethodDeclaration.java,AbstractMethodDeclaration,23,0
org.eclipse.jdt.internal.compiler.ast.AbstractVariableDeclaration.java,AbstractVariableDeclaration,2,0
org.eclipse.jdt.internal.compiler.ast.AllocationExpression.java,AllocationExpression,13,0
org.eclipse.jdt.internal.compiler.ast.AND_AND_Expression.java,AND_AND_Expression,5,0
org.eclipse.jdt.internal.compiler.ast.AnonymousLocalTypeDeclaration.java,AnonymousLocalTypeDeclaration,4,0
org.eclipse.jdt.internal.compiler.ast.Argument.java,Argument,4,0
org.eclipse.jdt.internal.compiler.ast.ArrayAllocationExpression.java,ArrayAllocationExpression,5,0
org.eclipse.jdt.internal.compiler.ast.ArrayInitializer.java,ArrayInitializer,5,0
org.eclipse.jdt.internal.compiler.ast.ArrayQualifiedTypeReference.java,ArrayQualifiedTypeReference,5,0
org.eclipse.jdt.internal.compiler.ast.ArrayReference.java,ArrayReference,9,0
org.eclipse.jdt.internal.compiler.ast.ArrayTypeReference.java,ArrayTypeReference,4,0
org.eclipse.jdt.internal.compiler.ast.AssertStatement.java,AssertStatement,6,0
org.eclipse.jdt.internal.compiler.ast.Assignment.java,Assignment,7,0
org.eclipse.jdt.internal.compiler.ast.AstNode.java,AstNode,12,2
org.eclipse.jdt.internal.compiler.ast.BinaryExpression.java,BinaryExpression,19,0
org.eclipse.jdt.internal.compiler.ast.Block.java,Block,9,1
org.eclipse.jdt.internal.compiler.ast.BranchStatement.java,BranchStatement,2,0
org.eclipse.jdt.internal.compiler.ast.Break.java,Break,3,0
org.eclipse.jdt.internal.compiler.ast.Case.java,Case,6,0
org.eclipse.jdt.internal.compiler.ast.CastExpression.java,CastExpression,6,0
org.eclipse.jdt.internal.compiler.ast.CharLiteral.java,CharLiteral,5,0
org.eclipse.jdt.internal.compiler.ast.ClassLiteralAccess.java,ClassLiteralAccess,5,0
org.eclipse.jdt.internal.compiler.ast.Clinit.java,Clinit,11,0
org.eclipse.jdt.internal.compiler.ast.CompilationUnitDeclaration.java,CompilationUnitDeclaration,17,0
org.eclipse.jdt.internal.compiler.ast.CompoundAssignment.java,CompoundAssignment,7,0
org.eclipse.jdt.internal.compiler.ast.ConditionalExpression.java,ConditionalExpression,6,0
org.eclipse.jdt.internal.compiler.ast.ConstructorDeclaration.java,ConstructorDeclaration,10,0
org.eclipse.jdt.internal.compiler.ast.Continue.java,Continue,3,0
org.eclipse.jdt.internal.compiler.ast.DefaultCase.java,DefaultCase,5,0
org.eclipse.jdt.internal.compiler.ast.DoStatement.java,DoStatement,6,0
org.eclipse.jdt.internal.compiler.ast.DoubleLiteral.java,DoubleLiteral,4,0
org.eclipse.jdt.internal.compiler.ast.EmptyStatement.java,EmptyStatement,3,0
org.eclipse.jdt.internal.compiler.ast.EqualExpression.java,EqualExpression,10,0
org.eclipse.jdt.internal.compiler.ast.ExplicitConstructorCall.java,ExplicitConstructorCall,13,0
org.eclipse.jdt.internal.compiler.ast.Expression.java,Expression,18,1
org.eclipse.jdt.internal.compiler.ast.ExtendedStringLiteral.java,ExtendedStringLiteral,4,0
org.eclipse.jdt.internal.compiler.ast.FalseLiteral.java,FalseLiteral,6,0
org.eclipse.jdt.internal.compiler.ast.FieldDeclaration.java,FieldDeclaration,8,0
org.eclipse.jdt.internal.compiler.ast.FieldReference.java,FieldReference,18,1
org.eclipse.jdt.internal.compiler.ast.FloatLiteral.java,FloatLiteral,4,0
org.eclipse.jdt.internal.compiler.ast.ForStatement.java,ForStatement,6,0
org.eclipse.jdt.internal.compiler.ast.IfStatement.java,IfStatement,5,0
org.eclipse.jdt.internal.compiler.ast.ImportReference.java,ImportReference,4,0
org.eclipse.jdt.internal.compiler.ast.Initializer.java,Initializer,8,0
org.eclipse.jdt.internal.compiler.ast.InnerTypeDeclaration.java,InnerTypeDeclaration,0,0
org.eclipse.jdt.internal.compiler.ast.InstanceOfExpression.java,InstanceOfExpression,6,0
org.eclipse.jdt.internal.compiler.ast.IntLiteral.java,IntLiteral,7,0
org.eclipse.jdt.internal.compiler.ast.IntLiteralMinValue.java,IntLiteralMinValue,1,0
org.eclipse.jdt.internal.compiler.ast.LabeledStatement.java,LabeledStatement,7,0
org.eclipse.jdt.internal.compiler.ast.Literal.java,Literal,4,0
org.eclipse.jdt.internal.compiler.ast.LocalDeclaration.java,LocalDeclaration,6,0
org.eclipse.jdt.internal.compiler.ast.LocalTypeDeclaration.java,LocalTypeDeclaration,1,0
org.eclipse.jdt.internal.compiler.ast.LongLiteral.java,LongLiteral,6,0
org.eclipse.jdt.internal.compiler.ast.LongLiteralMinValue.java,LongLiteralMinValue,1,0
org.eclipse.jdt.internal.compiler.ast.MagicLiteral.java,MagicLiteral,3,0
org.eclipse.jdt.internal.compiler.ast.MemberTypeDeclaration.java,MemberTypeDeclaration,1,0
org.eclipse.jdt.internal.compiler.ast.MessageSend.java,MessageSend,12,0
org.eclipse.jdt.internal.compiler.ast.MethodDeclaration.java,MethodDeclaration,4,0
org.eclipse.jdt.internal.compiler.ast.NameReference.java,NameReference,8,0
org.eclipse.jdt.internal.compiler.ast.NullLiteral.java,NullLiteral,5,0
org.eclipse.jdt.internal.compiler.ast.NumberLiteral.java,NumberLiteral,3,0
org.eclipse.jdt.internal.compiler.ast.OperatorExpression.java,OperatorExpression,6,20
org.eclipse.jdt.internal.compiler.ast.OperatorExpression.java,Decode,3,0
org.eclipse.jdt.internal.compiler.ast.OR_OR_Expression.java,OR_OR_Expression,5,0
org.eclipse.jdt.internal.compiler.ast.PostfixExpression.java,PostfixExpression,5,0
org.eclipse.jdt.internal.compiler.ast.PrefixExpression.java,PrefixExpression,4,0
org.eclipse.jdt.internal.compiler.ast.QualifiedAllocationExpression.java,QualifiedAllocationExpression,8,0
org.eclipse.jdt.internal.compiler.ast.QualifiedNameReference.java,QualifiedNameReference,20,0
org.eclipse.jdt.internal.compiler.ast.QualifiedSuperReference.java,QualifiedSuperReference,5,0
org.eclipse.jdt.internal.compiler.ast.QualifiedThisReference.java,QualifiedThisReference,8,0
org.eclipse.jdt.internal.compiler.ast.QualifiedTypeReference.java,QualifiedTypeReference,6,0
org.eclipse.jdt.internal.compiler.ast.Reference.java,Reference,7,0
org.eclipse.jdt.internal.compiler.ast.ReturnStatement.java,ReturnStatement,9,0
org.eclipse.jdt.internal.compiler.ast.SingleNameReference.java,SingleNameReference,18,0
org.eclipse.jdt.internal.compiler.ast.SingleTypeReference.java,SingleTypeReference,7,0
org.eclipse.jdt.internal.compiler.ast.Statement.java,Statement,8,0
org.eclipse.jdt.internal.compiler.ast.StringLiteral.java,StringLiteral,8,0
org.eclipse.jdt.internal.compiler.ast.SuperReference.java,SuperReference,5,1
org.eclipse.jdt.internal.compiler.ast.SwitchStatement.java,SwitchStatement,7,0
org.eclipse.jdt.internal.compiler.ast.SynchronizedStatement.java,SynchronizedStatement,5,0
org.eclipse.jdt.internal.compiler.ast.ThisReference.java,ThisReference,6,0
org.eclipse.jdt.internal.compiler.ast.ThrowStatement.java,ThrowStatement,5,0
org.eclipse.jdt.internal.compiler.ast.TrueLiteral.java,TrueLiteral,6,0
org.eclipse.jdt.internal.compiler.ast.TryStatement.java,TryStatement,6,0
org.eclipse.jdt.internal.compiler.ast.TypeDeclaration.java,TypeDeclaration,32,0
org.eclipse.jdt.internal.compiler.ast.TypeReference.java,TypeReference,8,1
org.eclipse.jdt.internal.compiler.ast.UnaryExpression.java,UnaryExpression,7,0
org.eclipse.jdt.internal.compiler.ast.WhileStatement.java,WhileStatement,6,0
org.eclipse.jdt.internal.compiler.batch.ClasspathDirectory.java,ClasspathDirectory,6,0
org.eclipse.jdt.internal.compiler.batch.ClasspathJar.java,ClasspathJar,4,0
org.eclipse.jdt.internal.compiler.batch.CompilationUnit.java,CompilationUnit,5,0
org.eclipse.jdt.internal.compiler.batch.FileFinder.java,FileFinder,2,0
org.eclipse.jdt.internal.compiler.batch.FileSystem.java,FileSystem,10,0
org.eclipse.jdt.internal.compiler.batch.Main.java,Main,15,9
org.eclipse.jdt.internal.compiler.ClassFile.java,ClassFile,38,4
org.eclipse.jdt.internal.compiler.classfmt.ClassFileReader.java,ClassFileReader,30,6
org.eclipse.jdt.internal.compiler.classfmt.ClassFileStruct.java,ClassFileStruct,12,2
org.eclipse.jdt.internal.compiler.classfmt.ClassFormatException.java,ClassFormatException,1,0
org.eclipse.jdt.internal.compiler.classfmt.FieldInfo.java,FieldInfo,15,0
org.eclipse.jdt.internal.compiler.classfmt.InnerClassInfo.java,InnerClassInfo,7,0
org.eclipse.jdt.internal.compiler.classfmt.MethodInfo.java,MethodInfo,15,0
org.eclipse.jdt.internal.compiler.codegen.CaseLabel.java,CaseLabel,5,0
org.eclipse.jdt.internal.compiler.codegen.CharArrayCache.java,CharArrayCache,10,0
org.eclipse.jdt.internal.compiler.codegen.CodeStream.java,CodeStream,296,4
org.eclipse.jdt.internal.compiler.codegen.ConstantPool.java,ConstantPool,71,0
org.eclipse.jdt.internal.compiler.codegen.DoubleCache.java,DoubleCache,5,0
org.eclipse.jdt.internal.compiler.codegen.ExceptionLabel.java,ExceptionLabel,3,0
org.eclipse.jdt.internal.compiler.codegen.FieldNameAndTypeCache.java,FieldNameAndTypeCache,9,0
org.eclipse.jdt.internal.compiler.codegen.FloatCache.java,FloatCache,5,0
org.eclipse.jdt.internal.compiler.codegen.IntegerCache.java,IntegerCache,8,0
org.eclipse.jdt.internal.compiler.codegen.Label.java,Label,10,0
org.eclipse.jdt.internal.compiler.codegen.LongCache.java,LongCache,8,0
org.eclipse.jdt.internal.compiler.codegen.MethodNameAndTypeCache.java,MethodNameAndTypeCache,9,0
org.eclipse.jdt.internal.compiler.codegen.ObjectCache.java,ObjectCache,8,0
org.eclipse.jdt.internal.compiler.codegen.ResetStateForCodeGenerationVisitor.java,ResetStateForCodeGenerationVisitor,6,0
org.eclipse.jdt.internal.compiler.Compiler.java,Compiler,14,0
org.eclipse.jdt.internal.compiler.ConfigurableOption.java,ConfigurableOption,11,0
org.eclipse.jdt.internal.compiler.DefaultErrorHandlingPolicies.java,DefaultErrorHandlingPolicies,8,4
org.eclipse.jdt.internal.compiler.DocumentElementParser.java,DocumentElementParser,54,0
org.eclipse.jdt.internal.compiler.env.NameEnvironmentAnswer.java,NameEnvironmentAnswer,6,0
org.eclipse.jdt.internal.compiler.flow.ConditionalFlowInfo.java,ConditionalFlowInfo,19,0
org.eclipse.jdt.internal.compiler.flow.ExceptionHandlingFlowContext.java,ExceptionHandlingFlowContext,6,0
org.eclipse.jdt.internal.compiler.flow.FinallyFlowContext.java,FinallyFlowContext,3,0
org.eclipse.jdt.internal.compiler.flow.FlowContext.java,FlowContext,23,0
org.eclipse.jdt.internal.compiler.flow.FlowInfo.java,FlowInfo,21,2
org.eclipse.jdt.internal.compiler.flow.InitializationFlowContext.java,InitializationFlowContext,2,0
org.eclipse.jdt.internal.compiler.flow.InsideSubRoutineFlowContext.java,InsideSubRoutineFlowContext,3,0
org.eclipse.jdt.internal.compiler.flow.LabelFlowContext.java,LabelFlowContext,3,0
org.eclipse.jdt.internal.compiler.flow.LoopingFlowContext.java,LoopingFlowContext,8,0
org.eclipse.jdt.internal.compiler.flow.SwitchFlowContext.java,SwitchFlowContext,4,0
org.eclipse.jdt.internal.compiler.flow.UnconditionalFlowInfo.java,UnconditionalFlowInfo,23,1
org.eclipse.jdt.internal.compiler.impl.BooleanConstant.java,BooleanConstant,4,0
org.eclipse.jdt.internal.compiler.impl.ByteConstant.java,ByteConstant,10,0
org.eclipse.jdt.internal.compiler.impl.CharConstant.java,CharConstant,10,0
org.eclipse.jdt.internal.compiler.impl.CompilerOptions.java,CompilerOptions,5,0
org.eclipse.jdt.internal.compiler.impl.Constant.java,Constant,13,29
org.eclipse.jdt.internal.compiler.impl.DoubleConstant.java,DoubleConstant,10,0
org.eclipse.jdt.internal.compiler.impl.FloatConstant.java,FloatConstant,10,0
org.eclipse.jdt.internal.compiler.impl.IntConstant.java,IntConstant,10,0
org.eclipse.jdt.internal.compiler.impl.LongConstant.java,LongConstant,10,0
org.eclipse.jdt.internal.compiler.impl.NullConstant.java,NullConstant,3,0
org.eclipse.jdt.internal.compiler.impl.ShortConstant.java,ShortConstant,10,0
org.eclipse.jdt.internal.compiler.impl.StringConstant.java,StringConstant,4,0
org.eclipse.jdt.internal.compiler.lookup.ArrayBinding.java,ArrayBinding,11,0
org.eclipse.jdt.internal.compiler.lookup.BaseTypeBinding.java,BaseTypeBinding,7,2
org.eclipse.jdt.internal.compiler.lookup.BinaryTypeBinding.java,BinaryTypeBinding,20,0
org.eclipse.jdt.internal.compiler.lookup.Binding.java,Binding,4,0
org.eclipse.jdt.internal.compiler.lookup.BlockScope.java,BlockScope,30,0
org.eclipse.jdt.internal.compiler.lookup.ClassScope.java,ClassScope,20,0
org.eclipse.jdt.internal.compiler.lookup.CompilationUnitScope.java,CompilationUnitScope,18,0
org.eclipse.jdt.internal.compiler.lookup.FieldBinding.java,FieldBinding,13,0
org.eclipse.jdt.internal.compiler.lookup.ImportBinding.java,ImportBinding,3,0
org.eclipse.jdt.internal.compiler.lookup.InnerEmulationDependency.java,InnerEmulationDependency,0,0
org.eclipse.jdt.internal.compiler.lookup.LocalTypeBinding.java,LocalTypeBinding,8,0
org.eclipse.jdt.internal.compiler.lookup.LocalVariableBinding.java,LocalVariableBinding,5,0
org.eclipse.jdt.internal.compiler.lookup.LookupEnvironment.java,LookupEnvironment,23,0
org.eclipse.jdt.internal.compiler.lookup.MemberTypeBinding.java,MemberTypeBinding,3,0
org.eclipse.jdt.internal.compiler.lookup.MethodBinding.java,MethodBinding,31,0
org.eclipse.jdt.internal.compiler.lookup.MethodScope.java,MethodScope,10,0
org.eclipse.jdt.internal.compiler.lookup.MethodVerifier.java,MethodVerifier,17,0
org.eclipse.jdt.internal.compiler.lookup.NestedTypeBinding.java,NestedTypeBinding,12,0
org.eclipse.jdt.internal.compiler.lookup.PackageBinding.java,PackageBinding,13,0
org.eclipse.jdt.internal.compiler.lookup.ProblemBinding.java,ProblemBinding,3,0
org.eclipse.jdt.internal.compiler.lookup.ProblemFieldBinding.java,ProblemFieldBinding,1,0
org.eclipse.jdt.internal.compiler.lookup.ProblemMethodBinding.java,ProblemMethodBinding,1,0
org.eclipse.jdt.internal.compiler.lookup.ProblemPackageBinding.java,ProblemPackageBinding,1,0
org.eclipse.jdt.internal.compiler.lookup.ProblemReferenceBinding.java,ProblemReferenceBinding,1,0
org.eclipse.jdt.internal.compiler.lookup.ReferenceBinding.java,ReferenceBinding,53,0
org.eclipse.jdt.internal.compiler.lookup.Scope.java,Scope,43,2
org.eclipse.jdt.internal.compiler.lookup.SyntheticAccessMethodBinding.java,SyntheticAccessMethodBinding,3,0
org.eclipse.jdt.internal.compiler.lookup.SyntheticArgumentBinding.java,SyntheticArgumentBinding,0,0
org.eclipse.jdt.internal.compiler.lookup.SyntheticFieldBinding.java,SyntheticFieldBinding,0,0
org.eclipse.jdt.internal.compiler.lookup.TypeBinding.java,TypeBinding,17,0
org.eclipse.jdt.internal.compiler.lookup.UnresolvedReferenceBinding.java,UnresolvedReferenceBinding,3,0
org.eclipse.jdt.internal.compiler.lookup.VariableBinding.java,VariableBinding,4,0
org.eclipse.jdt.internal.compiler.parser.NLSLine.java,NLSLine,7,0
org.eclipse.jdt.internal.compiler.parser.Parser.java,Parser,235,11
org.eclipse.jdt.internal.compiler.parser.RecoveredBlock.java,RecoveredBlock,17,0
org.eclipse.jdt.internal.compiler.parser.RecoveredElement.java,RecoveredElement,27,0
org.eclipse.jdt.internal.compiler.parser.RecoveredField.java,RecoveredField,10,0
org.eclipse.jdt.internal.compiler.parser.RecoveredImport.java,RecoveredImport,6,0
org.eclipse.jdt.internal.compiler.parser.RecoveredInitializer.java,RecoveredInitializer,10,0
org.eclipse.jdt.internal.compiler.parser.RecoveredLocalVariable.java,RecoveredLocalVariable,8,0
org.eclipse.jdt.internal.compiler.parser.RecoveredMethod.java,RecoveredMethod,15,0
org.eclipse.jdt.internal.compiler.parser.RecoveredStatement.java,RecoveredStatement,6,0
org.eclipse.jdt.internal.compiler.parser.RecoveredType.java,RecoveredType,19,0
org.eclipse.jdt.internal.compiler.parser.RecoveredUnit.java,RecoveredUnit,10,0
org.eclipse.jdt.internal.compiler.parser.Scanner.java,Scanner,38,0
org.eclipse.jdt.internal.compiler.parser.SourceConstructorDeclaration.java,SourceConstructorDeclaration,0,0
org.eclipse.jdt.internal.compiler.parser.SourceFieldDeclaration.java,SourceFieldDeclaration,0,0
org.eclipse.jdt.internal.compiler.parser.SourceMethodDeclaration.java,SourceMethodDeclaration,0,0
org.eclipse.jdt.internal.compiler.parser.SourceTypeConverter.java,SourceTypeConverter,0,6
org.eclipse.jdt.internal.compiler.problem.AbortCompilation.java,AbortCompilation,0,0
org.eclipse.jdt.internal.compiler.problem.AbortCompilationUnit.java,AbortCompilationUnit,0,0
org.eclipse.jdt.internal.compiler.problem.AbortMethod.java,AbortMethod,0,0
org.eclipse.jdt.internal.compiler.problem.AbortType.java,AbortType,0,0
org.eclipse.jdt.internal.compiler.problem.DefaultProblem.java,DefaultProblem,14,0
org.eclipse.jdt.internal.compiler.problem.DefaultProblemFactory.java,DefaultProblemFactory,4,1
org.eclipse.jdt.internal.compiler.problem.ProblemHandler.java,ProblemHandler,5,1
org.eclipse.jdt.internal.compiler.problem.ProblemReporter.java,ProblemReporter,191,0
org.eclipse.jdt.internal.compiler.problem.ShouldNotImplement.java,ShouldNotImplement,0,0
org.eclipse.jdt.internal.compiler.SourceElementParser.java,SourceElementParser,40,1
org.eclipse.jdt.internal.compiler.SourceElementParser.java,LocalDeclarationVisitor,3,0
org.eclipse.jdt.internal.compiler.SourceElementRequestorAdapter.java,SourceElementRequestorAdapter,25,0
org.eclipse.jdt.internal.compiler.util.CharOperation.java,CharOperation,0,43
org.eclipse.jdt.internal.compiler.util.CompoundNameVector.java,CompoundNameVector,7,0
org.eclipse.jdt.internal.compiler.util.HashtableOfInt.java,HashtableOfInt,6,0
org.eclipse.jdt.internal.compiler.util.HashtableOfObject.java,HashtableOfObject,8,0
org.eclipse.jdt.internal.compiler.util.HashtableOfPackage.java,HashtableOfPackage,6,0
org.eclipse.jdt.internal.compiler.util.HashtableOfType.java,HashtableOfType,6,0
org.eclipse.jdt.internal.compiler.util.ObjectVector.java,ObjectVector,13,0
org.eclipse.jdt.internal.compiler.util.SimpleNameVector.java,SimpleNameVector,9,0
org.eclipse.jdt.internal.compiler.util.Util.java,Util,0,14
org.eclipse.jdt.internal.core.Assert.java,Assert,0,6
org.eclipse.jdt.internal.core.Assert.java,AssertionFailedException,0,0
org.eclipse.jdt.internal.core.BasicCompilationUnit.java,BasicCompilationUnit,5,0
org.eclipse.jdt.internal.core.BinaryField.java,BinaryField,5,0
org.eclipse.jdt.internal.core.BinaryMember.java,BinaryMember,9,0
org.eclipse.jdt.internal.core.BinaryMethod.java,BinaryMethod,18,0
org.eclipse.jdt.internal.core.BinaryMethod.java,DecodeParametersNames,3,0
org.eclipse.jdt.internal.core.BinaryType.java,BinaryType,41,0
org.eclipse.jdt.internal.core.Buffer.java,Buffer,26,0
org.eclipse.jdt.internal.core.BufferCache.java,BufferCache,2,0
org.eclipse.jdt.internal.core.BufferManager.java,BufferManager,6,1
org.eclipse.jdt.internal.core.builder.AbortIncrementalBuildException.java,AbortIncrementalBuildException,0,0
org.eclipse.jdt.internal.core.builder.AbstractImageBuilder.java,AbstractImageBuilder,15,0
org.eclipse.jdt.internal.core.builder.AdditionalTypeCollection.java,AdditionalTypeCollection,0,0
org.eclipse.jdt.internal.core.builder.BatchImageBuilder.java,BatchImageBuilder,8,0
org.eclipse.jdt.internal.core.builder.BuildNotifier.java,BuildNotifier,14,0
org.eclipse.jdt.internal.core.builder.ClasspathDirectory.java,ClasspathDirectory,8,0
org.eclipse.jdt.internal.core.builder.ClasspathJar.java,ClasspathJar,5,0
org.eclipse.jdt.internal.core.builder.ClasspathLocation.java,ClasspathLocation,4,3
org.eclipse.jdt.internal.core.builder.ClasspathMultiDirectory.java,ClasspathMultiDirectory,3,0
org.eclipse.jdt.internal.core.builder.ImageBuilderInternalException.java,ImageBuilderInternalException,2,0
org.eclipse.jdt.internal.core.builder.IncrementalImageBuilder.java,IncrementalImageBuilder,15,0
org.eclipse.jdt.internal.core.builder.JavaBuilder.java,JavaBuilder,17,4
org.eclipse.jdt.internal.core.builder.MissingClassFileException.java,MissingClassFileException,0,0
org.eclipse.jdt.internal.core.builder.MissingSourceFileException.java,MissingSourceFileException,0,0
org.eclipse.jdt.internal.core.builder.NameEnvironment.java,NameEnvironment,9,1
org.eclipse.jdt.internal.core.builder.ProblemFactory.java,ProblemFactory,0,1
org.eclipse.jdt.internal.core.builder.ReferenceCollection.java,ReferenceCollection,3,4
org.eclipse.jdt.internal.core.builder.SimpleLookupTable.java,SimpleLookupTable,8,0
org.eclipse.jdt.internal.core.builder.SourceFile.java,SourceFile,5,0
org.eclipse.jdt.internal.core.builder.State.java,State,17,2
org.eclipse.jdt.internal.core.builder.WorkQueue.java,WorkQueue,7,0
org.eclipse.jdt.internal.core.ClassFile.java,ClassFile,38,4
org.eclipse.jdt.internal.core.ClassFileInfo.java,ClassFileInfo,7,0
org.eclipse.jdt.internal.core.ClassFileWorkingCopy.java,ClassFileWorkingCopy,62,0
org.eclipse.jdt.internal.core.ClasspathEntry.java,ClasspathEntry,11,0
org.eclipse.jdt.internal.core.CommitWorkingCopyOperation.java,CommitWorkingCopyOperation,4,0
org.eclipse.jdt.internal.core.CompilationUnit.java,CompilationUnit,79,0
org.eclipse.jdt.internal.core.CompilationUnitElementInfo.java,CompilationUnitElementInfo,3,0
org.eclipse.jdt.internal.core.CompilationUnitProblemFinder.java,CompilationUnitProblemFinder,3,5
org.eclipse.jdt.internal.core.CompilationUnitStructureRequestor.java,CompilationUnitStructureRequestor,22,1
org.eclipse.jdt.internal.core.CompilationUnitVisitor.java,CompilationUnitVisitor,5,5
org.eclipse.jdt.internal.core.CompletionRequestorWrapper.java,CompletionRequestorWrapper,16,0
org.eclipse.jdt.internal.core.CopyElementsOperation.java,CopyElementsOperation,8,0
org.eclipse.jdt.internal.core.CreateCompilationUnitOperation.java,CreateCompilationUnitOperation,3,0
org.eclipse.jdt.internal.core.CreateElementInCUOperation.java,CreateElementInCUOperation,17,0
org.eclipse.jdt.internal.core.CreateFieldOperation.java,CreateFieldOperation,5,0
org.eclipse.jdt.internal.core.CreateImportOperation.java,CreateImportOperation,5,0
org.eclipse.jdt.internal.core.CreateInitializerOperation.java,CreateInitializerOperation,4,0
org.eclipse.jdt.internal.core.CreateMethodOperation.java,CreateMethodOperation,5,0
org.eclipse.jdt.internal.core.CreatePackageDeclarationOperation.java,CreatePackageDeclarationOperation,5,0
org.eclipse.jdt.internal.core.CreatePackageFragmentOperation.java,CreatePackageFragmentOperation,2,0
org.eclipse.jdt.internal.core.CreateTypeHierarchyOperation.java,CreateTypeHierarchyOperation,4,0
org.eclipse.jdt.internal.core.CreateTypeMemberOperation.java,CreateTypeMemberOperation,6,0
org.eclipse.jdt.internal.core.CreateTypeOperation.java,CreateTypeOperation,5,0
org.eclipse.jdt.internal.core.DeleteElementsOperation.java,DeleteElementsOperation,5,0
org.eclipse.jdt.internal.core.DeleteResourceElementsOperation.java,DeleteResourceElementsOperation,4,0
org.eclipse.jdt.internal.core.DeltaProcessor.java,DeltaProcessor,30,2
org.eclipse.jdt.internal.core.ElementCache.java,ElementCache,2,0
org.eclipse.jdt.internal.core.eval.EvaluationContextWrapper.java,EvaluationContextWrapper,35,0
org.eclipse.jdt.internal.core.eval.GlobalVariableWrapper.java,GlobalVariableWrapper,3,0
org.eclipse.jdt.internal.core.eval.RequestorWrapper.java,RequestorWrapper,2,0
org.eclipse.jdt.internal.core.FailedReconciliationException.java,FailedReconciliationException,0,0
org.eclipse.jdt.internal.core.HandleFactory.java,HandleFactory,3,0
org.eclipse.jdt.internal.core.hierarchy.HierarchyBinaryType.java,HierarchyBinaryType,18,0
org.eclipse.jdt.internal.core.hierarchy.HierarchyBuilder.java,HierarchyBuilder,16,0
org.eclipse.jdt.internal.core.hierarchy.HierarchyResolver.java,HierarchyResolver,22,0
org.eclipse.jdt.internal.core.hierarchy.HierarchyResolver.java,MissingType,6,0
org.eclipse.jdt.internal.core.hierarchy.HierarchyType.java,HierarchyType,5,0
org.eclipse.jdt.internal.core.hierarchy.IndexBasedHierarchyBuilder.java,IndexBasedHierarchyBuilder,14,1
org.eclipse.jdt.internal.core.hierarchy.IndexBasedHierarchyBuilder.java,Queue,3,0
org.eclipse.jdt.internal.core.hierarchy.IndexBasedHierarchyBuilder.java,PathCollector,1,0
org.eclipse.jdt.internal.core.hierarchy.RegionBasedHierarchyBuilder.java,RegionBasedHierarchyBuilder,9,0
org.eclipse.jdt.internal.core.hierarchy.RegionBasedTypeHierarchy.java,RegionBasedTypeHierarchy,8,0
org.eclipse.jdt.internal.core.hierarchy.TypeHierarchy.java,TypeHierarchy,69,0
org.eclipse.jdt.internal.core.ImportContainer.java,ImportContainer,7,0
org.eclipse.jdt.internal.core.ImportDeclaration.java,ImportDeclaration,5,0
org.eclipse.jdt.internal.core.index.DocumentFactory.java,DocumentFactory,0,2
org.eclipse.jdt.internal.core.index.impl.Block.java,Block,4,0
org.eclipse.jdt.internal.core.index.impl.BlocksIndexInput.java,BlocksIndexInput,23,0
org.eclipse.jdt.internal.core.index.impl.BlocksIndexOutput.java,BlocksIndexOutput,8,0
org.eclipse.jdt.internal.core.index.impl.CodeByteStream.java,CodeByteStream,24,0
org.eclipse.jdt.internal.core.index.impl.EntryResult.java,EntryResult,5,0
org.eclipse.jdt.internal.core.index.impl.Field.java,Field,44,3
org.eclipse.jdt.internal.core.index.impl.FileDocument.java,FileDocument,5,0
org.eclipse.jdt.internal.core.index.impl.FileListBlock.java,FileListBlock,7,0
org.eclipse.jdt.internal.core.index.impl.GammaCompressedIndexBlock.java,GammaCompressedIndexBlock,6,0
org.eclipse.jdt.internal.core.index.impl.IFileDocument.java,IFileDocument,5,0
org.eclipse.jdt.internal.core.index.impl.Index.java,Index,19,0
org.eclipse.jdt.internal.core.index.impl.IndexBlock.java,IndexBlock,8,0
org.eclipse.jdt.internal.core.index.impl.IndexedFile.java,IndexedFile,10,1
org.eclipse.jdt.internal.core.index.impl.IndexedFileHashedArray.java,IndexedFileHashedArray,7,0
org.eclipse.jdt.internal.core.index.impl.IndexerOutput.java,IndexerOutput,3,0
org.eclipse.jdt.internal.core.index.impl.IndexInput.java,IndexInput,21,0
org.eclipse.jdt.internal.core.index.impl.IndexOutput.java,IndexOutput,6,0
org.eclipse.jdt.internal.core.index.impl.IndexSummary.java,IndexSummary,17,0
org.eclipse.jdt.internal.core.index.impl.IndexSummary.java,FirstFileInBlock,0,0
org.eclipse.jdt.internal.core.index.impl.IndexSummary.java,FirstWordInBlock,1,0
org.eclipse.jdt.internal.core.index.impl.InMemoryIndex.java,InMemoryIndex,16,0
org.eclipse.jdt.internal.core.index.impl.Int.java,Int,0,0
org.eclipse.jdt.internal.core.index.impl.JarFileDocument.java,JarFileDocument,6,0
org.eclipse.jdt.internal.core.index.impl.JarFileEntryDocument.java,JarFileEntryDocument,6,0
org.eclipse.jdt.internal.core.index.impl.LRUCache.java,LRUCache,24,0
org.eclipse.jdt.internal.core.index.impl.LRUCache.java,LRUCacheEntry,1,0
org.eclipse.jdt.internal.core.index.impl.MergeFactory.java,MergeFactory,6,0
org.eclipse.jdt.internal.core.index.impl.PropertyDocument.java,PropertyDocument,3,0
org.eclipse.jdt.internal.core.index.impl.SafeRandomAccessFile.java,SafeRandomAccessFile,1,0
org.eclipse.jdt.internal.core.index.impl.SimpleIndexBlock.java,SimpleIndexBlock,6,0
org.eclipse.jdt.internal.core.index.impl.SimpleIndexInput.java,SimpleIndexInput,18,0
org.eclipse.jdt.internal.core.index.impl.Util.java,Util,0,16
org.eclipse.jdt.internal.core.index.impl.WordEntry.java,WordEntry,10,0
org.eclipse.jdt.internal.core.index.impl.WordEntryHashedArray.java,WordEntryHashedArray,5,0
org.eclipse.jdt.internal.core.Initializer.java,Initializer,7,0
org.eclipse.jdt.internal.core.InitializerElementInfo.java,InitializerElementInfo,0,0
org.eclipse.jdt.internal.core.JarEntryFile.java,JarEntryFile,5,0
org.eclipse.jdt.internal.core.JarPackageFragment.java,JarPackageFragment,14,0
org.eclipse.jdt.internal.core.JarPackageFragmentInfo.java,JarPackageFragmentInfo,3,0
org.eclipse.jdt.internal.core.JarPackageFragmentRoot.java,JarPackageFragmentRoot,32,0
org.eclipse.jdt.internal.core.JarPackageFragmentRootInfo.java,JarPackageFragmentRootInfo,3,0
org.eclipse.jdt.internal.core.JavaElement.java,JavaElement,55,0
org.eclipse.jdt.internal.core.JavaElementDelta.java,JavaElementDelta,35,0
org.eclipse.jdt.internal.core.JavaElementDeltaBuilder.java,JavaElementDeltaBuilder,22,0
org.eclipse.jdt.internal.core.JavaElementDeltaBuilder.java,ListItem,0,0
org.eclipse.jdt.internal.core.JavaElementInfo.java,JavaElementInfo,10,0
org.eclipse.jdt.internal.core.JavaElementRequestor.java,JavaElementRequestor,15,0
org.eclipse.jdt.internal.core.JavaModel.java,JavaModel,26,2
org.eclipse.jdt.internal.core.JavaModelCache.java,JavaModelCache,6,0
org.eclipse.jdt.internal.core.JavaModelInfo.java,JavaModelInfo,0,0
org.eclipse.jdt.internal.core.JavaModelManager.java,JavaModelManager,50,13
org.eclipse.jdt.internal.core.JavaModelManager.java,PerProjectInfo,0,0
org.eclipse.jdt.internal.core.JavaModelManager.java,PluginPreferencesListener,1,0
org.eclipse.jdt.internal.core.JavaModelOperation.java,JavaModelOperation,39,0
org.eclipse.jdt.internal.core.JavaModelStatus.java,JavaModelStatus,13,1
org.eclipse.jdt.internal.core.JavaProject.java,JavaProject,85,5
org.eclipse.jdt.internal.core.JavaProjectElementInfo.java,JavaProjectElementInfo,11,0
org.eclipse.jdt.internal.core.jdom.AbstractDOMBuilder.java,AbstractDOMBuilder,10,0
org.eclipse.jdt.internal.core.jdom.CompilationUnit.java,CompilationUnit,5,0
org.eclipse.jdt.internal.core.jdom.DOMBuilder.java,DOMBuilder,31,0
org.eclipse.jdt.internal.core.jdom.DOMCompilationUnit.java,DOMCompilationUnit,14,0
org.eclipse.jdt.internal.core.jdom.DOMField.java,DOMField,38,0
org.eclipse.jdt.internal.core.jdom.DOMImport.java,DOMImport,9,0
org.eclipse.jdt.internal.core.jdom.DOMInitializer.java,DOMInitializer,15,0
org.eclipse.jdt.internal.core.jdom.DOMMember.java,DOMMember,20,0
org.eclipse.jdt.internal.core.jdom.DOMMethod.java,DOMMethod,34,0
org.eclipse.jdt.internal.core.jdom.DOMNode.java,DOMNode,52,0
org.eclipse.jdt.internal.core.jdom.DOMPackage.java,DOMPackage,8,0
org.eclipse.jdt.internal.core.jdom.DOMType.java,DOMType,31,0
org.eclipse.jdt.internal.core.jdom.SiblingEnumeration.java,SiblingEnumeration,2,0
org.eclipse.jdt.internal.core.jdom.SimpleDOMBuilder.java,SimpleDOMBuilder,21,0
org.eclipse.jdt.internal.core.LRUCacheEnumerator.java,LRUCacheEnumerator,2,0
org.eclipse.jdt.internal.core.LRUCacheEnumerator.java,LRUEnumeratorElement,0,0
org.eclipse.jdt.internal.core.Member.java,Member,16,1
org.eclipse.jdt.internal.core.MemberElementInfo.java,MemberElementInfo,8,0
org.eclipse.jdt.internal.core.ModelUpdater.java,ModelUpdater,7,1
org.eclipse.jdt.internal.core.MoveElementsOperation.java,MoveElementsOperation,2,0
org.eclipse.jdt.internal.core.MoveResourceElementsOperation.java,MoveResourceElementsOperation,2,0
org.eclipse.jdt.internal.core.MultiOperation.java,MultiOperation,17,0
org.eclipse.jdt.internal.core.NameLookup.java,NameLookup,17,0
org.eclipse.jdt.internal.core.NonVoidMethodRequestor.java,NonVoidMethodRequestor,1,0
org.eclipse.jdt.internal.core.Openable.java,Openable,46,0
org.eclipse.jdt.internal.core.OpenableElementInfo.java,OpenableElementInfo,0,0
org.eclipse.jdt.internal.core.OverflowingLRUCache.java,OverflowingLRUCache,21,0
org.eclipse.jdt.internal.core.OverflowingLRUCache.java,Temp,1,0
org.eclipse.jdt.internal.core.PackageDeclaration.java,PackageDeclaration,3,0
org.eclipse.jdt.internal.core.PackageFragment.java,PackageFragment,25,0
org.eclipse.jdt.internal.core.PackageFragmentInfo.java,PackageFragmentInfo,4,0
org.eclipse.jdt.internal.core.PackageFragmentRoot.java,PackageFragmentRoot,28,0
org.eclipse.jdt.internal.core.PackageFragmentRootInfo.java,PackageFragmentRootInfo,6,0
org.eclipse.jdt.internal.core.Region.java,Region,7,0
org.eclipse.jdt.internal.core.RenameElementsOperation.java,RenameElementsOperation,4,0
org.eclipse.jdt.internal.core.RenameResourceElementsOperation.java,RenameResourceElementsOperation,3,0
org.eclipse.jdt.internal.core.search.AbstractSearchScope.java,AbstractSearchScope,5,0
org.eclipse.jdt.internal.core.search.HierarchyScope.java,HierarchyScope,10,0
org.eclipse.jdt.internal.core.search.indexing.AbstractIndexer.java,AbstractIndexer,15,11
org.eclipse.jdt.internal.core.search.indexing.AddClassFileToIndex.java,AddClassFileToIndex,5,0
org.eclipse.jdt.internal.core.search.indexing.AddCompilationUnitToIndex.java,AddCompilationUnitToIndex,5,0
org.eclipse.jdt.internal.core.search.indexing.AddJarFileToIndex.java,AddJarFileToIndex,5,0
org.eclipse.jdt.internal.core.search.indexing.BinaryIndexer.java,BinaryIndexer,17,0
org.eclipse.jdt.internal.core.search.indexing.IndexAllProject.java,IndexAllProject,6,0
org.eclipse.jdt.internal.core.search.indexing.IndexBinaryFolder.java,IndexBinaryFolder,6,0
org.eclipse.jdt.internal.core.search.indexing.IndexManager.java,IndexManager,23,0
org.eclipse.jdt.internal.core.search.indexing.IndexRequest.java,IndexRequest,1,0
org.eclipse.jdt.internal.core.search.indexing.ReadWriteMonitor.java,ReadWriteMonitor,5,0
org.eclipse.jdt.internal.core.search.indexing.RemoveFolderFromIndex.java,RemoveFolderFromIndex,4,0
org.eclipse.jdt.internal.core.search.indexing.RemoveFromIndex.java,RemoveFromIndex,4,0
org.eclipse.jdt.internal.core.search.indexing.SourceIndexer.java,SourceIndexer,3,0
org.eclipse.jdt.internal.core.search.indexing.SourceIndexerRequestor.java,SourceIndexerRequestor,28,0
org.eclipse.jdt.internal.core.search.IndexSearchAdapter.java,IndexSearchAdapter,11,0
org.eclipse.jdt.internal.core.search.IndexSelector.java,IndexSelector,5,0
org.eclipse.jdt.internal.core.search.JavaSearchScope.java,JavaSearchScope,12,0
org.eclipse.jdt.internal.core.search.JavaWorkspaceScope.java,JavaWorkspaceScope,8,0
org.eclipse.jdt.internal.core.search.matching.AndPattern.java,AndPattern,3,0
org.eclipse.jdt.internal.core.search.matching.ConstructorDeclarationPattern.java,ConstructorDeclarationPattern,8,0
org.eclipse.jdt.internal.core.search.matching.ConstructorReferencePattern.java,ConstructorReferencePattern,9,0
org.eclipse.jdt.internal.core.search.matching.DeclarationOfAccessedFieldsPattern.java,DeclarationOfAccessedFieldsPattern,2,0
org.eclipse.jdt.internal.core.search.matching.DeclarationOfReferencedMethodsPattern.java,DeclarationOfReferencedMethodsPattern,2,0
org.eclipse.jdt.internal.core.search.matching.DeclarationOfReferencedTypesPattern.java,DeclarationOfReferencedTypesPattern,3,0
org.eclipse.jdt.internal.core.search.matching.FieldDeclarationPattern.java,FieldDeclarationPattern,10,0
org.eclipse.jdt.internal.core.search.matching.FieldReferencePattern.java,FieldReferencePattern,17,0
org.eclipse.jdt.internal.core.search.matching.FileNameEnvironment.java,FileNameEnvironment,1,0
org.eclipse.jdt.internal.core.search.matching.MatchingOpenable.java,MatchingOpenable,10,0
org.eclipse.jdt.internal.core.search.matching.MatchingOpenableSet.java,MatchingOpenableSet,2,0
org.eclipse.jdt.internal.core.search.matching.MatchLocator.java,MatchLocator,49,0
org.eclipse.jdt.internal.core.search.matching.MatchLocatorParser.java,MatchLocatorParser,24,0
org.eclipse.jdt.internal.core.search.matching.MatchLocatorParser.java,LocalDeclarationVisitor,7,0
org.eclipse.jdt.internal.core.search.matching.MatchSet.java,MatchSet,19,0
org.eclipse.jdt.internal.core.search.matching.MatchSet.java,LocalDeclarationVisitor,3,0
org.eclipse.jdt.internal.core.search.matching.MatchSet.java,WrappedCoreException,0,0
org.eclipse.jdt.internal.core.search.matching.MethodDeclarationPattern.java,MethodDeclarationPattern,8,0
org.eclipse.jdt.internal.core.search.matching.MethodPattern.java,MethodPattern,4,0
org.eclipse.jdt.internal.core.search.matching.MethodReferencePattern.java,MethodReferencePattern,10,0
org.eclipse.jdt.internal.core.search.matching.MultipleSearchPattern.java,MultipleSearchPattern,2,0
org.eclipse.jdt.internal.core.search.matching.OrNameCombiner.java,OrNameCombiner,11,0
org.eclipse.jdt.internal.core.search.matching.OrPathCombiner.java,OrPathCombiner,11,0
org.eclipse.jdt.internal.core.search.matching.OrPattern.java,OrPattern,12,0
org.eclipse.jdt.internal.core.search.matching.PackageDeclarationPattern.java,PackageDeclarationPattern,8,0
org.eclipse.jdt.internal.core.search.matching.PackageReferencePattern.java,PackageReferencePattern,17,0
org.eclipse.jdt.internal.core.search.matching.QualifiedTypeDeclarationPattern.java,QualifiedTypeDeclarationPattern,5,0
org.eclipse.jdt.internal.core.search.matching.SearchPattern.java,SearchPattern,21,9
org.eclipse.jdt.internal.core.search.matching.SuperInterfaceReferencePattern.java,SuperInterfaceReferencePattern,4,0
org.eclipse.jdt.internal.core.search.matching.SuperTypeNamesCollector.java,SuperTypeNamesCollector,25,0
org.eclipse.jdt.internal.core.search.matching.SuperTypeNamesCollector.java,TypeDeclarationVisitor,8,0
org.eclipse.jdt.internal.core.search.matching.SuperTypeReferencePattern.java,SuperTypeReferencePattern,10,0
org.eclipse.jdt.internal.core.search.matching.TypeDeclarationPattern.java,TypeDeclarationPattern,11,0
org.eclipse.jdt.internal.core.search.matching.TypeReferencePattern.java,TypeReferencePattern,19,0
org.eclipse.jdt.internal.core.search.PathCollector.java,PathCollector,14,0
org.eclipse.jdt.internal.core.search.PatternSearchJob.java,PatternSearchJob,5,0
org.eclipse.jdt.internal.core.search.processing.JobManager.java,JobManager,15,1
org.eclipse.jdt.internal.core.search.SubTypeSearchJob.java,SubTypeSearchJob,2,0
org.eclipse.jdt.internal.core.search.Util.java,Util,0,5
org.eclipse.jdt.internal.core.SearchableEnvironment.java,SearchableEnvironment,21,0
org.eclipse.jdt.internal.core.SearchableEnvironmentRequestor.java,SearchableEnvironmentRequestor,3,0
org.eclipse.jdt.internal.core.SelectionRequestor.java,SelectionRequestor,12,0
org.eclipse.jdt.internal.core.SetClasspathOperation.java,SetClasspathOperation,17,0
org.eclipse.jdt.internal.core.SingleTypeRequestor.java,SingleTypeRequestor,9,0
org.eclipse.jdt.internal.core.SourceField.java,SourceField,5,0
org.eclipse.jdt.internal.core.SourceFieldElementInfo.java,SourceFieldElementInfo,5,0
org.eclipse.jdt.internal.core.SourceMapper.java,SourceMapper,34,0
org.eclipse.jdt.internal.core.SourceMethod.java,SourceMethod,16,0
org.eclipse.jdt.internal.core.SourceMethodElementInfo.java,SourceMethodElementInfo,12,0
org.eclipse.jdt.internal.core.SourceRange.java,SourceRange,3,0
org.eclipse.jdt.internal.core.SourceRefElement.java,SourceRefElement,17,0
org.eclipse.jdt.internal.core.SourceRefElementInfo.java,SourceRefElementInfo,5,0
org.eclipse.jdt.internal.core.SourceType.java,SourceType,43,0
org.eclipse.jdt.internal.core.SourceType.java,TypeResolveRequestor,7,0
org.eclipse.jdt.internal.core.SourceTypeElementInfo.java,SourceTypeElementInfo,24,0
org.eclipse.jdt.internal.core.TypeConverter.java,TypeConverter,0,5
org.eclipse.jdt.internal.core.TypeVector.java,TypeVector,10,0
org.eclipse.jdt.internal.core.util.AnonymousFileSource.java,AnonymousFileSource,6,1
org.eclipse.jdt.internal.core.util.CharArrayBuffer.java,CharArrayBuffer,6,0
org.eclipse.jdt.internal.core.util.CharArrayOps.java,CharArrayOps,0,7
org.eclipse.jdt.internal.core.util.ClassFileAttribute.java,ClassFileAttribute,3,0
org.eclipse.jdt.internal.core.util.ClassFileReader.java,ClassFileReader,22,0
org.eclipse.jdt.internal.core.util.ClassFileStruct.java,ClassFileStruct,11,0
org.eclipse.jdt.internal.core.util.CodeAttribute.java,CodeAttribute,12,0
org.eclipse.jdt.internal.core.util.ConstantPool.java,ConstantPool,4,0
org.eclipse.jdt.internal.core.util.ConstantPoolEntry.java,ConstantPoolEntry,43,0
org.eclipse.jdt.internal.core.util.ConstantValueAttribute.java,ConstantValueAttribute,3,0
org.eclipse.jdt.internal.core.util.DefaultBytecodeVisitor.java,DefaultBytecodeVisitor,219,0
org.eclipse.jdt.internal.core.util.Disassembler.java,Disassembler,18,0
org.eclipse.jdt.internal.core.util.Dumper.java,Dumper,24,0
org.eclipse.jdt.internal.core.util.ExceptionAttribute.java,ExceptionAttribute,4,0
org.eclipse.jdt.internal.core.util.ExceptionTableEntry.java,ExceptionTableEntry,5,0
org.eclipse.jdt.internal.core.util.FieldInfo.java,FieldInfo,12,0
org.eclipse.jdt.internal.core.util.InnerClassesAttribute.java,InnerClassesAttribute,2,0
org.eclipse.jdt.internal.core.util.InnerClassesAttributeEntry.java,InnerClassesAttributeEntry,7,0
org.eclipse.jdt.internal.core.Util.java,Util,2,61
org.eclipse.jdt.internal.core.util.LineNumberAttribute.java,LineNumberAttribute,3,0
org.eclipse.jdt.internal.core.util.LocalVariableAttribute.java,LocalVariableAttribute,3,0
org.eclipse.jdt.internal.core.util.LocalVariableTableEntry.java,LocalVariableTableEntry,7,0
org.eclipse.jdt.internal.core.util.LRUCache.java,LRUCache,25,0
org.eclipse.jdt.internal.core.util.LRUCache.java,LRUCacheEntry,1,0
org.eclipse.jdt.internal.core.util.MethodInfo.java,MethodInfo,14,0
org.eclipse.jdt.internal.core.util.PerThreadObject.java,PerThreadObject,2,0
org.eclipse.jdt.internal.core.util.ReferenceInfoAdapter.java,ReferenceInfoAdapter,7,0
org.eclipse.jdt.internal.core.util.SourceFileAttribute.java,SourceFileAttribute,3,0
org.eclipse.jdt.internal.core.util.StringHashtableOfInt.java,StringHashtableOfInt,7,0
org.eclipse.jdt.internal.core.util.ToStringSorter.java,ToStringSorter,3,0
org.eclipse.jdt.internal.core.util.Util.java,Util,0,3
org.eclipse.jdt.internal.core.WorkingCopy.java,WorkingCopy,26,0
org.eclipse.jdt.internal.core.WorkingCopyElementInfo.java,WorkingCopyElementInfo,0,0
org.eclipse.jdt.internal.eval.CodeSnippetAllocationExpression.java,CodeSnippetAllocationExpression,4,0
org.eclipse.jdt.internal.eval.CodeSnippetClassFile.java,CodeSnippetClassFile,0,1
org.eclipse.jdt.internal.eval.CodeSnippetCodeStream.java,CodeSnippetCodeStream,23,0
org.eclipse.jdt.internal.eval.CodeSnippetCompiler.java,CodeSnippetCompiler,0,0
org.eclipse.jdt.internal.eval.CodeSnippetConstantPool.java,CodeSnippetConstantPool,26,0
org.eclipse.jdt.internal.eval.CodeSnippetEnvironment.java,CodeSnippetEnvironment,4,0
org.eclipse.jdt.internal.eval.CodeSnippetEvaluator.java,CodeSnippetEvaluator,6,0
org.eclipse.jdt.internal.eval.CodeSnippetFieldReference.java,CodeSnippetFieldReference,7,0
org.eclipse.jdt.internal.eval.CodeSnippetMessageSend.java,CodeSnippetMessageSend,4,0
org.eclipse.jdt.internal.eval.CodeSnippetParser.java,CodeSnippetParser,37,0
org.eclipse.jdt.internal.eval.CodeSnippetQualifiedNameReference.java,CodeSnippetQualifiedNameReference,13,0
org.eclipse.jdt.internal.eval.CodeSnippetReturnStatement.java,CodeSnippetReturnStatement,11,0
org.eclipse.jdt.internal.eval.CodeSnippetScope.java,CodeSnippetScope,11,0
org.eclipse.jdt.internal.eval.CodeSnippetSingleNameReference.java,CodeSnippetSingleNameReference,9,0
org.eclipse.jdt.internal.eval.CodeSnippetSkeleton.java,CodeSnippetSkeleton,23,0
org.eclipse.jdt.internal.eval.CodeSnippetSkeleton.java,BinaryMethodSkeleton,7,0
org.eclipse.jdt.internal.eval.CodeSnippetSuperReference.java,CodeSnippetSuperReference,6,0
org.eclipse.jdt.internal.eval.CodeSnippetThisReference.java,CodeSnippetThisReference,9,0
org.eclipse.jdt.internal.eval.CodeSnippetToCuMapper.java,CodeSnippetToCuMapper,26,0
org.eclipse.jdt.internal.eval.CodeSnippetTypeDeclaration.java,CodeSnippetTypeDeclaration,1,0
org.eclipse.jdt.internal.eval.EvaluationContext.java,EvaluationContext,30,1
org.eclipse.jdt.internal.eval.EvaluationContext.java,ForwardingRequestor,2,0
org.eclipse.jdt.internal.eval.EvaluationResult.java,EvaluationResult,12,0
org.eclipse.jdt.internal.eval.Evaluator.java,Evaluator,11,0
org.eclipse.jdt.internal.eval.Evaluator.java,CompilerRequestor,1,0
org.eclipse.jdt.internal.eval.GlobalVariable.java,GlobalVariable,4,0
org.eclipse.jdt.internal.eval.InstallException.java,InstallException,0,0
org.eclipse.jdt.internal.eval.VariablesEvaluator.java,VariablesEvaluator,6,0
org.eclipse.jdt.internal.eval.VariablesInfo.java,VariablesInfo,2,0
org.eclipse.jdt.internal.formatter.CodeFormatter.java,CodeFormatter,39,8
org.eclipse.jdt.internal.formatter.impl.FormatterOptions.java,FormatterOptions,12,0
org.eclipse.jdt.internal.formatter.impl.SplitLine.java,SplitLine,1,0
