file,num_of_anony,num_of_interface,num_of_class,line_of_code
org.eclipse.jdt.core.BufferChangedEvent.java,??,0,1,109
org.eclipse.jdt.core.ClasspathContainerInitializer.java,??,0,1,70
org.eclipse.jdt.core.ClasspathVariableInitializer.java,??,0,1,30
org.eclipse.jdt.core.CompletionRequestorAdapter.java,??,0,1,206
org.eclipse.jdt.core.CorrectionEngine.java,??,0,1,414
org.eclipse.jdt.core.dom.AnonymousClassDeclaration.java,??,0,1,130
org.eclipse.jdt.core.dom.ArrayAccess.java,??,0,1,175
org.eclipse.jdt.core.dom.ArrayCreation.java,??,0,1,204
org.eclipse.jdt.core.dom.ArrayInitializer.java,??,0,1,104
org.eclipse.jdt.core.dom.ArrayType.java,??,0,1,171
org.eclipse.jdt.core.dom.AssertStatement.java,??,0,1,172
org.eclipse.jdt.core.dom.Assignment.java,??,0,2,321
org.eclipse.jdt.core.dom.AST.java,??,0,1,1441
org.eclipse.jdt.core.dom.ASTConverter.java,??,0,1,2861
org.eclipse.jdt.core.dom.ASTMatcher.java,??,0,1,1610
org.eclipse.jdt.core.dom.ASTNode.java,??,0,3,1562
org.eclipse.jdt.core.dom.ASTSyntaxErrorPropagator.java,??,0,1,99
org.eclipse.jdt.core.dom.ASTVisitor.java,??,0,1,435
org.eclipse.jdt.core.dom.BindingResolver.java,??,0,1,467
org.eclipse.jdt.core.dom.Block.java,??,0,1,113
org.eclipse.jdt.core.dom.BodyDeclaration.java,??,0,1,89
org.eclipse.jdt.core.dom.BooleanLiteral.java,??,0,1,113
org.eclipse.jdt.core.dom.BreakStatement.java,??,0,1,123
org.eclipse.jdt.core.dom.CastExpression.java,??,0,1,172
org.eclipse.jdt.core.dom.CatchClause.java,??,0,1,173
org.eclipse.jdt.core.dom.CharacterLiteral.java,??,0,1,308
org.eclipse.jdt.core.dom.ClassInstanceCreation.java,??,0,1,249
org.eclipse.jdt.core.dom.CompilationUnit.java,??,0,1,374
org.eclipse.jdt.core.dom.CompilationUnitResolver.java,??,0,1,273
org.eclipse.jdt.core.dom.ConditionalExpression.java,??,0,1,220
org.eclipse.jdt.core.dom.ConstructorInvocation.java,??,0,1,124
org.eclipse.jdt.core.dom.ContinueStatement.java,??,0,1,123
org.eclipse.jdt.core.dom.DefaultBindingResolver.java,??,0,1,992
org.eclipse.jdt.core.dom.DoStatement.java,??,0,1,172
org.eclipse.jdt.core.dom.EmptyStatement.java,??,0,1,77
org.eclipse.jdt.core.dom.Expression.java,??,0,1,79
org.eclipse.jdt.core.dom.ExpressionStatement.java,??,0,1,135
org.eclipse.jdt.core.dom.FieldAccess.java,??,0,1,170
org.eclipse.jdt.core.dom.FieldDeclaration.java,??,0,1,243
org.eclipse.jdt.core.dom.ForStatement.java,??,0,1,230
org.eclipse.jdt.core.dom.IBinding.java,??,1,0,178
org.eclipse.jdt.core.dom.IfStatement.java,??,0,1,227
org.eclipse.jdt.core.dom.IMethodBinding.java,??,1,0,84
org.eclipse.jdt.core.dom.ImportDeclaration.java,??,0,1,183
org.eclipse.jdt.core.dom.InfixExpression.java,??,0,2,407
org.eclipse.jdt.core.dom.Initializer.java,??,0,1,175
org.eclipse.jdt.core.dom.InstanceofExpression.java,??,0,1,173
org.eclipse.jdt.core.dom.IPackageBinding.java,??,1,0,73
org.eclipse.jdt.core.dom.ITypeBinding.java,??,1,0,379
org.eclipse.jdt.core.dom.IVariableBinding.java,??,1,0,94
org.eclipse.jdt.core.dom.Javadoc.java,??,0,1,119
org.eclipse.jdt.core.dom.LabeledStatement.java,??,0,1,173
org.eclipse.jdt.core.dom.Message.java,??,0,1,134
org.eclipse.jdt.core.dom.MethodBinding.java,??,0,1,164
org.eclipse.jdt.core.dom.MethodDeclaration.java,??,0,1,439
org.eclipse.jdt.core.dom.MethodInvocation.java,??,0,1,189
org.eclipse.jdt.core.dom.Modifier.java,??,0,1,251
org.eclipse.jdt.core.dom.NaiveASTFlattener.java,??,0,1,956
org.eclipse.jdt.core.dom.Name.java,??,0,1,77
org.eclipse.jdt.core.dom.NullLiteral.java,??,0,1,76
org.eclipse.jdt.core.dom.NumberLiteral.java,??,0,1,146
org.eclipse.jdt.core.dom.PackageBinding.java,??,0,1,124
org.eclipse.jdt.core.dom.PackageDeclaration.java,??,0,1,144
org.eclipse.jdt.core.dom.ParenthesizedExpression.java,??,0,1,130
org.eclipse.jdt.core.dom.PostfixExpression.java,??,0,2,235
org.eclipse.jdt.core.dom.PrefixExpression.java,??,0,2,253
org.eclipse.jdt.core.dom.PrimitiveType.java,??,0,2,238
org.eclipse.jdt.core.dom.QualifiedName.java,??,0,1,174
org.eclipse.jdt.core.dom.ReturnStatement.java,??,0,1,122
org.eclipse.jdt.core.dom.SimpleName.java,??,0,1,206
org.eclipse.jdt.core.dom.SimpleType.java,??,0,1,126
org.eclipse.jdt.core.dom.SingleVariableDeclaration.java,??,0,1,259
org.eclipse.jdt.core.dom.Statement.java,??,0,1,136
org.eclipse.jdt.core.dom.StringLiteral.java,??,0,1,349
org.eclipse.jdt.core.dom.SuperConstructorInvocation.java,??,0,1,164
org.eclipse.jdt.core.dom.SuperFieldAccess.java,??,0,1,167
org.eclipse.jdt.core.dom.SuperMethodInvocation.java,??,0,1,187
org.eclipse.jdt.core.dom.SwitchCase.java,??,0,1,151
org.eclipse.jdt.core.dom.SwitchStatement.java,??,0,1,164
org.eclipse.jdt.core.dom.SynchronizedStatement.java,??,0,1,173
org.eclipse.jdt.core.dom.ThisExpression.java,??,0,1,119
org.eclipse.jdt.core.dom.ThrowStatement.java,??,0,1,131
org.eclipse.jdt.core.dom.TryStatement.java,??,0,1,195
org.eclipse.jdt.core.dom.Type.java,??,0,1,130
org.eclipse.jdt.core.dom.TypeBinding.java,??,0,1,401
org.eclipse.jdt.core.dom.TypeDeclaration.java,??,0,1,522
org.eclipse.jdt.core.dom.TypeDeclarationStatement.java,??,0,1,156
org.eclipse.jdt.core.dom.TypeLiteral.java,??,0,1,128
org.eclipse.jdt.core.dom.VariableBinding.java,??,0,1,133
org.eclipse.jdt.core.dom.VariableDeclaration.java,??,0,1,100
org.eclipse.jdt.core.dom.VariableDeclarationExpression.java,??,0,1,218
org.eclipse.jdt.core.dom.VariableDeclarationFragment.java,??,0,1,190
org.eclipse.jdt.core.dom.VariableDeclarationStatement.java,??,0,1,215
org.eclipse.jdt.core.dom.WhileStatement.java,??,0,1,174
org.eclipse.jdt.core.ElementChangedEvent.java,??,0,1,121
org.eclipse.jdt.core.eval.ICodeSnippetRequestor.java,??,1,0,172
org.eclipse.jdt.core.eval.IEvaluationContext.java,??,1,0,339
org.eclipse.jdt.core.eval.IGlobalVariable.java,??,1,0,47
org.eclipse.jdt.core.Flags.java,??,0,1,294
org.eclipse.jdt.core.IBuffer.java,??,1,0,263
org.eclipse.jdt.core.IBufferChangedListener.java,??,1,0,30
org.eclipse.jdt.core.IBufferFactory.java,??,1,0,33
org.eclipse.jdt.core.IClassFile.java,??,1,0,102
org.eclipse.jdt.core.IClasspathContainer.java,??,1,0,103
org.eclipse.jdt.core.IClasspathEntry.java,??,1,0,266
org.eclipse.jdt.core.ICodeAssist.java,??,1,0,81
org.eclipse.jdt.core.ICodeCompletionRequestor.java,??,1,0,275
org.eclipse.jdt.core.ICodeFormatter.java,??,1,0,43
org.eclipse.jdt.core.ICompilationUnit.java,??,1,0,208
org.eclipse.jdt.core.ICompletionRequestor.java,??,1,0,405
org.eclipse.jdt.core.ICorrectionRequestor.java,??,1,0,176
org.eclipse.jdt.core.IElementChangedListener.java,??,1,0,29
org.eclipse.jdt.core.IField.java,??,1,0,47
org.eclipse.jdt.core.IImportContainer.java,??,1,0,31
org.eclipse.jdt.core.IImportDeclaration.java,??,1,0,37
org.eclipse.jdt.core.IInitializer.java,??,1,0,20
org.eclipse.jdt.core.IJavaElement.java,??,1,0,275
org.eclipse.jdt.core.IJavaElementDelta.java,??,1,0,307
org.eclipse.jdt.core.IJavaModel.java,??,1,0,221
org.eclipse.jdt.core.IJavaModelMarker.java,??,1,0,81
org.eclipse.jdt.core.IJavaModelStatus.java,??,1,0,82
org.eclipse.jdt.core.IJavaModelStatusConstants.java,??,1,0,252
org.eclipse.jdt.core.IJavaProject.java,??,1,0,504
org.eclipse.jdt.core.IMember.java,??,1,0,81
org.eclipse.jdt.core.IMethod.java,??,1,0,145
org.eclipse.jdt.core.IOpenable.java,??,1,0,168
org.eclipse.jdt.core.IPackageDeclaration.java,??,1,0,26
org.eclipse.jdt.core.IPackageFragment.java,??,1,0,159
org.eclipse.jdt.core.IPackageFragmentRoot.java,??,1,0,193
org.eclipse.jdt.core.IParent.java,??,1,0,40
org.eclipse.jdt.core.IProblemRequestor.java,??,1,0,54
org.eclipse.jdt.core.IRegion.java,??,1,0,67
org.eclipse.jdt.core.ISourceManipulation.java,??,1,0,113
org.eclipse.jdt.core.ISourceRange.java,??,1,0,38
org.eclipse.jdt.core.ISourceReference.java,??,1,0,73
org.eclipse.jdt.core.IType.java,??,1,0,569
org.eclipse.jdt.core.ITypeHierarchy.java,??,1,0,277
org.eclipse.jdt.core.ITypeHierarchyChangedListener.java,??,1,0,29
org.eclipse.jdt.core.IWorkingCopy.java,??,1,0,349
org.eclipse.jdt.core.JavaConventions.java,??,0,1,670
org.eclipse.jdt.core.JavaCore.java,??,0,1,2540
org.eclipse.jdt.core.JavaModelException.java,??,0,1,132
org.eclipse.jdt.core.jdom.DOMException.java,??,0,1,32
org.eclipse.jdt.core.jdom.DOMFactory.java,??,0,1,155
org.eclipse.jdt.core.jdom.IDOMCompilationUnit.java,??,1,0,64
org.eclipse.jdt.core.jdom.IDOMFactory.java,??,1,0,197
org.eclipse.jdt.core.jdom.IDOMField.java,??,1,0,76
org.eclipse.jdt.core.jdom.IDOMImport.java,??,1,0,44
org.eclipse.jdt.core.jdom.IDOMInitializer.java,??,1,0,49
org.eclipse.jdt.core.jdom.IDOMMember.java,??,1,0,61
org.eclipse.jdt.core.jdom.IDOMMethod.java,??,1,0,182
org.eclipse.jdt.core.jdom.IDOMNode.java,??,1,0,277
org.eclipse.jdt.core.jdom.IDOMPackage.java,??,1,0,36
org.eclipse.jdt.core.jdom.IDOMType.java,??,1,0,127
org.eclipse.jdt.core.JDTCompilerAdapter.java,??,0,1,231
org.eclipse.jdt.core.search.IJavaSearchConstants.java,??,1,0,175
org.eclipse.jdt.core.search.IJavaSearchResultCollector.java,??,1,0,92
org.eclipse.jdt.core.search.IJavaSearchScope.java,??,1,0,92
org.eclipse.jdt.core.search.ISearchPattern.java,??,1,0,21
org.eclipse.jdt.core.search.ITypeNameRequestor.java,??,1,0,53
org.eclipse.jdt.core.search.SearchEngine.java,??,0,1,714
org.eclipse.jdt.core.Signature.java,??,0,1,1384
org.eclipse.jdt.core.ToolFactory.java,??,0,1,249
org.eclipse.jdt.core.util.ByteCodeVisitorAdapter.java,??,0,1,1282
org.eclipse.jdt.core.util.ClassFormatException.java,??,0,1,44
org.eclipse.jdt.core.util.IAttributeNamesConstants.java,??,1,0,30
org.eclipse.jdt.core.util.IBytecodeVisitor.java,??,1,0,285
org.eclipse.jdt.core.util.IClassFileAttribute.java,??,1,0,44
org.eclipse.jdt.core.util.IClassFileDisassembler.java,??,1,0,55
org.eclipse.jdt.core.util.IClassFileReader.java,??,1,0,231
org.eclipse.jdt.core.util.ICodeAttribute.java,??,1,0,109
org.eclipse.jdt.core.util.IConstantPool.java,??,1,0,46
org.eclipse.jdt.core.util.IConstantPoolConstant.java,??,1,0,46
org.eclipse.jdt.core.util.IConstantPoolEntry.java,??,1,0,180
org.eclipse.jdt.core.util.IConstantValueAttribute.java,??,1,0,38
org.eclipse.jdt.core.util.IExceptionAttribute.java,??,1,0,47
org.eclipse.jdt.core.util.IExceptionTableEntry.java,??,1,0,59
org.eclipse.jdt.core.util.IFieldInfo.java,??,1,0,110
org.eclipse.jdt.core.util.IInnerClassesAttribute.java,??,1,0,40
org.eclipse.jdt.core.util.IInnerClassesAttributeEntry.java,??,1,0,86
org.eclipse.jdt.core.util.ILineNumberAttribute.java,??,1,0,40
org.eclipse.jdt.core.util.ILocalVariableAttribute.java,??,1,0,40
org.eclipse.jdt.core.util.ILocalVariableTableEntry.java,??,1,0,84
org.eclipse.jdt.core.util.IMethodInfo.java,??,1,0,137
org.eclipse.jdt.core.util.IModifierConstants.java,??,1,0,35
org.eclipse.jdt.core.util.IOpcodeMnemonics.java,??,1,0,227
org.eclipse.jdt.core.util.ISourceAttribute.java,??,1,0,37
org.eclipse.jdt.core.util.OpcodeStringValues.java,??,0,1,230
org.eclipse.jdt.internal.codeassist.complete.CompletionNodeFound.java,??,0,1,32
org.eclipse.jdt.internal.codeassist.complete.CompletionOnArgumentName.java,??,0,1,50
org.eclipse.jdt.internal.codeassist.complete.CompletionOnClassLiteralAccess.java,??,0,1,59
org.eclipse.jdt.internal.codeassist.complete.CompletionOnClassReference.java,??,0,1,20
org.eclipse.jdt.internal.codeassist.complete.CompletionOnExceptionReference.java,??,0,1,46
org.eclipse.jdt.internal.codeassist.complete.CompletionOnExplicitConstructorCall.java,??,0,1,76
org.eclipse.jdt.internal.codeassist.complete.CompletionOnFieldName.java,??,0,1,42
org.eclipse.jdt.internal.codeassist.complete.CompletionOnFieldType.java,??,0,1,58
org.eclipse.jdt.internal.codeassist.complete.CompletionOnImportReference.java,??,0,1,55
org.eclipse.jdt.internal.codeassist.complete.CompletionOnInterfaceReference.java,??,0,1,20
org.eclipse.jdt.internal.codeassist.complete.CompletionOnLocalName.java,??,0,1,42
org.eclipse.jdt.internal.codeassist.complete.CompletionOnMemberAccess.java,??,0,1,58
org.eclipse.jdt.internal.codeassist.complete.CompletionOnMessageSend.java,??,0,1,70
org.eclipse.jdt.internal.codeassist.complete.CompletionOnMethodName.java,??,0,1,61
org.eclipse.jdt.internal.codeassist.complete.CompletionOnMethodReturnType.java,??,0,1,34
org.eclipse.jdt.internal.codeassist.complete.CompletionOnPackageReference.java,??,0,1,53
org.eclipse.jdt.internal.codeassist.complete.CompletionOnQualifiedAllocationExpression.java,??,0,1,69
org.eclipse.jdt.internal.codeassist.complete.CompletionOnQualifiedClassReference.java,??,0,1,28
org.eclipse.jdt.internal.codeassist.complete.CompletionOnQualifiedExceptionReference.java,??,0,1,55
org.eclipse.jdt.internal.codeassist.complete.CompletionOnQualifiedInterfaceReference.java,??,0,1,28
org.eclipse.jdt.internal.codeassist.complete.CompletionOnQualifiedNameReference.java,??,0,1,78
org.eclipse.jdt.internal.codeassist.complete.CompletionOnQualifiedTypeReference.java,??,0,1,66
org.eclipse.jdt.internal.codeassist.complete.CompletionOnSingleNameReference.java,??,0,1,47
org.eclipse.jdt.internal.codeassist.complete.CompletionOnSingleTypeReference.java,??,0,1,63
org.eclipse.jdt.internal.codeassist.complete.CompletionParser.java,??,0,1,1386
org.eclipse.jdt.internal.codeassist.complete.CompletionScanner.java,??,0,1,707
org.eclipse.jdt.internal.codeassist.complete.InvalidCursorLocation.java,??,0,1,30
org.eclipse.jdt.internal.codeassist.CompletionEngine.java,??,0,1,2702
org.eclipse.jdt.internal.codeassist.impl.AssistOptions.java,??,0,1,72
org.eclipse.jdt.internal.codeassist.impl.AssistParser.java,??,0,1,1009
org.eclipse.jdt.internal.codeassist.impl.Engine.java,??,0,1,192
org.eclipse.jdt.internal.codeassist.ISearchableNameEnvironment.java,??,1,0,48
org.eclipse.jdt.internal.codeassist.ISearchRequestor.java,??,1,0,60
org.eclipse.jdt.internal.codeassist.ISelectionRequestor.java,??,1,0,145
org.eclipse.jdt.internal.codeassist.RelevanceConstants.java,??,1,0,21
org.eclipse.jdt.internal.codeassist.select.SelectionNodeFound.java,??,0,1,23
org.eclipse.jdt.internal.codeassist.select.SelectionOnArgumentName.java,??,0,1,44
org.eclipse.jdt.internal.codeassist.select.SelectionOnExplicitConstructorCall.java,??,0,1,71
org.eclipse.jdt.internal.codeassist.select.SelectionOnFieldReference.java,??,0,1,60
org.eclipse.jdt.internal.codeassist.select.SelectionOnFieldType.java,??,0,1,27
org.eclipse.jdt.internal.codeassist.select.SelectionOnImportReference.java,??,0,1,52
org.eclipse.jdt.internal.codeassist.select.SelectionOnLocalName.java,??,0,1,38
org.eclipse.jdt.internal.codeassist.select.SelectionOnMessageSend.java,??,0,1,72
org.eclipse.jdt.internal.codeassist.select.SelectionOnPackageReference.java,??,0,1,50
org.eclipse.jdt.internal.codeassist.select.SelectionOnQualifiedAllocationExpression.java,??,0,1,77
org.eclipse.jdt.internal.codeassist.select.SelectionOnQualifiedNameReference.java,??,0,1,89
org.eclipse.jdt.internal.codeassist.select.SelectionOnQualifiedSuperReference.java,??,0,1,60
org.eclipse.jdt.internal.codeassist.select.SelectionOnQualifiedTypeReference.java,??,0,1,67
org.eclipse.jdt.internal.codeassist.select.SelectionOnSingleNameReference.java,??,0,1,74
org.eclipse.jdt.internal.codeassist.select.SelectionOnSingleTypeReference.java,??,0,1,65
org.eclipse.jdt.internal.codeassist.select.SelectionOnSuperReference.java,??,0,1,58
org.eclipse.jdt.internal.codeassist.select.SelectionParser.java,??,0,1,686
org.eclipse.jdt.internal.codeassist.select.SelectionScanner.java,??,0,1,68
org.eclipse.jdt.internal.codeassist.SelectionEngine.java,??,0,1,738
org.eclipse.jdt.internal.compiler.AbstractSyntaxTreeVisitorAdapter.java,??,0,1,495
org.eclipse.jdt.internal.compiler.ast.AbstractMethodDeclaration.java,??,0,1,398
org.eclipse.jdt.internal.compiler.ast.AbstractVariableDeclaration.java,??,0,1,39
org.eclipse.jdt.internal.compiler.ast.AllocationExpression.java,??,0,1,256
org.eclipse.jdt.internal.compiler.ast.AND_AND_Expression.java,??,0,1,297
org.eclipse.jdt.internal.compiler.ast.AnonymousLocalTypeDeclaration.java,??,0,1,170
org.eclipse.jdt.internal.compiler.ast.Argument.java,??,0,1,92
org.eclipse.jdt.internal.compiler.ast.ArrayAllocationExpression.java,??,0,1,185
org.eclipse.jdt.internal.compiler.ast.ArrayInitializer.java,??,0,1,188
org.eclipse.jdt.internal.compiler.ast.ArrayQualifiedTypeReference.java,??,0,1,51
org.eclipse.jdt.internal.compiler.ast.ArrayReference.java,??,0,1,194
org.eclipse.jdt.internal.compiler.ast.ArrayTypeReference.java,??,0,1,52
org.eclipse.jdt.internal.compiler.ast.AssertStatement.java,??,0,1,172
org.eclipse.jdt.internal.compiler.ast.Assignment.java,??,0,1,117
org.eclipse.jdt.internal.compiler.ast.AstNode.java,??,0,1,208
org.eclipse.jdt.internal.compiler.ast.BinaryExpression.java,??,0,1,1738
org.eclipse.jdt.internal.compiler.ast.Block.java,??,0,1,160
org.eclipse.jdt.internal.compiler.ast.BranchStatement.java,??,0,1,66
org.eclipse.jdt.internal.compiler.ast.Break.java,??,0,1,106
org.eclipse.jdt.internal.compiler.ast.Case.java,??,0,1,98
org.eclipse.jdt.internal.compiler.ast.CastExpression.java,??,0,1,285
org.eclipse.jdt.internal.compiler.ast.CharLiteral.java,??,0,1,101
org.eclipse.jdt.internal.compiler.ast.ClassLiteralAccess.java,??,0,1,96
org.eclipse.jdt.internal.compiler.ast.Clinit.java,??,0,1,255
org.eclipse.jdt.internal.compiler.ast.CompilationUnitDeclaration.java,??,0,1,290
org.eclipse.jdt.internal.compiler.ast.CompoundAssignment.java,??,0,1,141
org.eclipse.jdt.internal.compiler.ast.ConditionalExpression.java,??,0,1,413
org.eclipse.jdt.internal.compiler.ast.ConstructorDeclaration.java,??,0,1,394
org.eclipse.jdt.internal.compiler.ast.Continue.java,??,0,1,111
org.eclipse.jdt.internal.compiler.ast.DefaultCase.java,??,0,1,84
org.eclipse.jdt.internal.compiler.ast.DoStatement.java,??,0,1,198
org.eclipse.jdt.internal.compiler.ast.DoubleLiteral.java,??,0,1,71
org.eclipse.jdt.internal.compiler.ast.EmptyStatement.java,??,0,1,38
org.eclipse.jdt.internal.compiler.ast.EqualExpression.java,??,0,1,533
org.eclipse.jdt.internal.compiler.ast.ExplicitConstructorCall.java,??,0,1,316
org.eclipse.jdt.internal.compiler.ast.Expression.java,??,0,1,484
org.eclipse.jdt.internal.compiler.ast.ExtendedStringLiteral.java,??,0,1,82
org.eclipse.jdt.internal.compiler.ast.FalseLiteral.java,??,0,1,67
org.eclipse.jdt.internal.compiler.ast.FieldDeclaration.java,??,0,1,214
org.eclipse.jdt.internal.compiler.ast.FieldReference.java,??,0,1,568
org.eclipse.jdt.internal.compiler.ast.FloatLiteral.java,??,0,1,84
org.eclipse.jdt.internal.compiler.ast.ForStatement.java,??,0,1,336
org.eclipse.jdt.internal.compiler.ast.IfStatement.java,??,0,1,278
org.eclipse.jdt.internal.compiler.ast.ImportReference.java,??,0,1,61
org.eclipse.jdt.internal.compiler.ast.Initializer.java,??,0,1,116
org.eclipse.jdt.internal.compiler.ast.InnerTypeDeclaration.java,??,0,1,20
org.eclipse.jdt.internal.compiler.ast.InstanceOfExpression.java,??,0,1,248
org.eclipse.jdt.internal.compiler.ast.IntLiteral.java,??,0,1,147
org.eclipse.jdt.internal.compiler.ast.IntLiteralMinValue.java,??,0,1,27
org.eclipse.jdt.internal.compiler.ast.LabeledStatement.java,??,0,1,126
org.eclipse.jdt.internal.compiler.ast.Literal.java,??,0,1,38
org.eclipse.jdt.internal.compiler.ast.LocalDeclaration.java,??,0,1,206
org.eclipse.jdt.internal.compiler.ast.LocalTypeDeclaration.java,??,0,1,67
org.eclipse.jdt.internal.compiler.ast.LongLiteral.java,??,0,1,140
org.eclipse.jdt.internal.compiler.ast.LongLiteralMinValue.java,??,0,1,27
org.eclipse.jdt.internal.compiler.ast.MagicLiteral.java,??,0,1,31
org.eclipse.jdt.internal.compiler.ast.MemberTypeDeclaration.java,??,0,1,66
org.eclipse.jdt.internal.compiler.ast.MessageSend.java,??,0,1,307
org.eclipse.jdt.internal.compiler.ast.MethodDeclaration.java,??,0,1,103
org.eclipse.jdt.internal.compiler.ast.NameReference.java,??,0,1,63
org.eclipse.jdt.internal.compiler.ast.NullLiteral.java,??,0,1,52
org.eclipse.jdt.internal.compiler.ast.NumberLiteral.java,??,0,1,32
org.eclipse.jdt.internal.compiler.ast.OperatorExpression.java,??,0,2,1566
org.eclipse.jdt.internal.compiler.ast.OperatorIds.java,??,1,0,43
org.eclipse.jdt.internal.compiler.ast.OR_OR_Expression.java,??,0,1,296
org.eclipse.jdt.internal.compiler.ast.PostfixExpression.java,??,0,1,77
org.eclipse.jdt.internal.compiler.ast.PrefixExpression.java,??,0,1,60
org.eclipse.jdt.internal.compiler.ast.QualifiedAllocationExpression.java,??,0,1,340
org.eclipse.jdt.internal.compiler.ast.QualifiedNameReference.java,??,0,1,801
org.eclipse.jdt.internal.compiler.ast.QualifiedSuperReference.java,??,0,1,59
org.eclipse.jdt.internal.compiler.ast.QualifiedThisReference.java,??,0,1,176
org.eclipse.jdt.internal.compiler.ast.QualifiedTypeReference.java,??,0,1,62
org.eclipse.jdt.internal.compiler.ast.Reference.java,??,0,1,76
org.eclipse.jdt.internal.compiler.ast.ReturnStatement.java,??,0,1,249
org.eclipse.jdt.internal.compiler.ast.SingleNameReference.java,??,0,1,693
org.eclipse.jdt.internal.compiler.ast.SingleTypeReference.java,??,0,1,65
org.eclipse.jdt.internal.compiler.ast.Statement.java,??,0,1,81
org.eclipse.jdt.internal.compiler.ast.StringLiteral.java,??,0,1,105
org.eclipse.jdt.internal.compiler.ast.SuperReference.java,??,0,1,63
org.eclipse.jdt.internal.compiler.ast.SwitchStatement.java,??,0,1,312
org.eclipse.jdt.internal.compiler.ast.SynchronizedStatement.java,??,0,1,170
org.eclipse.jdt.internal.compiler.ast.ThisReference.java,??,0,1,72
org.eclipse.jdt.internal.compiler.ast.ThrowStatement.java,??,0,1,79
org.eclipse.jdt.internal.compiler.ast.TrueLiteral.java,??,0,1,70
org.eclipse.jdt.internal.compiler.ast.TryStatement.java,??,0,1,525
org.eclipse.jdt.internal.compiler.ast.TypeDeclaration.java,??,0,1,1069
org.eclipse.jdt.internal.compiler.ast.TypeReference.java,??,0,1,102
org.eclipse.jdt.internal.compiler.ast.UnaryExpression.java,??,0,1,288
org.eclipse.jdt.internal.compiler.ast.WhileStatement.java,??,0,1,236
org.eclipse.jdt.internal.compiler.batch.ClasspathDirectory.java,??,0,1,117
org.eclipse.jdt.internal.compiler.batch.ClasspathJar.java,??,0,1,78
org.eclipse.jdt.internal.compiler.batch.CompilationUnit.java,??,0,1,73
org.eclipse.jdt.internal.compiler.batch.FileFinder.java,??,0,1,48
org.eclipse.jdt.internal.compiler.batch.FileSystem.java,??,1,1,169
org.eclipse.jdt.internal.compiler.batch.Main.java,??,0,1,1288
org.eclipse.jdt.internal.compiler.ClassFile.java,??,0,1,2959
org.eclipse.jdt.internal.compiler.classfmt.ClassFileConstants.java,??,1,0,40
org.eclipse.jdt.internal.compiler.classfmt.ClassFileReader.java,??,0,1,788
org.eclipse.jdt.internal.compiler.classfmt.ClassFileStruct.java,??,0,1,184
org.eclipse.jdt.internal.compiler.classfmt.ClassFormatException.java,??,0,1,62
org.eclipse.jdt.internal.compiler.classfmt.FieldInfo.java,??,0,1,310
org.eclipse.jdt.internal.compiler.classfmt.InnerClassInfo.java,??,0,1,143
org.eclipse.jdt.internal.compiler.classfmt.MethodInfo.java,??,0,1,238
org.eclipse.jdt.internal.compiler.codegen.AttributeNamesConstants.java,??,1,0,23
org.eclipse.jdt.internal.compiler.codegen.CaseLabel.java,??,0,1,81
org.eclipse.jdt.internal.compiler.codegen.CharArrayCache.java,??,0,1,184
org.eclipse.jdt.internal.compiler.codegen.CodeStream.java,??,0,1,5690
org.eclipse.jdt.internal.compiler.codegen.ConstantPool.java,??,0,1,3120
org.eclipse.jdt.internal.compiler.codegen.DoubleCache.java,??,0,1,138
org.eclipse.jdt.internal.compiler.codegen.ExceptionLabel.java,??,0,1,36
org.eclipse.jdt.internal.compiler.codegen.FieldNameAndTypeCache.java,??,0,1,161
org.eclipse.jdt.internal.compiler.codegen.FloatCache.java,??,0,1,138
org.eclipse.jdt.internal.compiler.codegen.IntegerCache.java,??,0,1,155
org.eclipse.jdt.internal.compiler.codegen.Label.java,??,0,1,246
org.eclipse.jdt.internal.compiler.codegen.LongCache.java,??,0,1,155
org.eclipse.jdt.internal.compiler.codegen.MethodNameAndTypeCache.java,??,0,1,162
org.eclipse.jdt.internal.compiler.codegen.ObjectCache.java,??,0,1,152
org.eclipse.jdt.internal.compiler.codegen.Opcodes.java,??,1,0,216
org.eclipse.jdt.internal.compiler.codegen.QualifiedNamesConstants.java,??,1,0,92
org.eclipse.jdt.internal.compiler.codegen.ResetStateForCodeGenerationVisitor.java,??,0,1,56
org.eclipse.jdt.internal.compiler.Compiler.java,??,0,1,595
org.eclipse.jdt.internal.compiler.ConfigurableOption.java,??,0,1,229
org.eclipse.jdt.internal.compiler.DefaultErrorHandlingPolicies.java,??,0,1,75
org.eclipse.jdt.internal.compiler.DocumentElementParser.java,??,0,1,1328
org.eclipse.jdt.internal.compiler.env.IBinaryField.java,??,1,0,33
org.eclipse.jdt.internal.compiler.env.IBinaryMethod.java,??,1,0,44
org.eclipse.jdt.internal.compiler.env.IBinaryNestedType.java,??,1,0,38
org.eclipse.jdt.internal.compiler.env.IBinaryType.java,??,1,0,102
org.eclipse.jdt.internal.compiler.env.ICompilationUnit.java,??,1,0,36
org.eclipse.jdt.internal.compiler.env.IConstants.java,??,1,0,44
org.eclipse.jdt.internal.compiler.env.IDependent.java,??,1,0,33
org.eclipse.jdt.internal.compiler.env.IGenericField.java,??,1,0,27
org.eclipse.jdt.internal.compiler.env.IGenericMethod.java,??,1,0,36
org.eclipse.jdt.internal.compiler.env.IGenericType.java,??,1,0,32
org.eclipse.jdt.internal.compiler.env.INameEnvironment.java,??,1,0,71
org.eclipse.jdt.internal.compiler.env.ISourceField.java,??,1,0,42
org.eclipse.jdt.internal.compiler.env.ISourceMethod.java,??,1,0,62
org.eclipse.jdt.internal.compiler.env.ISourceType.java,??,1,0,108
org.eclipse.jdt.internal.compiler.env.NameEnvironmentAnswer.java,??,0,1,79
org.eclipse.jdt.internal.compiler.flow.ConditionalFlowInfo.java,??,0,1,127
org.eclipse.jdt.internal.compiler.flow.ExceptionHandlingFlowContext.java,??,0,1,187
org.eclipse.jdt.internal.compiler.flow.FinallyFlowContext.java,??,0,1,91
org.eclipse.jdt.internal.compiler.flow.FlowContext.java,??,0,1,449
org.eclipse.jdt.internal.compiler.flow.FlowInfo.java,??,0,1,87
org.eclipse.jdt.internal.compiler.flow.InitializationFlowContext.java,??,0,1,86
org.eclipse.jdt.internal.compiler.flow.InsideSubRoutineFlowContext.java,??,0,1,42
org.eclipse.jdt.internal.compiler.flow.LabelFlowContext.java,??,0,1,55
org.eclipse.jdt.internal.compiler.flow.LoopingFlowContext.java,??,0,1,149
org.eclipse.jdt.internal.compiler.flow.SwitchFlowContext.java,??,0,1,54
org.eclipse.jdt.internal.compiler.flow.UnconditionalFlowInfo.java,??,0,1,439
org.eclipse.jdt.internal.compiler.IAbstractSyntaxTreeVisitor.java,??,1,0,172
org.eclipse.jdt.internal.compiler.ICompilerRequestor.java,??,1,0,22
org.eclipse.jdt.internal.compiler.IDebugRequestor.java,??,1,0,42
org.eclipse.jdt.internal.compiler.IDocumentElementRequestor.java,??,1,0,411
org.eclipse.jdt.internal.compiler.IErrorHandlingPolicy.java,??,1,0,28
org.eclipse.jdt.internal.compiler.impl.BooleanConstant.java,??,0,1,38
org.eclipse.jdt.internal.compiler.impl.ByteConstant.java,??,0,1,54
org.eclipse.jdt.internal.compiler.impl.CharConstant.java,??,0,1,54
org.eclipse.jdt.internal.compiler.impl.CompilerOptions.java,??,0,1,619
org.eclipse.jdt.internal.compiler.impl.Constant.java,??,0,1,1492
org.eclipse.jdt.internal.compiler.impl.DoubleConstant.java,??,0,1,67
org.eclipse.jdt.internal.compiler.impl.FloatConstant.java,??,0,1,65
org.eclipse.jdt.internal.compiler.impl.IntConstant.java,??,0,1,65
org.eclipse.jdt.internal.compiler.impl.ITypeRequestor.java,??,1,0,38
org.eclipse.jdt.internal.compiler.impl.LongConstant.java,??,0,1,54
org.eclipse.jdt.internal.compiler.impl.NullConstant.java,??,0,1,29
org.eclipse.jdt.internal.compiler.impl.ReferenceContext.java,??,1,0,25
org.eclipse.jdt.internal.compiler.impl.ShortConstant.java,??,0,1,54
org.eclipse.jdt.internal.compiler.impl.StringConstant.java,??,0,1,48
org.eclipse.jdt.internal.compiler.IProblemFactory.java,??,1,0,40
org.eclipse.jdt.internal.compiler.ISourceElementRequestor.java,??,1,0,139
org.eclipse.jdt.internal.compiler.lookup.ArrayBinding.java,??,0,1,143
org.eclipse.jdt.internal.compiler.lookup.BaseTypeBinding.java,??,0,1,155
org.eclipse.jdt.internal.compiler.lookup.BaseTypes.java,??,1,0,24
org.eclipse.jdt.internal.compiler.lookup.BinaryTypeBinding.java,??,0,1,491
org.eclipse.jdt.internal.compiler.lookup.Binding.java,??,0,1,41
org.eclipse.jdt.internal.compiler.lookup.BindingIds.java,??,1,0,21
org.eclipse.jdt.internal.compiler.lookup.BlockScope.java,??,0,1,1445
org.eclipse.jdt.internal.compiler.lookup.ClassScope.java,??,0,1,874
org.eclipse.jdt.internal.compiler.lookup.CompilationUnitScope.java,??,0,1,508
org.eclipse.jdt.internal.compiler.lookup.CompilerModifiers.java,??,1,0,32
org.eclipse.jdt.internal.compiler.lookup.FieldBinding.java,??,0,1,202
org.eclipse.jdt.internal.compiler.lookup.ImportBinding.java,??,0,1,45
org.eclipse.jdt.internal.compiler.lookup.InnerEmulationDependency.java,??,0,1,23
org.eclipse.jdt.internal.compiler.lookup.InvocationSite.java,??,1,0,24
org.eclipse.jdt.internal.compiler.lookup.LocalTypeBinding.java,??,0,1,106
org.eclipse.jdt.internal.compiler.lookup.LocalVariableBinding.java,??,0,1,91
org.eclipse.jdt.internal.compiler.lookup.LookupEnvironment.java,??,0,1,580
org.eclipse.jdt.internal.compiler.lookup.MemberTypeBinding.java,??,0,1,39
org.eclipse.jdt.internal.compiler.lookup.MethodBinding.java,??,0,1,441
org.eclipse.jdt.internal.compiler.lookup.MethodScope.java,??,0,1,400
org.eclipse.jdt.internal.compiler.lookup.MethodVerifier.java,??,0,1,879
org.eclipse.jdt.internal.compiler.lookup.NestedTypeBinding.java,??,0,1,202
org.eclipse.jdt.internal.compiler.lookup.PackageBinding.java,??,0,1,205
org.eclipse.jdt.internal.compiler.lookup.ProblemBinding.java,??,0,1,55
org.eclipse.jdt.internal.compiler.lookup.ProblemFieldBinding.java,??,0,1,35
org.eclipse.jdt.internal.compiler.lookup.ProblemMethodBinding.java,??,0,1,39
org.eclipse.jdt.internal.compiler.lookup.ProblemPackageBinding.java,??,0,1,32
org.eclipse.jdt.internal.compiler.lookup.ProblemReasons.java,??,1,0,22
org.eclipse.jdt.internal.compiler.lookup.ProblemReferenceBinding.java,??,0,1,41
org.eclipse.jdt.internal.compiler.lookup.ReferenceBinding.java,??,0,1,599
org.eclipse.jdt.internal.compiler.lookup.Scope.java,??,0,1,1262
org.eclipse.jdt.internal.compiler.lookup.SyntheticAccessMethodBinding.java,??,0,1,283
org.eclipse.jdt.internal.compiler.lookup.SyntheticArgumentBinding.java,??,0,1,56
org.eclipse.jdt.internal.compiler.lookup.SyntheticFieldBinding.java,??,0,1,21
org.eclipse.jdt.internal.compiler.lookup.TagBits.java,??,1,0,45
org.eclipse.jdt.internal.compiler.lookup.TypeBinding.java,??,0,1,124
org.eclipse.jdt.internal.compiler.lookup.TypeConstants.java,??,1,0,67
org.eclipse.jdt.internal.compiler.lookup.TypeIds.java,??,1,0,129
org.eclipse.jdt.internal.compiler.lookup.UnresolvedReferenceBinding.java,??,0,1,42
org.eclipse.jdt.internal.compiler.lookup.VariableBinding.java,??,0,1,39
org.eclipse.jdt.internal.compiler.parser.NLSLine.java,??,0,1,67
org.eclipse.jdt.internal.compiler.parser.Parser.java,??,0,1,7452
org.eclipse.jdt.internal.compiler.parser.ParserBasicInformation.java,??,1,0,36
org.eclipse.jdt.internal.compiler.parser.RecoveredBlock.java,??,0,1,343
org.eclipse.jdt.internal.compiler.parser.RecoveredElement.java,??,0,1,322
org.eclipse.jdt.internal.compiler.parser.RecoveredField.java,??,0,1,168
org.eclipse.jdt.internal.compiler.parser.RecoveredImport.java,??,0,1,57
org.eclipse.jdt.internal.compiler.parser.RecoveredInitializer.java,??,0,1,243
org.eclipse.jdt.internal.compiler.parser.RecoveredLocalVariable.java,??,0,1,92
org.eclipse.jdt.internal.compiler.parser.RecoveredMethod.java,??,0,1,437
org.eclipse.jdt.internal.compiler.parser.RecoveredStatement.java,??,0,1,55
org.eclipse.jdt.internal.compiler.parser.RecoveredType.java,??,0,1,505
org.eclipse.jdt.internal.compiler.parser.RecoveredUnit.java,??,0,1,205
org.eclipse.jdt.internal.compiler.parser.Scanner.java,??,0,1,3055
org.eclipse.jdt.internal.compiler.parser.SourceConstructorDeclaration.java,??,0,1,22
org.eclipse.jdt.internal.compiler.parser.SourceFieldDeclaration.java,??,0,1,25
org.eclipse.jdt.internal.compiler.parser.SourceMethodDeclaration.java,??,0,1,23
org.eclipse.jdt.internal.compiler.parser.SourceTypeConverter.java,??,0,1,350
org.eclipse.jdt.internal.compiler.problem.AbortCompilation.java,??,0,1,50
org.eclipse.jdt.internal.compiler.problem.AbortCompilationUnit.java,??,0,1,25
org.eclipse.jdt.internal.compiler.problem.AbortMethod.java,??,0,1,25
org.eclipse.jdt.internal.compiler.problem.AbortType.java,??,0,1,25
org.eclipse.jdt.internal.compiler.problem.DefaultProblem.java,??,0,1,249
org.eclipse.jdt.internal.compiler.problem.DefaultProblemFactory.java,??,0,1,160
org.eclipse.jdt.internal.compiler.problem.ProblemHandler.java,??,0,1,180
org.eclipse.jdt.internal.compiler.problem.ProblemReporter.java,??,0,1,2482
org.eclipse.jdt.internal.compiler.problem.ProblemSeverities.java,??,1,0,25
org.eclipse.jdt.internal.compiler.problem.ShouldNotImplement.java,??,0,1,25
org.eclipse.jdt.internal.compiler.SourceElementParser.java,??,0,2,1294
org.eclipse.jdt.internal.compiler.SourceElementRequestorAdapter.java,??,0,1,223
org.eclipse.jdt.internal.compiler.util.CharOperation.java,??,0,1,703
org.eclipse.jdt.internal.compiler.util.CompoundNameVector.java,??,0,1,69
org.eclipse.jdt.internal.compiler.util.HashtableOfInt.java,??,0,1,92
org.eclipse.jdt.internal.compiler.util.HashtableOfObject.java,??,0,1,148
org.eclipse.jdt.internal.compiler.util.HashtableOfPackage.java,??,0,1,95
org.eclipse.jdt.internal.compiler.util.HashtableOfType.java,??,0,1,95
org.eclipse.jdt.internal.compiler.util.ObjectVector.java,??,0,1,132
org.eclipse.jdt.internal.compiler.util.SimpleNameVector.java,??,0,1,94
org.eclipse.jdt.internal.compiler.util.Util.java,??,0,1,379
org.eclipse.jdt.internal.core.Assert.java,??,0,2,98
org.eclipse.jdt.internal.core.BasicCompilationUnit.java,??,0,1,70
org.eclipse.jdt.internal.core.BinaryField.java,??,0,1,78
org.eclipse.jdt.internal.core.BinaryMember.java,??,0,1,105
org.eclipse.jdt.internal.core.BinaryMethod.java,??,0,2,305
org.eclipse.jdt.internal.core.BinaryType.java,??,0,1,544
org.eclipse.jdt.internal.core.Buffer.java,??,0,1,438
org.eclipse.jdt.internal.core.BufferCache.java,??,0,1,54
org.eclipse.jdt.internal.core.BufferManager.java,??,0,1,105
org.eclipse.jdt.internal.core.builder.AbortIncrementalBuildException.java,??,0,1,25
org.eclipse.jdt.internal.core.builder.AbstractImageBuilder.java,??,0,1,412
org.eclipse.jdt.internal.core.builder.AdditionalTypeCollection.java,??,0,1,22
org.eclipse.jdt.internal.core.builder.BatchImageBuilder.java,??,0,1,152
org.eclipse.jdt.internal.core.builder.BuildNotifier.java,??,0,1,241
org.eclipse.jdt.internal.core.builder.ClasspathDirectory.java,??,0,1,106
org.eclipse.jdt.internal.core.builder.ClasspathJar.java,??,0,1,88
org.eclipse.jdt.internal.core.builder.ClasspathLocation.java,??,0,1,38
org.eclipse.jdt.internal.core.builder.ClasspathMultiDirectory.java,??,0,1,59
org.eclipse.jdt.internal.core.builder.ImageBuilderInternalException.java,??,0,1,40
org.eclipse.jdt.internal.core.builder.IncrementalImageBuilder.java,??,0,1,569
org.eclipse.jdt.internal.core.builder.JavaBuilder.java,??,0,1,516
org.eclipse.jdt.internal.core.builder.MissingClassFileException.java,??,0,1,24
org.eclipse.jdt.internal.core.builder.MissingSourceFileException.java,??,0,1,23
org.eclipse.jdt.internal.core.builder.NameEnvironment.java,??,0,1,283
org.eclipse.jdt.internal.core.builder.ProblemFactory.java,??,0,1,31
org.eclipse.jdt.internal.core.builder.ReferenceCollection.java,??,0,1,226
org.eclipse.jdt.internal.core.builder.SimpleLookupTable.java,??,0,1,145
org.eclipse.jdt.internal.core.builder.SourceFile.java,??,0,1,105
org.eclipse.jdt.internal.core.builder.State.java,??,0,1,548
org.eclipse.jdt.internal.core.builder.WorkQueue.java,??,0,1,55
org.eclipse.jdt.internal.core.ClassFile.java,??,0,1,594
org.eclipse.jdt.internal.core.ClassFileInfo.java,??,0,1,183
org.eclipse.jdt.internal.core.ClassFileWorkingCopy.java,??,0,1,521
org.eclipse.jdt.internal.core.ClasspathEntry.java,??,0,1,288
org.eclipse.jdt.internal.core.CommitWorkingCopyOperation.java,??,0,1,178
org.eclipse.jdt.internal.core.CompilationUnit.java,??,0,1,924
org.eclipse.jdt.internal.core.CompilationUnitElementInfo.java,??,0,1,42
org.eclipse.jdt.internal.core.CompilationUnitProblemFinder.java,??,0,1,219
org.eclipse.jdt.internal.core.CompilationUnitStructureRequestor.java,??,0,1,542
org.eclipse.jdt.internal.core.CompilationUnitVisitor.java,??,0,1,199
org.eclipse.jdt.internal.core.CompletionRequestorWrapper.java,??,0,1,357
org.eclipse.jdt.internal.core.CopyElementsOperation.java,??,0,1,263
org.eclipse.jdt.internal.core.CreateCompilationUnitOperation.java,??,0,1,149
org.eclipse.jdt.internal.core.CreateElementInCUOperation.java,??,0,1,316
org.eclipse.jdt.internal.core.CreateFieldOperation.java,??,0,1,103
org.eclipse.jdt.internal.core.CreateImportOperation.java,??,0,1,136
org.eclipse.jdt.internal.core.CreateInitializerOperation.java,??,0,1,116
org.eclipse.jdt.internal.core.CreateMethodOperation.java,??,0,1,115
org.eclipse.jdt.internal.core.CreatePackageDeclarationOperation.java,??,0,1,134
org.eclipse.jdt.internal.core.CreatePackageFragmentOperation.java,??,0,1,143
org.eclipse.jdt.internal.core.CreateTypeHierarchyOperation.java,??,0,1,104
org.eclipse.jdt.internal.core.CreateTypeMemberOperation.java,??,0,1,143
org.eclipse.jdt.internal.core.CreateTypeOperation.java,??,0,1,105
org.eclipse.jdt.internal.core.DeleteElementsOperation.java,??,0,1,163
org.eclipse.jdt.internal.core.DeleteResourceElementsOperation.java,??,0,1,130
org.eclipse.jdt.internal.core.DeltaProcessor.java,??,0,1,1856
org.eclipse.jdt.internal.core.ElementCache.java,??,0,1,66
org.eclipse.jdt.internal.core.eval.EvaluationContextWrapper.java,??,0,1,410
org.eclipse.jdt.internal.core.eval.GlobalVariableWrapper.java,??,0,1,50
org.eclipse.jdt.internal.core.eval.RequestorWrapper.java,??,0,1,65
org.eclipse.jdt.internal.core.FailedReconciliationException.java,??,0,1,27
org.eclipse.jdt.internal.core.HandleFactory.java,??,0,1,206
org.eclipse.jdt.internal.core.hierarchy.HierarchyBinaryType.java,??,0,1,219
org.eclipse.jdt.internal.core.hierarchy.HierarchyBuilder.java,??,0,1,442
org.eclipse.jdt.internal.core.hierarchy.HierarchyResolver.java,??,0,2,553
org.eclipse.jdt.internal.core.hierarchy.HierarchyType.java,??,0,1,87
org.eclipse.jdt.internal.core.hierarchy.IHierarchyRequestor.java,??,1,0,23
org.eclipse.jdt.internal.core.hierarchy.IndexBasedHierarchyBuilder.java,??,0,3,535
org.eclipse.jdt.internal.core.hierarchy.RegionBasedHierarchyBuilder.java,??,0,1,286
org.eclipse.jdt.internal.core.hierarchy.RegionBasedTypeHierarchy.java,??,0,1,152
org.eclipse.jdt.internal.core.hierarchy.TypeHierarchy.java,??,0,1,1312
org.eclipse.jdt.internal.core.IJavaElementRequestor.java,??,1,0,38
org.eclipse.jdt.internal.core.ImportContainer.java,??,0,1,82
org.eclipse.jdt.internal.core.ImportDeclaration.java,??,0,1,67
org.eclipse.jdt.internal.core.index.DocumentFactory.java,??,0,1,27
org.eclipse.jdt.internal.core.index.IDocument.java,??,1,0,60
org.eclipse.jdt.internal.core.index.IEntryResult.java,??,1,0,16
org.eclipse.jdt.internal.core.index.IIndex.java,??,1,0,74
org.eclipse.jdt.internal.core.index.IIndexer.java,??,1,0,42
org.eclipse.jdt.internal.core.index.IIndexerOutput.java,??,1,0,21
org.eclipse.jdt.internal.core.index.impl.Block.java,??,0,1,61
org.eclipse.jdt.internal.core.index.impl.BlocksIndexInput.java,??,0,1,389
org.eclipse.jdt.internal.core.index.impl.BlocksIndexOutput.java,??,0,1,167
org.eclipse.jdt.internal.core.index.impl.CodeByteStream.java,??,0,1,364
org.eclipse.jdt.internal.core.index.impl.EntryResult.java,??,0,1,66
org.eclipse.jdt.internal.core.index.impl.Field.java,??,0,1,380
org.eclipse.jdt.internal.core.index.impl.FileDocument.java,??,0,1,60
org.eclipse.jdt.internal.core.index.impl.FileListBlock.java,??,0,1,109
org.eclipse.jdt.internal.core.index.impl.GammaCompressedIndexBlock.java,??,0,1,117
org.eclipse.jdt.internal.core.index.impl.ICacheEnumeration.java,??,1,0,39
org.eclipse.jdt.internal.core.index.impl.IFileDocument.java,??,0,1,87
org.eclipse.jdt.internal.core.index.impl.IIndexConstants.java,??,1,0,29
org.eclipse.jdt.internal.core.index.impl.ILRUCacheable.java,??,1,0,28
org.eclipse.jdt.internal.core.index.impl.Index.java,??,0,1,367
org.eclipse.jdt.internal.core.index.impl.IndexBlock.java,??,0,1,78
org.eclipse.jdt.internal.core.index.impl.IndexedFile.java,??,0,1,173
org.eclipse.jdt.internal.core.index.impl.IndexedFileHashedArray.java,??,0,1,108
org.eclipse.jdt.internal.core.index.impl.IndexerOutput.java,??,0,1,59
org.eclipse.jdt.internal.core.index.impl.IndexInput.java,??,0,1,132
org.eclipse.jdt.internal.core.index.impl.IndexOutput.java,??,0,1,43
org.eclipse.jdt.internal.core.index.impl.IndexSummary.java,??,0,3,318
org.eclipse.jdt.internal.core.index.impl.InMemoryIndex.java,??,0,1,212
org.eclipse.jdt.internal.core.index.impl.Int.java,??,0,1,21
org.eclipse.jdt.internal.core.index.impl.JarFileDocument.java,??,0,1,69
org.eclipse.jdt.internal.core.index.impl.JarFileEntryDocument.java,??,0,1,72
org.eclipse.jdt.internal.core.index.impl.LRUCache.java,??,0,2,473
org.eclipse.jdt.internal.core.index.impl.MergeFactory.java,??,0,1,228
org.eclipse.jdt.internal.core.index.impl.PropertyDocument.java,??,0,1,48
org.eclipse.jdt.internal.core.index.impl.SafeRandomAccessFile.java,??,0,1,30
org.eclipse.jdt.internal.core.index.impl.SimpleIndexBlock.java,??,0,1,120
org.eclipse.jdt.internal.core.index.impl.SimpleIndexInput.java,??,0,1,176
org.eclipse.jdt.internal.core.index.impl.Util.java,??,0,1,357
org.eclipse.jdt.internal.core.index.impl.WordEntry.java,??,0,1,157
org.eclipse.jdt.internal.core.index.impl.WordEntryHashedArray.java,??,0,1,83
org.eclipse.jdt.internal.core.index.IQueryResult.java,??,1,0,18
org.eclipse.jdt.internal.core.Initializer.java,??,0,1,95
org.eclipse.jdt.internal.core.InitializerElementInfo.java,??,0,1,17
org.eclipse.jdt.internal.core.IPathRequestor.java,??,1,0,15
org.eclipse.jdt.internal.core.JarEntryFile.java,??,0,1,81
org.eclipse.jdt.internal.core.JarPackageFragment.java,??,0,1,170
org.eclipse.jdt.internal.core.JarPackageFragmentInfo.java,??,0,1,44
org.eclipse.jdt.internal.core.JarPackageFragmentRoot.java,??,0,1,671
org.eclipse.jdt.internal.core.JarPackageFragmentRootInfo.java,??,0,1,42
org.eclipse.jdt.internal.core.JavaElement.java,??,0,1,677
org.eclipse.jdt.internal.core.JavaElementDelta.java,??,0,1,732
org.eclipse.jdt.internal.core.JavaElementDeltaBuilder.java,??,0,2,464
org.eclipse.jdt.internal.core.JavaElementInfo.java,??,0,1,128
org.eclipse.jdt.internal.core.JavaElementRequestor.java,??,0,1,226
org.eclipse.jdt.internal.core.JavaModel.java,??,0,1,503
org.eclipse.jdt.internal.core.JavaModelCache.java,??,0,1,150
org.eclipse.jdt.internal.core.JavaModelInfo.java,??,0,1,29
org.eclipse.jdt.internal.core.JavaModelManager.java,??,0,3,1461
org.eclipse.jdt.internal.core.JavaModelOperation.java,??,0,1,590
org.eclipse.jdt.internal.core.JavaModelStatus.java,??,0,1,325
org.eclipse.jdt.internal.core.JavaProject.java,??,0,1,2163
org.eclipse.jdt.internal.core.JavaProjectElementInfo.java,??,0,1,236
org.eclipse.jdt.internal.core.jdom.AbstractDOMBuilder.java,??,0,1,215
org.eclipse.jdt.internal.core.jdom.CompilationUnit.java,??,0,1,54
org.eclipse.jdt.internal.core.jdom.DOMBuilder.java,??,0,1,712
org.eclipse.jdt.internal.core.jdom.DOMCompilationUnit.java,??,0,1,184
org.eclipse.jdt.internal.core.jdom.DOMField.java,??,0,1,618
org.eclipse.jdt.internal.core.jdom.DOMImport.java,??,0,1,158
org.eclipse.jdt.internal.core.jdom.DOMInitializer.java,??,0,1,229
org.eclipse.jdt.internal.core.jdom.DOMMember.java,??,0,1,351
org.eclipse.jdt.internal.core.jdom.DOMMethod.java,??,0,1,718
org.eclipse.jdt.internal.core.jdom.DOMNode.java,??,0,1,971
org.eclipse.jdt.internal.core.jdom.DOMPackage.java,??,0,1,141
org.eclipse.jdt.internal.core.jdom.DOMType.java,??,0,1,721
org.eclipse.jdt.internal.core.jdom.ILineStartFinder.java,??,1,0,25
org.eclipse.jdt.internal.core.jdom.SiblingEnumeration.java,??,0,1,54
org.eclipse.jdt.internal.core.jdom.SimpleDOMBuilder.java,??,0,1,217
org.eclipse.jdt.internal.core.LRUCacheEnumerator.java,??,0,2,69
org.eclipse.jdt.internal.core.Member.java,??,0,1,247
org.eclipse.jdt.internal.core.MemberElementInfo.java,??,0,1,93
org.eclipse.jdt.internal.core.ModelUpdater.java,??,0,1,243
org.eclipse.jdt.internal.core.MoveElementsOperation.java,??,0,1,45
org.eclipse.jdt.internal.core.MoveResourceElementsOperation.java,??,0,1,44
org.eclipse.jdt.internal.core.MultiOperation.java,??,0,1,334
org.eclipse.jdt.internal.core.NameLookup.java,??,0,1,763
org.eclipse.jdt.internal.core.NonVoidMethodRequestor.java,??,0,1,38
org.eclipse.jdt.internal.core.Openable.java,??,0,1,539
org.eclipse.jdt.internal.core.OpenableElementInfo.java,??,0,1,17
org.eclipse.jdt.internal.core.OverflowingLRUCache.java,??,0,2,426
org.eclipse.jdt.internal.core.PackageDeclaration.java,??,0,1,49
org.eclipse.jdt.internal.core.PackageFragment.java,??,0,1,369
org.eclipse.jdt.internal.core.PackageFragmentInfo.java,??,0,1,107
org.eclipse.jdt.internal.core.PackageFragmentRoot.java,??,0,1,392
org.eclipse.jdt.internal.core.PackageFragmentRootInfo.java,??,0,1,133
org.eclipse.jdt.internal.core.Region.java,??,0,1,151
org.eclipse.jdt.internal.core.RenameElementsOperation.java,??,0,1,83
org.eclipse.jdt.internal.core.RenameResourceElementsOperation.java,??,0,1,67
org.eclipse.jdt.internal.core.search.AbstractSearchScope.java,??,0,1,54
org.eclipse.jdt.internal.core.search.HierarchyScope.java,??,0,1,226
org.eclipse.jdt.internal.core.search.IIndexSearchRequestor.java,??,1,0,83
org.eclipse.jdt.internal.core.search.IInfoConstants.java,??,1,0,19
org.eclipse.jdt.internal.core.search.indexing.AbstractIndexer.java,??,0,1,573
org.eclipse.jdt.internal.core.search.indexing.AddClassFileToIndex.java,??,0,1,87
org.eclipse.jdt.internal.core.search.indexing.AddCompilationUnitToIndex.java,??,0,1,88
org.eclipse.jdt.internal.core.search.indexing.AddJarFileToIndex.java,??,0,1,224
org.eclipse.jdt.internal.core.search.indexing.BinaryIndexer.java,??,0,1,549
org.eclipse.jdt.internal.core.search.indexing.IIndexConstants.java,??,1,0,46
org.eclipse.jdt.internal.core.search.indexing.IndexAllProject.java,??,0,1,177
org.eclipse.jdt.internal.core.search.indexing.IndexBinaryFolder.java,??,0,1,159
org.eclipse.jdt.internal.core.search.indexing.IndexManager.java,??,0,1,490
org.eclipse.jdt.internal.core.search.indexing.IndexRequest.java,??,0,1,28
org.eclipse.jdt.internal.core.search.indexing.ReadWriteMonitor.java,??,0,1,85
org.eclipse.jdt.internal.core.search.indexing.RemoveFolderFromIndex.java,??,0,1,78
org.eclipse.jdt.internal.core.search.indexing.RemoveFromIndex.java,??,0,1,73
org.eclipse.jdt.internal.core.search.indexing.SourceIndexer.java,??,0,1,78
org.eclipse.jdt.internal.core.search.indexing.SourceIndexerRequestor.java,??,0,1,258
org.eclipse.jdt.internal.core.search.IndexSearchAdapter.java,??,0,1,69
org.eclipse.jdt.internal.core.search.IndexSelector.java,??,0,1,192
org.eclipse.jdt.internal.core.search.JavaSearchScope.java,??,0,1,335
org.eclipse.jdt.internal.core.search.JavaWorkspaceScope.java,??,0,1,140
org.eclipse.jdt.internal.core.search.matching.AndPattern.java,??,0,1,115
org.eclipse.jdt.internal.core.search.matching.ConstructorDeclarationPattern.java,??,0,1,255
org.eclipse.jdt.internal.core.search.matching.ConstructorReferencePattern.java,??,0,1,259
org.eclipse.jdt.internal.core.search.matching.DeclarationOfAccessedFieldsPattern.java,??,0,1,120
org.eclipse.jdt.internal.core.search.matching.DeclarationOfReferencedMethodsPattern.java,??,0,1,107
org.eclipse.jdt.internal.core.search.matching.DeclarationOfReferencedTypesPattern.java,??,0,1,150
org.eclipse.jdt.internal.core.search.matching.FieldDeclarationPattern.java,??,0,1,275
org.eclipse.jdt.internal.core.search.matching.FieldReferencePattern.java,??,0,1,498
org.eclipse.jdt.internal.core.search.matching.FileNameEnvironment.java,??,0,1,37
org.eclipse.jdt.internal.core.search.matching.MatchingOpenable.java,??,0,1,365
org.eclipse.jdt.internal.core.search.matching.MatchingOpenableSet.java,??,0,1,62
org.eclipse.jdt.internal.core.search.matching.MatchLocator.java,??,0,1,1347
org.eclipse.jdt.internal.core.search.matching.MatchLocatorParser.java,??,0,2,290
org.eclipse.jdt.internal.core.search.matching.MatchSet.java,??,0,3,503
org.eclipse.jdt.internal.core.search.matching.MethodDeclarationPattern.java,??,0,1,254
org.eclipse.jdt.internal.core.search.matching.MethodPattern.java,??,0,1,135
org.eclipse.jdt.internal.core.search.matching.MethodReferencePattern.java,??,0,1,246
org.eclipse.jdt.internal.core.search.matching.MultipleSearchPattern.java,??,0,1,44
org.eclipse.jdt.internal.core.search.matching.OrNameCombiner.java,??,0,1,42
org.eclipse.jdt.internal.core.search.matching.OrPathCombiner.java,??,0,1,80
org.eclipse.jdt.internal.core.search.matching.OrPattern.java,??,0,1,170
org.eclipse.jdt.internal.core.search.matching.PackageDeclarationPattern.java,??,0,1,97
org.eclipse.jdt.internal.core.search.matching.PackageReferencePattern.java,??,0,1,450
org.eclipse.jdt.internal.core.search.matching.QualifiedTypeDeclarationPattern.java,??,0,1,209
org.eclipse.jdt.internal.core.search.matching.SearchPattern.java,??,0,1,1501
org.eclipse.jdt.internal.core.search.matching.SuperInterfaceReferencePattern.java,??,0,1,99
org.eclipse.jdt.internal.core.search.matching.SuperTypeNamesCollector.java,??,0,2,436
org.eclipse.jdt.internal.core.search.matching.SuperTypeReferencePattern.java,??,0,1,325
org.eclipse.jdt.internal.core.search.matching.TypeDeclarationPattern.java,??,0,1,334
org.eclipse.jdt.internal.core.search.matching.TypeReferencePattern.java,??,0,1,645
org.eclipse.jdt.internal.core.search.PathCollector.java,??,0,1,131
org.eclipse.jdt.internal.core.search.PatternSearchJob.java,??,0,1,168
org.eclipse.jdt.internal.core.search.processing.IJob.java,??,1,0,42
org.eclipse.jdt.internal.core.search.processing.JobManager.java,??,0,1,369
org.eclipse.jdt.internal.core.search.SubTypeSearchJob.java,??,0,1,95
org.eclipse.jdt.internal.core.search.Util.java,??,0,1,107
org.eclipse.jdt.internal.core.SearchableEnvironment.java,??,0,1,330
org.eclipse.jdt.internal.core.SearchableEnvironmentRequestor.java,??,0,1,83
org.eclipse.jdt.internal.core.SelectionRequestor.java,??,0,1,337
org.eclipse.jdt.internal.core.SetClasspathOperation.java,??,0,1,685
org.eclipse.jdt.internal.core.SingleTypeRequestor.java,??,0,1,79
org.eclipse.jdt.internal.core.SourceField.java,??,0,1,77
org.eclipse.jdt.internal.core.SourceFieldElementInfo.java,??,0,1,72
org.eclipse.jdt.internal.core.SourceMapper.java,??,0,1,892
org.eclipse.jdt.internal.core.SourceMethod.java,??,0,1,251
org.eclipse.jdt.internal.core.SourceMethodElementInfo.java,??,0,1,100
org.eclipse.jdt.internal.core.SourceRange.java,??,0,1,47
org.eclipse.jdt.internal.core.SourceRefElement.java,??,0,1,232
org.eclipse.jdt.internal.core.SourceRefElementInfo.java,??,0,1,48
org.eclipse.jdt.internal.core.SourceType.java,??,0,2,458
org.eclipse.jdt.internal.core.SourceTypeElementInfo.java,??,0,1,298
org.eclipse.jdt.internal.core.TypeConverter.java,??,0,1,245
org.eclipse.jdt.internal.core.TypeVector.java,??,0,1,106
org.eclipse.jdt.internal.core.util.AnonymousFileSource.java,??,0,1,135
org.eclipse.jdt.internal.core.util.CharArrayBuffer.java,??,0,1,195
org.eclipse.jdt.internal.core.util.CharArrayOps.java,??,0,1,145
org.eclipse.jdt.internal.core.util.ClassFileAttribute.java,??,0,1,56
org.eclipse.jdt.internal.core.util.ClassFileReader.java,??,0,1,428
org.eclipse.jdt.internal.core.util.ClassFileStruct.java,??,0,1,109
org.eclipse.jdt.internal.core.util.CodeAttribute.java,??,0,1,1170
org.eclipse.jdt.internal.core.util.ConstantPool.java,??,0,1,112
org.eclipse.jdt.internal.core.util.ConstantPoolEntry.java,??,0,1,381
org.eclipse.jdt.internal.core.util.ConstantValueAttribute.java,??,0,1,55
org.eclipse.jdt.internal.core.util.DefaultBytecodeVisitor.java,??,0,1,2939
org.eclipse.jdt.internal.core.util.Disassembler.java,??,0,1,893
org.eclipse.jdt.internal.core.util.Dumper.java,??,0,1,301
org.eclipse.jdt.internal.core.util.ExceptionAttribute.java,??,0,1,82
org.eclipse.jdt.internal.core.util.ExceptionTableEntry.java,??,0,1,81
org.eclipse.jdt.internal.core.util.FieldInfo.java,??,0,1,171
org.eclipse.jdt.internal.core.util.ICacheEnumeration.java,??,1,0,39
org.eclipse.jdt.internal.core.util.IDumpable.java,??,1,0,25
org.eclipse.jdt.internal.core.util.ILRUCacheable.java,??,1,0,28
org.eclipse.jdt.internal.core.util.InnerClassesAttribute.java,??,0,1,66
org.eclipse.jdt.internal.core.util.InnerClassesAttributeEntry.java,??,0,1,112
org.eclipse.jdt.internal.core.Util.java,??,2,1,1186
org.eclipse.jdt.internal.core.util.LineNumberAttribute.java,??,0,1,77
org.eclipse.jdt.internal.core.util.LocalVariableAttribute.java,??,0,1,77
org.eclipse.jdt.internal.core.util.LocalVariableTableEntry.java,??,0,1,110
org.eclipse.jdt.internal.core.util.LRUCache.java,??,0,2,498
org.eclipse.jdt.internal.core.util.MethodInfo.java,??,0,1,201
org.eclipse.jdt.internal.core.util.PerThreadObject.java,??,0,1,41
org.eclipse.jdt.internal.core.util.ReferenceInfoAdapter.java,??,0,1,46
org.eclipse.jdt.internal.core.util.SourceFileAttribute.java,??,0,1,72
org.eclipse.jdt.internal.core.util.StringHashtableOfInt.java,??,0,1,132
org.eclipse.jdt.internal.core.util.ToStringSorter.java,??,0,1,75
org.eclipse.jdt.internal.core.util.Util.java,??,0,1,117
org.eclipse.jdt.internal.core.WorkingCopy.java,??,0,1,485
org.eclipse.jdt.internal.core.WorkingCopyElementInfo.java,??,0,1,17
org.eclipse.jdt.internal.eval.CodeSnippetAllocationExpression.java,??,0,1,174
org.eclipse.jdt.internal.eval.CodeSnippetClassFile.java,??,0,1,241
org.eclipse.jdt.internal.eval.CodeSnippetCodeStream.java,??,0,1,413
org.eclipse.jdt.internal.eval.CodeSnippetCompiler.java,??,0,1,42
org.eclipse.jdt.internal.eval.CodeSnippetConstantPool.java,??,0,1,1855
org.eclipse.jdt.internal.eval.CodeSnippetEnvironment.java,??,0,1,89
org.eclipse.jdt.internal.eval.CodeSnippetEvaluator.java,??,0,1,204
org.eclipse.jdt.internal.eval.CodeSnippetFieldReference.java,??,0,1,362
org.eclipse.jdt.internal.eval.CodeSnippetMessageSend.java,??,0,1,282
org.eclipse.jdt.internal.eval.CodeSnippetParser.java,??,0,1,684
org.eclipse.jdt.internal.eval.CodeSnippetQualifiedNameReference.java,??,0,1,604
org.eclipse.jdt.internal.eval.CodeSnippetReturnStatement.java,??,0,1,137
org.eclipse.jdt.internal.eval.CodeSnippetScope.java,??,0,1,763
org.eclipse.jdt.internal.eval.CodeSnippetSingleNameReference.java,??,0,1,600
org.eclipse.jdt.internal.eval.CodeSnippetSkeleton.java,??,0,2,148
org.eclipse.jdt.internal.eval.CodeSnippetSuperReference.java,??,0,1,54
org.eclipse.jdt.internal.eval.CodeSnippetThisReference.java,??,0,1,98
org.eclipse.jdt.internal.eval.CodeSnippetToCuMapper.java,??,0,1,300
org.eclipse.jdt.internal.eval.CodeSnippetTypeDeclaration.java,??,0,1,83
org.eclipse.jdt.internal.eval.EvaluationConstants.java,??,1,0,31
org.eclipse.jdt.internal.eval.EvaluationContext.java,??,0,2,555
org.eclipse.jdt.internal.eval.EvaluationResult.java,??,0,1,232
org.eclipse.jdt.internal.eval.Evaluator.java,??,0,2,172
org.eclipse.jdt.internal.eval.GlobalVariable.java,??,0,1,69
org.eclipse.jdt.internal.eval.InstallException.java,??,0,1,33
org.eclipse.jdt.internal.eval.IRequestor.java,??,1,0,28
org.eclipse.jdt.internal.eval.VariablesEvaluator.java,??,0,1,310
org.eclipse.jdt.internal.eval.VariablesInfo.java,??,0,1,64
org.eclipse.jdt.internal.formatter.CodeFormatter.java,??,0,1,2535
org.eclipse.jdt.internal.formatter.impl.FormatterOptions.java,??,0,1,206
org.eclipse.jdt.internal.formatter.impl.SplitLine.java,??,0,1,211
