file,class,num_of_field,num_of_static_field
org.eclipse.jdt.core.BufferChangedEvent.java,BufferChangedEvent,3,0
org.eclipse.jdt.core.ClasspathContainerInitializer.java,ClasspathContainerInitializer,0,0
org.eclipse.jdt.core.ClasspathVariableInitializer.java,ClasspathVariableInitializer,0,0
org.eclipse.jdt.core.CompletionRequestorAdapter.java,CompletionRequestorAdapter,0,0
org.eclipse.jdt.core.CorrectionEngine.java,CorrectionEngine,7,6
org.eclipse.jdt.core.dom.AnonymousClassDeclaration.java,AnonymousClassDeclaration,1,0
org.eclipse.jdt.core.dom.ArrayAccess.java,ArrayAccess,2,0
org.eclipse.jdt.core.dom.ArrayCreation.java,ArrayCreation,3,0
org.eclipse.jdt.core.dom.ArrayInitializer.java,ArrayInitializer,1,0
org.eclipse.jdt.core.dom.ArrayType.java,ArrayType,1,0
org.eclipse.jdt.core.dom.AssertStatement.java,AssertStatement,2,0
org.eclipse.jdt.core.dom.Assignment.java,Assignment,4,13
org.eclipse.jdt.core.dom.Assignment.java,Operator,1,13
org.eclipse.jdt.core.dom.AST.java,AST,3,0
org.eclipse.jdt.core.dom.ASTConverter.java,ASTConverter,4,0
org.eclipse.jdt.core.dom.ASTMatcher.java,ASTMatcher,0,0
org.eclipse.jdt.core.dom.ASTNode.java,ASTNode,12,66
org.eclipse.jdt.core.dom.ASTNode.java,NodeList,5,0
org.eclipse.jdt.core.dom.ASTNode.java,Cursor,1,0
org.eclipse.jdt.core.dom.ASTSyntaxErrorPropagator.java,ASTSyntaxErrorPropagator,1,0
org.eclipse.jdt.core.dom.ASTVisitor.java,ASTVisitor,0,0
org.eclipse.jdt.core.dom.BindingResolver.java,BindingResolver,1,0
org.eclipse.jdt.core.dom.Block.java,Block,1,0
org.eclipse.jdt.core.dom.BodyDeclaration.java,BodyDeclaration,1,0
org.eclipse.jdt.core.dom.BooleanLiteral.java,BooleanLiteral,1,0
org.eclipse.jdt.core.dom.BreakStatement.java,BreakStatement,1,0
org.eclipse.jdt.core.dom.CastExpression.java,CastExpression,2,0
org.eclipse.jdt.core.dom.CatchClause.java,CatchClause,2,0
org.eclipse.jdt.core.dom.CharacterLiteral.java,CharacterLiteral,1,0
org.eclipse.jdt.core.dom.ClassInstanceCreation.java,ClassInstanceCreation,4,0
org.eclipse.jdt.core.dom.CompilationUnit.java,CompilationUnit,5,1
org.eclipse.jdt.core.dom.CompilationUnitResolver.java,CompilationUnitResolver,0,0
org.eclipse.jdt.core.dom.ConditionalExpression.java,ConditionalExpression,3,0
org.eclipse.jdt.core.dom.ConstructorInvocation.java,ConstructorInvocation,1,0
org.eclipse.jdt.core.dom.ContinueStatement.java,ContinueStatement,1,0
org.eclipse.jdt.core.dom.DefaultBindingResolver.java,DefaultBindingResolver,6,2
org.eclipse.jdt.core.dom.DoStatement.java,DoStatement,2,0
org.eclipse.jdt.core.dom.EmptyStatement.java,EmptyStatement,0,0
org.eclipse.jdt.core.dom.Expression.java,Expression,0,0
org.eclipse.jdt.core.dom.ExpressionStatement.java,ExpressionStatement,1,0
org.eclipse.jdt.core.dom.FieldAccess.java,FieldAccess,2,0
org.eclipse.jdt.core.dom.FieldDeclaration.java,FieldDeclaration,3,1
org.eclipse.jdt.core.dom.ForStatement.java,ForStatement,4,0
org.eclipse.jdt.core.dom.IfStatement.java,IfStatement,3,0
org.eclipse.jdt.core.dom.ImportDeclaration.java,ImportDeclaration,2,0
org.eclipse.jdt.core.dom.InfixExpression.java,InfixExpression,5,20
org.eclipse.jdt.core.dom.InfixExpression.java,Operator,1,20
org.eclipse.jdt.core.dom.Initializer.java,Initializer,2,1
org.eclipse.jdt.core.dom.InstanceofExpression.java,InstanceofExpression,2,0
org.eclipse.jdt.core.dom.Javadoc.java,Javadoc,1,0
org.eclipse.jdt.core.dom.LabeledStatement.java,LabeledStatement,2,0
org.eclipse.jdt.core.dom.Message.java,Message,3,0
org.eclipse.jdt.core.dom.MethodBinding.java,MethodBinding,7,1
org.eclipse.jdt.core.dom.MethodDeclaration.java,MethodDeclaration,7,1
org.eclipse.jdt.core.dom.MethodInvocation.java,MethodInvocation,3,0
org.eclipse.jdt.core.dom.Modifier.java,Modifier,0,12
org.eclipse.jdt.core.dom.NaiveASTFlattener.java,NaiveASTFlattener,1,0
org.eclipse.jdt.core.dom.Name.java,Name,0,0
org.eclipse.jdt.core.dom.NullLiteral.java,NullLiteral,0,0
org.eclipse.jdt.core.dom.NumberLiteral.java,NumberLiteral,1,0
org.eclipse.jdt.core.dom.PackageBinding.java,PackageBinding,4,3
org.eclipse.jdt.core.dom.PackageDeclaration.java,PackageDeclaration,1,0
org.eclipse.jdt.core.dom.ParenthesizedExpression.java,ParenthesizedExpression,1,0
org.eclipse.jdt.core.dom.PostfixExpression.java,PostfixExpression,3,3
org.eclipse.jdt.core.dom.PostfixExpression.java,Operator,1,3
org.eclipse.jdt.core.dom.PrefixExpression.java,PrefixExpression,3,7
org.eclipse.jdt.core.dom.PrefixExpression.java,Operator,1,7
org.eclipse.jdt.core.dom.PrimitiveType.java,PrimitiveType,2,10
org.eclipse.jdt.core.dom.PrimitiveType.java,Code,1,0
org.eclipse.jdt.core.dom.QualifiedName.java,QualifiedName,2,0
org.eclipse.jdt.core.dom.ReturnStatement.java,ReturnStatement,1,0
org.eclipse.jdt.core.dom.SimpleName.java,SimpleName,1,1
org.eclipse.jdt.core.dom.SimpleType.java,SimpleType,1,0
org.eclipse.jdt.core.dom.SingleVariableDeclaration.java,SingleVariableDeclaration,4,1
org.eclipse.jdt.core.dom.Statement.java,Statement,1,0
org.eclipse.jdt.core.dom.StringLiteral.java,StringLiteral,1,0
org.eclipse.jdt.core.dom.SuperConstructorInvocation.java,SuperConstructorInvocation,2,0
org.eclipse.jdt.core.dom.SuperFieldAccess.java,SuperFieldAccess,2,0
org.eclipse.jdt.core.dom.SuperMethodInvocation.java,SuperMethodInvocation,3,0
org.eclipse.jdt.core.dom.SwitchCase.java,SwitchCase,2,0
org.eclipse.jdt.core.dom.SwitchStatement.java,SwitchStatement,2,0
org.eclipse.jdt.core.dom.SynchronizedStatement.java,SynchronizedStatement,2,0
org.eclipse.jdt.core.dom.ThisExpression.java,ThisExpression,1,0
org.eclipse.jdt.core.dom.ThrowStatement.java,ThrowStatement,1,0
org.eclipse.jdt.core.dom.TryStatement.java,TryStatement,3,0
org.eclipse.jdt.core.dom.Type.java,Type,0,0
org.eclipse.jdt.core.dom.TypeBinding.java,TypeBinding,4,5
org.eclipse.jdt.core.dom.TypeDeclaration.java,TypeDeclaration,6,1
org.eclipse.jdt.core.dom.TypeDeclarationStatement.java,TypeDeclarationStatement,1,0
org.eclipse.jdt.core.dom.TypeLiteral.java,TypeLiteral,1,0
org.eclipse.jdt.core.dom.VariableBinding.java,VariableBinding,5,0
org.eclipse.jdt.core.dom.VariableDeclaration.java,VariableDeclaration,0,0
org.eclipse.jdt.core.dom.VariableDeclarationExpression.java,VariableDeclarationExpression,3,1
org.eclipse.jdt.core.dom.VariableDeclarationFragment.java,VariableDeclarationFragment,3,0
org.eclipse.jdt.core.dom.VariableDeclarationStatement.java,VariableDeclarationStatement,3,1
org.eclipse.jdt.core.dom.WhileStatement.java,WhileStatement,2,0
org.eclipse.jdt.core.ElementChangedEvent.java,ElementChangedEvent,1,3
org.eclipse.jdt.core.Flags.java,Flags,0,15
org.eclipse.jdt.core.JavaConventions.java,JavaConventions,0,3
org.eclipse.jdt.core.JavaCore.java,JavaCore,0,64
org.eclipse.jdt.core.JavaModelException.java,JavaModelException,1,0
org.eclipse.jdt.core.jdom.DOMException.java,DOMException,0,0
org.eclipse.jdt.core.jdom.DOMFactory.java,DOMFactory,0,0
org.eclipse.jdt.core.JDTCompilerAdapter.java,JDTCompilerAdapter,0,1
org.eclipse.jdt.core.search.SearchEngine.java,SearchEngine,1,1
org.eclipse.jdt.core.Signature.java,Signature,0,38
org.eclipse.jdt.core.ToolFactory.java,ToolFactory,0,0
org.eclipse.jdt.core.util.ByteCodeVisitorAdapter.java,ByteCodeVisitorAdapter,0,0
org.eclipse.jdt.core.util.ClassFormatException.java,ClassFormatException,1,6
org.eclipse.jdt.core.util.OpcodeStringValues.java,OpcodeStringValues,0,1
org.eclipse.jdt.internal.codeassist.complete.CompletionNodeFound.java,CompletionNodeFound,3,0
org.eclipse.jdt.internal.codeassist.complete.CompletionOnArgumentName.java,CompletionOnArgumentName,1,1
org.eclipse.jdt.internal.codeassist.complete.CompletionOnClassLiteralAccess.java,CompletionOnClassLiteralAccess,2,0
org.eclipse.jdt.internal.codeassist.complete.CompletionOnClassReference.java,CompletionOnClassReference,0,0
org.eclipse.jdt.internal.codeassist.complete.CompletionOnExceptionReference.java,CompletionOnExceptionReference,0,0
org.eclipse.jdt.internal.codeassist.complete.CompletionOnExplicitConstructorCall.java,CompletionOnExplicitConstructorCall,0,0
org.eclipse.jdt.internal.codeassist.complete.CompletionOnFieldName.java,CompletionOnFieldName,1,1
org.eclipse.jdt.internal.codeassist.complete.CompletionOnFieldType.java,CompletionOnFieldType,1,0
org.eclipse.jdt.internal.codeassist.complete.CompletionOnImportReference.java,CompletionOnImportReference,0,0
org.eclipse.jdt.internal.codeassist.complete.CompletionOnInterfaceReference.java,CompletionOnInterfaceReference,0,0
org.eclipse.jdt.internal.codeassist.complete.CompletionOnLocalName.java,CompletionOnLocalName,1,1
org.eclipse.jdt.internal.codeassist.complete.CompletionOnMemberAccess.java,CompletionOnMemberAccess,0,0
org.eclipse.jdt.internal.codeassist.complete.CompletionOnMessageSend.java,CompletionOnMessageSend,0,0
org.eclipse.jdt.internal.codeassist.complete.CompletionOnMethodName.java,CompletionOnMethodName,1,0
org.eclipse.jdt.internal.codeassist.complete.CompletionOnMethodReturnType.java,CompletionOnMethodReturnType,0,0
org.eclipse.jdt.internal.codeassist.complete.CompletionOnPackageReference.java,CompletionOnPackageReference,0,0
org.eclipse.jdt.internal.codeassist.complete.CompletionOnQualifiedAllocationExpression.java,CompletionOnQualifiedAllocationExpression,0,0
org.eclipse.jdt.internal.codeassist.complete.CompletionOnQualifiedClassReference.java,CompletionOnQualifiedClassReference,0,0
org.eclipse.jdt.internal.codeassist.complete.CompletionOnQualifiedExceptionReference.java,CompletionOnQualifiedExceptionReference,0,0
org.eclipse.jdt.internal.codeassist.complete.CompletionOnQualifiedInterfaceReference.java,CompletionOnQualifiedInterfaceReference,0,0
org.eclipse.jdt.internal.codeassist.complete.CompletionOnQualifiedNameReference.java,CompletionOnQualifiedNameReference,2,0
org.eclipse.jdt.internal.codeassist.complete.CompletionOnQualifiedTypeReference.java,CompletionOnQualifiedTypeReference,1,0
org.eclipse.jdt.internal.codeassist.complete.CompletionOnSingleNameReference.java,CompletionOnSingleNameReference,0,0
org.eclipse.jdt.internal.codeassist.complete.CompletionOnSingleTypeReference.java,CompletionOnSingleTypeReference,1,0
org.eclipse.jdt.internal.codeassist.complete.CompletionParser.java,CompletionParser,21,6
org.eclipse.jdt.internal.codeassist.complete.CompletionScanner.java,CompletionScanner,4,1
org.eclipse.jdt.internal.codeassist.complete.InvalidCursorLocation.java,InvalidCursorLocation,1,4
org.eclipse.jdt.internal.codeassist.CompletionEngine.java,CompletionEngine,18,10
org.eclipse.jdt.internal.codeassist.impl.AssistOptions.java,AssistOptions,2,4
org.eclipse.jdt.internal.codeassist.impl.AssistParser.java,AssistParser,11,2
org.eclipse.jdt.internal.codeassist.impl.Engine.java,Engine,5,0
org.eclipse.jdt.internal.codeassist.select.SelectionNodeFound.java,SelectionNodeFound,1,0
org.eclipse.jdt.internal.codeassist.select.SelectionOnArgumentName.java,SelectionOnArgumentName,0,0
org.eclipse.jdt.internal.codeassist.select.SelectionOnExplicitConstructorCall.java,SelectionOnExplicitConstructorCall,0,0
org.eclipse.jdt.internal.codeassist.select.SelectionOnFieldReference.java,SelectionOnFieldReference,0,0
org.eclipse.jdt.internal.codeassist.select.SelectionOnFieldType.java,SelectionOnFieldType,0,0
org.eclipse.jdt.internal.codeassist.select.SelectionOnImportReference.java,SelectionOnImportReference,0,0
org.eclipse.jdt.internal.codeassist.select.SelectionOnLocalName.java,SelectionOnLocalName,0,0
org.eclipse.jdt.internal.codeassist.select.SelectionOnMessageSend.java,SelectionOnMessageSend,0,0
org.eclipse.jdt.internal.codeassist.select.SelectionOnPackageReference.java,SelectionOnPackageReference,0,0
org.eclipse.jdt.internal.codeassist.select.SelectionOnQualifiedAllocationExpression.java,SelectionOnQualifiedAllocationExpression,0,0
org.eclipse.jdt.internal.codeassist.select.SelectionOnQualifiedNameReference.java,SelectionOnQualifiedNameReference,1,0
org.eclipse.jdt.internal.codeassist.select.SelectionOnQualifiedSuperReference.java,SelectionOnQualifiedSuperReference,0,0
org.eclipse.jdt.internal.codeassist.select.SelectionOnQualifiedTypeReference.java,SelectionOnQualifiedTypeReference,0,0
org.eclipse.jdt.internal.codeassist.select.SelectionOnSingleNameReference.java,SelectionOnSingleNameReference,0,0
org.eclipse.jdt.internal.codeassist.select.SelectionOnSingleTypeReference.java,SelectionOnSingleTypeReference,0,0
org.eclipse.jdt.internal.codeassist.select.SelectionOnSuperReference.java,SelectionOnSuperReference,0,0
org.eclipse.jdt.internal.codeassist.select.SelectionParser.java,SelectionParser,2,2
org.eclipse.jdt.internal.codeassist.select.SelectionScanner.java,SelectionScanner,3,0
org.eclipse.jdt.internal.codeassist.SelectionEngine.java,SelectionEngine,11,1
org.eclipse.jdt.internal.compiler.AbstractSyntaxTreeVisitorAdapter.java,AbstractSyntaxTreeVisitorAdapter,0,0
org.eclipse.jdt.internal.compiler.ast.AbstractMethodDeclaration.java,AbstractMethodDeclaration,16,0
org.eclipse.jdt.internal.compiler.ast.AbstractVariableDeclaration.java,AbstractVariableDeclaration,8,0
org.eclipse.jdt.internal.compiler.ast.AllocationExpression.java,AllocationExpression,4,0
org.eclipse.jdt.internal.compiler.ast.AND_AND_Expression.java,AND_AND_Expression,2,0
org.eclipse.jdt.internal.compiler.ast.AnonymousLocalTypeDeclaration.java,AnonymousLocalTypeDeclaration,1,1
org.eclipse.jdt.internal.compiler.ast.Argument.java,Argument,0,0
org.eclipse.jdt.internal.compiler.ast.ArrayAllocationExpression.java,ArrayAllocationExpression,4,0
org.eclipse.jdt.internal.compiler.ast.ArrayInitializer.java,ArrayInitializer,2,0
org.eclipse.jdt.internal.compiler.ast.ArrayQualifiedTypeReference.java,ArrayQualifiedTypeReference,1,0
org.eclipse.jdt.internal.compiler.ast.ArrayReference.java,ArrayReference,3,0
org.eclipse.jdt.internal.compiler.ast.ArrayTypeReference.java,ArrayTypeReference,1,0
org.eclipse.jdt.internal.compiler.ast.AssertStatement.java,AssertStatement,4,0
org.eclipse.jdt.internal.compiler.ast.Assignment.java,Assignment,3,0
org.eclipse.jdt.internal.compiler.ast.AstNode.java,AstNode,3,14
org.eclipse.jdt.internal.compiler.ast.BinaryExpression.java,BinaryExpression,3,0
org.eclipse.jdt.internal.compiler.ast.Block.java,Block,3,1
org.eclipse.jdt.internal.compiler.ast.BranchStatement.java,BranchStatement,3,0
org.eclipse.jdt.internal.compiler.ast.Break.java,Break,0,0
org.eclipse.jdt.internal.compiler.ast.Case.java,Case,2,0
org.eclipse.jdt.internal.compiler.ast.CastExpression.java,CastExpression,4,0
org.eclipse.jdt.internal.compiler.ast.CharLiteral.java,CharLiteral,1,0
org.eclipse.jdt.internal.compiler.ast.ClassLiteralAccess.java,ClassLiteralAccess,3,0
org.eclipse.jdt.internal.compiler.ast.Clinit.java,Clinit,2,1
org.eclipse.jdt.internal.compiler.ast.CompilationUnitDeclaration.java,CompilationUnitDeclaration,10,0
org.eclipse.jdt.internal.compiler.ast.CompoundAssignment.java,CompoundAssignment,2,0
org.eclipse.jdt.internal.compiler.ast.ConditionalExpression.java,ConditionalExpression,7,0
org.eclipse.jdt.internal.compiler.ast.ConstructorDeclaration.java,ConstructorDeclaration,3,1
org.eclipse.jdt.internal.compiler.ast.Continue.java,Continue,0,0
org.eclipse.jdt.internal.compiler.ast.DefaultCase.java,DefaultCase,1,0
org.eclipse.jdt.internal.compiler.ast.DoStatement.java,DoStatement,5,0
org.eclipse.jdt.internal.compiler.ast.DoubleLiteral.java,DoubleLiteral,1,0
org.eclipse.jdt.internal.compiler.ast.EmptyStatement.java,EmptyStatement,0,0
org.eclipse.jdt.internal.compiler.ast.EqualExpression.java,EqualExpression,0,0
org.eclipse.jdt.internal.compiler.ast.ExplicitConstructorCall.java,ExplicitConstructorCall,7,3
org.eclipse.jdt.internal.compiler.ast.Expression.java,Expression,2,0
org.eclipse.jdt.internal.compiler.ast.ExtendedStringLiteral.java,ExtendedStringLiteral,0,1
org.eclipse.jdt.internal.compiler.ast.FalseLiteral.java,FalseLiteral,0,1
org.eclipse.jdt.internal.compiler.ast.FieldDeclaration.java,FieldDeclaration,4,0
org.eclipse.jdt.internal.compiler.ast.FieldReference.java,FieldReference,8,0
org.eclipse.jdt.internal.compiler.ast.FloatLiteral.java,FloatLiteral,1,1
org.eclipse.jdt.internal.compiler.ast.ForStatement.java,ForStatement,11,0
org.eclipse.jdt.internal.compiler.ast.IfStatement.java,IfStatement,7,0
org.eclipse.jdt.internal.compiler.ast.ImportReference.java,ImportReference,7,0
org.eclipse.jdt.internal.compiler.ast.Initializer.java,Initializer,3,0
org.eclipse.jdt.internal.compiler.ast.InnerTypeDeclaration.java,InnerTypeDeclaration,0,0
org.eclipse.jdt.internal.compiler.ast.InstanceOfExpression.java,InstanceOfExpression,2,0
org.eclipse.jdt.internal.compiler.ast.IntLiteral.java,IntLiteral,1,2
org.eclipse.jdt.internal.compiler.ast.IntLiteralMinValue.java,IntLiteralMinValue,0,2
org.eclipse.jdt.internal.compiler.ast.LabeledStatement.java,LabeledStatement,4,0
org.eclipse.jdt.internal.compiler.ast.Literal.java,Literal,0,0
org.eclipse.jdt.internal.compiler.ast.LocalDeclaration.java,LocalDeclaration,1,0
org.eclipse.jdt.internal.compiler.ast.LocalTypeDeclaration.java,LocalTypeDeclaration,1,0
org.eclipse.jdt.internal.compiler.ast.LongLiteral.java,LongLiteral,1,1
org.eclipse.jdt.internal.compiler.ast.LongLiteralMinValue.java,LongLiteralMinValue,0,2
org.eclipse.jdt.internal.compiler.ast.MagicLiteral.java,MagicLiteral,0,0
org.eclipse.jdt.internal.compiler.ast.MemberTypeDeclaration.java,MemberTypeDeclaration,1,0
org.eclipse.jdt.internal.compiler.ast.MessageSend.java,MessageSend,9,0
org.eclipse.jdt.internal.compiler.ast.MethodDeclaration.java,MethodDeclaration,1,0
org.eclipse.jdt.internal.compiler.ast.NameReference.java,NameReference,4,0
org.eclipse.jdt.internal.compiler.ast.NullLiteral.java,NullLiteral,0,1
org.eclipse.jdt.internal.compiler.ast.NumberLiteral.java,NumberLiteral,1,0
org.eclipse.jdt.internal.compiler.ast.OperatorExpression.java,OperatorExpression,1,1
org.eclipse.jdt.internal.compiler.ast.OperatorExpression.java,Decode,0,0
org.eclipse.jdt.internal.compiler.ast.OR_OR_Expression.java,OR_OR_Expression,2,0
org.eclipse.jdt.internal.compiler.ast.PostfixExpression.java,PostfixExpression,0,0
org.eclipse.jdt.internal.compiler.ast.PrefixExpression.java,PrefixExpression,0,0
org.eclipse.jdt.internal.compiler.ast.QualifiedAllocationExpression.java,QualifiedAllocationExpression,2,0
org.eclipse.jdt.internal.compiler.ast.QualifiedNameReference.java,QualifiedNameReference,8,0
org.eclipse.jdt.internal.compiler.ast.QualifiedSuperReference.java,QualifiedSuperReference,0,0
org.eclipse.jdt.internal.compiler.ast.QualifiedThisReference.java,QualifiedThisReference,2,0
org.eclipse.jdt.internal.compiler.ast.QualifiedTypeReference.java,QualifiedTypeReference,2,0
org.eclipse.jdt.internal.compiler.ast.Reference.java,Reference,0,0
org.eclipse.jdt.internal.compiler.ast.ReturnStatement.java,ReturnStatement,5,0
org.eclipse.jdt.internal.compiler.ast.SingleNameReference.java,SingleNameReference,2,2
org.eclipse.jdt.internal.compiler.ast.SingleTypeReference.java,SingleTypeReference,1,0
org.eclipse.jdt.internal.compiler.ast.Statement.java,Statement,0,0
org.eclipse.jdt.internal.compiler.ast.StringLiteral.java,StringLiteral,1,0
org.eclipse.jdt.internal.compiler.ast.SuperReference.java,SuperReference,0,1
org.eclipse.jdt.internal.compiler.ast.SwitchStatement.java,SwitchStatement,10,0
org.eclipse.jdt.internal.compiler.ast.SynchronizedStatement.java,SynchronizedStatement,5,1
org.eclipse.jdt.internal.compiler.ast.ThisReference.java,ThisReference,0,1
org.eclipse.jdt.internal.compiler.ast.ThrowStatement.java,ThrowStatement,2,0
org.eclipse.jdt.internal.compiler.ast.TrueLiteral.java,TrueLiteral,0,1
org.eclipse.jdt.internal.compiler.ast.TryStatement.java,TryStatement,16,3
org.eclipse.jdt.internal.compiler.ast.TypeDeclaration.java,TypeDeclaration,21,0
org.eclipse.jdt.internal.compiler.ast.TypeReference.java,TypeReference,1,0
org.eclipse.jdt.internal.compiler.ast.UnaryExpression.java,UnaryExpression,2,0
org.eclipse.jdt.internal.compiler.ast.WhileStatement.java,WhileStatement,7,0
org.eclipse.jdt.internal.compiler.batch.ClasspathDirectory.java,ClasspathDirectory,5,2
org.eclipse.jdt.internal.compiler.batch.ClasspathJar.java,ClasspathJar,3,0
org.eclipse.jdt.internal.compiler.batch.CompilationUnit.java,CompilationUnit,4,0
org.eclipse.jdt.internal.compiler.batch.FileFinder.java,FileFinder,3,0
org.eclipse.jdt.internal.compiler.batch.FileSystem.java,FileSystem,2,0
org.eclipse.jdt.internal.compiler.batch.Main.java,Main,24,5
org.eclipse.jdt.internal.compiler.ClassFile.java,ClassFile,17,4
org.eclipse.jdt.internal.compiler.classfmt.ClassFileReader.java,ClassFileReader,17,0
org.eclipse.jdt.internal.compiler.classfmt.ClassFileStruct.java,ClassFileStruct,2,0
org.eclipse.jdt.internal.compiler.classfmt.ClassFormatException.java,ClassFormatException,2,29
org.eclipse.jdt.internal.compiler.classfmt.FieldInfo.java,FieldInfo,10,0
org.eclipse.jdt.internal.compiler.classfmt.InnerClassInfo.java,InnerClassInfo,11,0
org.eclipse.jdt.internal.compiler.classfmt.MethodInfo.java,MethodInfo,10,1
org.eclipse.jdt.internal.compiler.codegen.CaseLabel.java,CaseLabel,2,0
org.eclipse.jdt.internal.compiler.codegen.CharArrayCache.java,CharArrayCache,4,0
org.eclipse.jdt.internal.compiler.codegen.CodeStream.java,CodeStream,27,10
org.eclipse.jdt.internal.compiler.codegen.ConstantPool.java,ConstantPool,21,115
org.eclipse.jdt.internal.compiler.codegen.DoubleCache.java,DoubleCache,3,0
org.eclipse.jdt.internal.compiler.codegen.ExceptionLabel.java,ExceptionLabel,3,0
org.eclipse.jdt.internal.compiler.codegen.FieldNameAndTypeCache.java,FieldNameAndTypeCache,4,0
org.eclipse.jdt.internal.compiler.codegen.FloatCache.java,FloatCache,3,0
org.eclipse.jdt.internal.compiler.codegen.IntegerCache.java,IntegerCache,4,0
org.eclipse.jdt.internal.compiler.codegen.Label.java,Label,5,1
org.eclipse.jdt.internal.compiler.codegen.LongCache.java,LongCache,4,0
org.eclipse.jdt.internal.compiler.codegen.MethodNameAndTypeCache.java,MethodNameAndTypeCache,4,0
org.eclipse.jdt.internal.compiler.codegen.ObjectCache.java,ObjectCache,4,0
org.eclipse.jdt.internal.compiler.codegen.ResetStateForCodeGenerationVisitor.java,ResetStateForCodeGenerationVisitor,0,0
org.eclipse.jdt.internal.compiler.Compiler.java,Compiler,8,2
org.eclipse.jdt.internal.compiler.ConfigurableOption.java,ConfigurableOption,9,1
org.eclipse.jdt.internal.compiler.DefaultErrorHandlingPolicies.java,DefaultErrorHandlingPolicies,0,0
org.eclipse.jdt.internal.compiler.DocumentElementParser.java,DocumentElementParser,12,0
org.eclipse.jdt.internal.compiler.env.NameEnvironmentAnswer.java,NameEnvironmentAnswer,3,0
org.eclipse.jdt.internal.compiler.flow.ConditionalFlowInfo.java,ConditionalFlowInfo,2,0
org.eclipse.jdt.internal.compiler.flow.ExceptionHandlingFlowContext.java,ExceptionHandlingFlowContext,8,1
org.eclipse.jdt.internal.compiler.flow.FinallyFlowContext.java,FinallyFlowContext,2,0
org.eclipse.jdt.internal.compiler.flow.FlowContext.java,FlowContext,2,1
org.eclipse.jdt.internal.compiler.flow.FlowInfo.java,FlowInfo,0,1
org.eclipse.jdt.internal.compiler.flow.InitializationFlowContext.java,InitializationFlowContext,4,0
org.eclipse.jdt.internal.compiler.flow.InsideSubRoutineFlowContext.java,InsideSubRoutineFlowContext,1,0
org.eclipse.jdt.internal.compiler.flow.LabelFlowContext.java,LabelFlowContext,1,0
org.eclipse.jdt.internal.compiler.flow.LoopingFlowContext.java,LoopingFlowContext,6,0
org.eclipse.jdt.internal.compiler.flow.SwitchFlowContext.java,SwitchFlowContext,2,0
org.eclipse.jdt.internal.compiler.flow.UnconditionalFlowInfo.java,UnconditionalFlowInfo,6,1
org.eclipse.jdt.internal.compiler.impl.BooleanConstant.java,BooleanConstant,1,0
org.eclipse.jdt.internal.compiler.impl.ByteConstant.java,ByteConstant,1,0
org.eclipse.jdt.internal.compiler.impl.CharConstant.java,CharConstant,1,0
org.eclipse.jdt.internal.compiler.impl.CompilerOptions.java,CompilerOptions,14,53
org.eclipse.jdt.internal.compiler.impl.Constant.java,Constant,0,4
org.eclipse.jdt.internal.compiler.impl.DoubleConstant.java,DoubleConstant,1,0
org.eclipse.jdt.internal.compiler.impl.FloatConstant.java,FloatConstant,1,0
org.eclipse.jdt.internal.compiler.impl.IntConstant.java,IntConstant,1,0
org.eclipse.jdt.internal.compiler.impl.LongConstant.java,LongConstant,1,0
org.eclipse.jdt.internal.compiler.impl.NullConstant.java,NullConstant,0,2
org.eclipse.jdt.internal.compiler.impl.ShortConstant.java,ShortConstant,1,0
org.eclipse.jdt.internal.compiler.impl.StringConstant.java,StringConstant,1,0
org.eclipse.jdt.internal.compiler.lookup.ArrayBinding.java,ArrayBinding,3,1
org.eclipse.jdt.internal.compiler.lookup.BaseTypeBinding.java,BaseTypeBinding,2,0
org.eclipse.jdt.internal.compiler.lookup.BinaryTypeBinding.java,BinaryTypeBinding,7,0
org.eclipse.jdt.internal.compiler.lookup.Binding.java,Binding,0,0
org.eclipse.jdt.internal.compiler.lookup.BlockScope.java,BlockScope,8,1
org.eclipse.jdt.internal.compiler.lookup.ClassScope.java,ClassScope,1,0
org.eclipse.jdt.internal.compiler.lookup.CompilationUnitScope.java,CompilationUnitScope,9,0
org.eclipse.jdt.internal.compiler.lookup.FieldBinding.java,FieldBinding,1,0
org.eclipse.jdt.internal.compiler.lookup.ImportBinding.java,ImportBinding,4,0
org.eclipse.jdt.internal.compiler.lookup.InnerEmulationDependency.java,InnerEmulationDependency,3,0
org.eclipse.jdt.internal.compiler.lookup.LocalTypeBinding.java,LocalTypeBinding,1,1
org.eclipse.jdt.internal.compiler.lookup.LocalVariableBinding.java,LocalVariableBinding,7,0
org.eclipse.jdt.internal.compiler.lookup.LookupEnvironment.java,LookupEnvironment,13,6
org.eclipse.jdt.internal.compiler.lookup.MemberTypeBinding.java,MemberTypeBinding,0,0
org.eclipse.jdt.internal.compiler.lookup.MethodBinding.java,MethodBinding,7,0
org.eclipse.jdt.internal.compiler.lookup.MethodScope.java,MethodScope,10,1
org.eclipse.jdt.internal.compiler.lookup.MethodVerifier.java,MethodVerifier,5,0
org.eclipse.jdt.internal.compiler.lookup.NestedTypeBinding.java,NestedTypeBinding,4,0
org.eclipse.jdt.internal.compiler.lookup.PackageBinding.java,PackageBinding,5,0
org.eclipse.jdt.internal.compiler.lookup.ProblemBinding.java,ProblemBinding,3,0
org.eclipse.jdt.internal.compiler.lookup.ProblemFieldBinding.java,ProblemFieldBinding,1,0
org.eclipse.jdt.internal.compiler.lookup.ProblemMethodBinding.java,ProblemMethodBinding,2,0
org.eclipse.jdt.internal.compiler.lookup.ProblemPackageBinding.java,ProblemPackageBinding,1,0
org.eclipse.jdt.internal.compiler.lookup.ProblemReferenceBinding.java,ProblemReferenceBinding,2,0
org.eclipse.jdt.internal.compiler.lookup.ReferenceBinding.java,ReferenceBinding,7,0
org.eclipse.jdt.internal.compiler.lookup.Scope.java,Scope,2,4
org.eclipse.jdt.internal.compiler.lookup.SyntheticAccessMethodBinding.java,SyntheticAccessMethodBinding,6,5
org.eclipse.jdt.internal.compiler.lookup.SyntheticArgumentBinding.java,SyntheticArgumentBinding,2,2
org.eclipse.jdt.internal.compiler.lookup.SyntheticFieldBinding.java,SyntheticFieldBinding,1,0
org.eclipse.jdt.internal.compiler.lookup.TypeBinding.java,TypeBinding,2,0
org.eclipse.jdt.internal.compiler.lookup.UnresolvedReferenceBinding.java,UnresolvedReferenceBinding,1,0
org.eclipse.jdt.internal.compiler.lookup.VariableBinding.java,VariableBinding,5,0
org.eclipse.jdt.internal.compiler.parser.NLSLine.java,NLSLine,1,0
org.eclipse.jdt.internal.compiler.parser.Parser.java,Parser,52,18
org.eclipse.jdt.internal.compiler.parser.RecoveredBlock.java,RecoveredBlock,5,0
org.eclipse.jdt.internal.compiler.parser.RecoveredElement.java,RecoveredElement,4,0
org.eclipse.jdt.internal.compiler.parser.RecoveredField.java,RecoveredField,4,0
org.eclipse.jdt.internal.compiler.parser.RecoveredImport.java,RecoveredImport,1,0
org.eclipse.jdt.internal.compiler.parser.RecoveredInitializer.java,RecoveredInitializer,3,0
org.eclipse.jdt.internal.compiler.parser.RecoveredLocalVariable.java,RecoveredLocalVariable,2,0
org.eclipse.jdt.internal.compiler.parser.RecoveredMethod.java,RecoveredMethod,5,0
org.eclipse.jdt.internal.compiler.parser.RecoveredStatement.java,RecoveredStatement,2,0
org.eclipse.jdt.internal.compiler.parser.RecoveredType.java,RecoveredType,9,0
org.eclipse.jdt.internal.compiler.parser.RecoveredUnit.java,RecoveredUnit,5,0
org.eclipse.jdt.internal.compiler.parser.Scanner.java,Scanner,31,55
org.eclipse.jdt.internal.compiler.parser.SourceConstructorDeclaration.java,SourceConstructorDeclaration,1,0
org.eclipse.jdt.internal.compiler.parser.SourceFieldDeclaration.java,SourceFieldDeclaration,1,0
org.eclipse.jdt.internal.compiler.parser.SourceMethodDeclaration.java,SourceMethodDeclaration,1,0
org.eclipse.jdt.internal.compiler.parser.SourceTypeConverter.java,SourceTypeConverter,0,0
org.eclipse.jdt.internal.compiler.problem.AbortCompilation.java,AbortCompilation,6,0
org.eclipse.jdt.internal.compiler.problem.AbortCompilationUnit.java,AbortCompilationUnit,0,0
org.eclipse.jdt.internal.compiler.problem.AbortMethod.java,AbortMethod,0,0
org.eclipse.jdt.internal.compiler.problem.AbortType.java,AbortType,0,0
org.eclipse.jdt.internal.compiler.problem.DefaultProblem.java,DefaultProblem,8,0
org.eclipse.jdt.internal.compiler.problem.DefaultProblemFactory.java,DefaultProblemFactory,2,3
org.eclipse.jdt.internal.compiler.problem.ProblemHandler.java,ProblemHandler,3,0
org.eclipse.jdt.internal.compiler.problem.ProblemReporter.java,ProblemReporter,1,0
org.eclipse.jdt.internal.compiler.problem.ShouldNotImplement.java,ShouldNotImplement,0,0
org.eclipse.jdt.internal.compiler.SourceElementParser.java,SourceElementParser,13,1
org.eclipse.jdt.internal.compiler.SourceElementParser.java,LocalDeclarationVisitor,0,0
org.eclipse.jdt.internal.compiler.SourceElementRequestorAdapter.java,SourceElementRequestorAdapter,0,0
org.eclipse.jdt.internal.compiler.util.CharOperation.java,CharOperation,0,0
org.eclipse.jdt.internal.compiler.util.CompoundNameVector.java,CompoundNameVector,3,1
org.eclipse.jdt.internal.compiler.util.HashtableOfInt.java,HashtableOfInt,4,0
org.eclipse.jdt.internal.compiler.util.HashtableOfObject.java,HashtableOfObject,4,0
org.eclipse.jdt.internal.compiler.util.HashtableOfPackage.java,HashtableOfPackage,4,0
org.eclipse.jdt.internal.compiler.util.HashtableOfType.java,HashtableOfType,4,0
org.eclipse.jdt.internal.compiler.util.ObjectVector.java,ObjectVector,3,1
org.eclipse.jdt.internal.compiler.util.SimpleNameVector.java,SimpleNameVector,3,1
org.eclipse.jdt.internal.compiler.util.Util.java,Util,0,14
org.eclipse.jdt.internal.core.Assert.java,Assert,0,0
org.eclipse.jdt.internal.core.Assert.java,AssertionFailedException,0,0
org.eclipse.jdt.internal.core.BasicCompilationUnit.java,BasicCompilationUnit,5,0
org.eclipse.jdt.internal.core.BinaryField.java,BinaryField,0,0
org.eclipse.jdt.internal.core.BinaryMember.java,BinaryMember,0,0
org.eclipse.jdt.internal.core.BinaryMethod.java,BinaryMethod,5,1
org.eclipse.jdt.internal.core.BinaryMethod.java,DecodeParametersNames,1,0
org.eclipse.jdt.internal.core.BinaryType.java,BinaryType,0,5
org.eclipse.jdt.internal.core.Buffer.java,Buffer,8,3
org.eclipse.jdt.internal.core.BufferCache.java,BufferCache,0,0
org.eclipse.jdt.internal.core.BufferManager.java,BufferManager,1,1
org.eclipse.jdt.internal.core.builder.AbortIncrementalBuildException.java,AbortIncrementalBuildException,1,0
org.eclipse.jdt.internal.core.builder.AbstractImageBuilder.java,AbstractImageBuilder,12,1
org.eclipse.jdt.internal.core.builder.AdditionalTypeCollection.java,AdditionalTypeCollection,1,0
org.eclipse.jdt.internal.core.builder.BatchImageBuilder.java,BatchImageBuilder,0,0
org.eclipse.jdt.internal.core.builder.BuildNotifier.java,BuildNotifier,12,0
org.eclipse.jdt.internal.core.builder.ClasspathDirectory.java,ClasspathDirectory,3,0
org.eclipse.jdt.internal.core.builder.ClasspathJar.java,ClasspathJar,3,0
org.eclipse.jdt.internal.core.builder.ClasspathLocation.java,ClasspathLocation,0,0
org.eclipse.jdt.internal.core.builder.ClasspathMultiDirectory.java,ClasspathMultiDirectory,1,0
org.eclipse.jdt.internal.core.builder.ImageBuilderInternalException.java,ImageBuilderInternalException,1,0
org.eclipse.jdt.internal.core.builder.IncrementalImageBuilder.java,IncrementalImageBuilder,6,1
org.eclipse.jdt.internal.core.builder.JavaBuilder.java,JavaBuilder,11,7
org.eclipse.jdt.internal.core.builder.MissingClassFileException.java,MissingClassFileException,1,0
org.eclipse.jdt.internal.core.builder.MissingSourceFileException.java,MissingSourceFileException,1,0
org.eclipse.jdt.internal.core.builder.NameEnvironment.java,NameEnvironment,6,0
org.eclipse.jdt.internal.core.builder.ProblemFactory.java,ProblemFactory,0,1
org.eclipse.jdt.internal.core.builder.ReferenceCollection.java,ReferenceCollection,2,8
org.eclipse.jdt.internal.core.builder.SimpleLookupTable.java,SimpleLookupTable,4,0
org.eclipse.jdt.internal.core.builder.SourceFile.java,SourceFile,4,0
org.eclipse.jdt.internal.core.builder.State.java,State,9,1
org.eclipse.jdt.internal.core.builder.WorkQueue.java,WorkQueue,2,0
org.eclipse.jdt.internal.core.ClassFile.java,ClassFile,1,0
org.eclipse.jdt.internal.core.ClassFileInfo.java,ClassFileInfo,2,0
org.eclipse.jdt.internal.core.ClassFileWorkingCopy.java,ClassFileWorkingCopy,1,0
org.eclipse.jdt.internal.core.ClasspathEntry.java,ClasspathEntry,6,1
org.eclipse.jdt.internal.core.CommitWorkingCopyOperation.java,CommitWorkingCopyOperation,0,0
org.eclipse.jdt.internal.core.CompilationUnit.java,CompilationUnit,0,1
org.eclipse.jdt.internal.core.CompilationUnitElementInfo.java,CompilationUnitElementInfo,2,0
org.eclipse.jdt.internal.core.CompilationUnitProblemFinder.java,CompilationUnitProblemFinder,0,0
org.eclipse.jdt.internal.core.CompilationUnitStructureRequestor.java,CompilationUnitStructureRequestor,14,5
org.eclipse.jdt.internal.core.CompilationUnitVisitor.java,CompilationUnitVisitor,0,0
org.eclipse.jdt.internal.core.CompletionRequestorWrapper.java,CompletionRequestorWrapper,2,1
org.eclipse.jdt.internal.core.CopyElementsOperation.java,CopyElementsOperation,1,0
org.eclipse.jdt.internal.core.CreateCompilationUnitOperation.java,CreateCompilationUnitOperation,2,0
org.eclipse.jdt.internal.core.CreateElementInCUOperation.java,CreateElementInCUOperation,7,3
org.eclipse.jdt.internal.core.CreateFieldOperation.java,CreateFieldOperation,0,0
org.eclipse.jdt.internal.core.CreateImportOperation.java,CreateImportOperation,1,0
org.eclipse.jdt.internal.core.CreateInitializerOperation.java,CreateInitializerOperation,1,0
org.eclipse.jdt.internal.core.CreateMethodOperation.java,CreateMethodOperation,1,0
org.eclipse.jdt.internal.core.CreatePackageDeclarationOperation.java,CreatePackageDeclarationOperation,1,0
org.eclipse.jdt.internal.core.CreatePackageFragmentOperation.java,CreatePackageFragmentOperation,1,0
org.eclipse.jdt.internal.core.CreateTypeHierarchyOperation.java,CreateTypeHierarchyOperation,2,0
org.eclipse.jdt.internal.core.CreateTypeMemberOperation.java,CreateTypeMemberOperation,3,0
org.eclipse.jdt.internal.core.CreateTypeOperation.java,CreateTypeOperation,0,0
org.eclipse.jdt.internal.core.DeleteElementsOperation.java,DeleteElementsOperation,3,0
org.eclipse.jdt.internal.core.DeleteResourceElementsOperation.java,DeleteResourceElementsOperation,0,0
org.eclipse.jdt.internal.core.DeltaProcessor.java,DeltaProcessor,10,10
org.eclipse.jdt.internal.core.ElementCache.java,ElementCache,0,0
org.eclipse.jdt.internal.core.eval.EvaluationContextWrapper.java,EvaluationContextWrapper,2,0
org.eclipse.jdt.internal.core.eval.GlobalVariableWrapper.java,GlobalVariableWrapper,1,0
org.eclipse.jdt.internal.core.eval.RequestorWrapper.java,RequestorWrapper,1,0
org.eclipse.jdt.internal.core.FailedReconciliationException.java,FailedReconciliationException,0,0
org.eclipse.jdt.internal.core.HandleFactory.java,HandleFactory,5,0
org.eclipse.jdt.internal.core.hierarchy.HierarchyBinaryType.java,HierarchyBinaryType,6,0
org.eclipse.jdt.internal.core.hierarchy.HierarchyBuilder.java,HierarchyBuilder,5,0
org.eclipse.jdt.internal.core.hierarchy.HierarchyResolver.java,HierarchyResolver,8,0
org.eclipse.jdt.internal.core.hierarchy.HierarchyResolver.java,MissingType,1,0
org.eclipse.jdt.internal.core.hierarchy.HierarchyType.java,HierarchyType,7,0
org.eclipse.jdt.internal.core.hierarchy.IndexBasedHierarchyBuilder.java,IndexBasedHierarchyBuilder,8,0
org.eclipse.jdt.internal.core.hierarchy.IndexBasedHierarchyBuilder.java,Queue,3,0
org.eclipse.jdt.internal.core.hierarchy.IndexBasedHierarchyBuilder.java,PathCollector,1,0
org.eclipse.jdt.internal.core.hierarchy.RegionBasedHierarchyBuilder.java,RegionBasedHierarchyBuilder,0,0
org.eclipse.jdt.internal.core.hierarchy.RegionBasedTypeHierarchy.java,RegionBasedTypeHierarchy,2,0
org.eclipse.jdt.internal.core.hierarchy.TypeHierarchy.java,TypeHierarchy,18,2
org.eclipse.jdt.internal.core.ImportContainer.java,ImportContainer,0,0
org.eclipse.jdt.internal.core.ImportDeclaration.java,ImportDeclaration,0,0
org.eclipse.jdt.internal.core.index.DocumentFactory.java,DocumentFactory,0,0
org.eclipse.jdt.internal.core.index.impl.Block.java,Block,2,0
org.eclipse.jdt.internal.core.index.impl.BlocksIndexInput.java,BlocksIndexInput,9,1
org.eclipse.jdt.internal.core.index.impl.BlocksIndexOutput.java,BlocksIndexOutput,12,0
org.eclipse.jdt.internal.core.index.impl.CodeByteStream.java,CodeByteStream,5,0
org.eclipse.jdt.internal.core.index.impl.EntryResult.java,EntryResult,2,0
org.eclipse.jdt.internal.core.index.impl.Field.java,Field,3,0
org.eclipse.jdt.internal.core.index.impl.FileDocument.java,FileDocument,1,0
org.eclipse.jdt.internal.core.index.impl.FileListBlock.java,FileListBlock,3,0
org.eclipse.jdt.internal.core.index.impl.GammaCompressedIndexBlock.java,GammaCompressedIndexBlock,4,0
org.eclipse.jdt.internal.core.index.impl.IFileDocument.java,IFileDocument,3,0
org.eclipse.jdt.internal.core.index.impl.Index.java,Index,7,3
org.eclipse.jdt.internal.core.index.impl.IndexBlock.java,IndexBlock,0,0
org.eclipse.jdt.internal.core.index.impl.IndexedFile.java,IndexedFile,4,5
org.eclipse.jdt.internal.core.index.impl.IndexedFileHashedArray.java,IndexedFileHashedArray,5,0
org.eclipse.jdt.internal.core.index.impl.IndexerOutput.java,IndexerOutput,3,0
org.eclipse.jdt.internal.core.index.impl.IndexInput.java,IndexInput,3,0
org.eclipse.jdt.internal.core.index.impl.IndexOutput.java,IndexOutput,0,0
org.eclipse.jdt.internal.core.index.impl.IndexSummary.java,IndexSummary,10,0
org.eclipse.jdt.internal.core.index.impl.IndexSummary.java,FirstFileInBlock,2,0
org.eclipse.jdt.internal.core.index.impl.IndexSummary.java,FirstWordInBlock,2,0
org.eclipse.jdt.internal.core.index.impl.InMemoryIndex.java,InMemoryIndex,5,0
org.eclipse.jdt.internal.core.index.impl.Int.java,Int,1,0
org.eclipse.jdt.internal.core.index.impl.JarFileDocument.java,JarFileDocument,1,0
org.eclipse.jdt.internal.core.index.impl.JarFileEntryDocument.java,JarFileEntryDocument,3,1
org.eclipse.jdt.internal.core.index.impl.LRUCache.java,LRUCache,14,1
org.eclipse.jdt.internal.core.index.impl.LRUCache.java,LRUCacheEntry,6,0
org.eclipse.jdt.internal.core.index.impl.MergeFactory.java,MergeFactory,7,2
org.eclipse.jdt.internal.core.index.impl.PropertyDocument.java,PropertyDocument,1,0
org.eclipse.jdt.internal.core.index.impl.SafeRandomAccessFile.java,SafeRandomAccessFile,0,0
org.eclipse.jdt.internal.core.index.impl.SimpleIndexBlock.java,SimpleIndexBlock,1,0
org.eclipse.jdt.internal.core.index.impl.SimpleIndexInput.java,SimpleIndexInput,4,0
org.eclipse.jdt.internal.core.index.impl.Util.java,Util,0,0
org.eclipse.jdt.internal.core.index.impl.WordEntry.java,WordEntry,3,0
org.eclipse.jdt.internal.core.index.impl.WordEntryHashedArray.java,WordEntryHashedArray,3,0
org.eclipse.jdt.internal.core.Initializer.java,Initializer,0,0
org.eclipse.jdt.internal.core.InitializerElementInfo.java,InitializerElementInfo,0,0
org.eclipse.jdt.internal.core.JarEntryFile.java,JarEntryFile,3,0
org.eclipse.jdt.internal.core.JarPackageFragment.java,JarPackageFragment,0,0
org.eclipse.jdt.internal.core.JarPackageFragmentInfo.java,JarPackageFragmentInfo,1,0
org.eclipse.jdt.internal.core.JarPackageFragmentRoot.java,JarPackageFragmentRoot,1,3
org.eclipse.jdt.internal.core.JarPackageFragmentRootInfo.java,JarPackageFragmentRootInfo,1,0
org.eclipse.jdt.internal.core.JavaElement.java,JavaElement,4,12
org.eclipse.jdt.internal.core.JavaElementDelta.java,JavaElementDelta,8,1
org.eclipse.jdt.internal.core.JavaElementDeltaBuilder.java,JavaElementDeltaBuilder,10,0
org.eclipse.jdt.internal.core.JavaElementDeltaBuilder.java,ListItem,2,0
org.eclipse.jdt.internal.core.JavaElementInfo.java,JavaElementInfo,2,2
org.eclipse.jdt.internal.core.JavaElementRequestor.java,JavaElementRequestor,7,5
org.eclipse.jdt.internal.core.JavaModel.java,JavaModel,0,1
org.eclipse.jdt.internal.core.JavaModelCache.java,JavaModelCache,5,2
org.eclipse.jdt.internal.core.JavaModelInfo.java,JavaModelInfo,0,0
org.eclipse.jdt.internal.core.JavaModelManager.java,JavaModelManager,19,31
org.eclipse.jdt.internal.core.JavaModelManager.java,PerProjectInfo,3,0
org.eclipse.jdt.internal.core.JavaModelManager.java,PluginPreferencesListener,0,0
org.eclipse.jdt.internal.core.JavaModelOperation.java,JavaModelOperation,8,1
org.eclipse.jdt.internal.core.JavaModelStatus.java,JavaModelStatus,4,2
org.eclipse.jdt.internal.core.JavaProject.java,JavaProject,1,2
org.eclipse.jdt.internal.core.JavaProjectElementInfo.java,JavaProjectElementInfo,6,0
org.eclipse.jdt.internal.core.jdom.AbstractDOMBuilder.java,AbstractDOMBuilder,8,0
org.eclipse.jdt.internal.core.jdom.CompilationUnit.java,CompilationUnit,3,0
org.eclipse.jdt.internal.core.jdom.DOMBuilder.java,DOMBuilder,3,0
org.eclipse.jdt.internal.core.jdom.DOMCompilationUnit.java,DOMCompilationUnit,1,0
org.eclipse.jdt.internal.core.jdom.DOMField.java,DOMField,4,0
org.eclipse.jdt.internal.core.jdom.DOMImport.java,DOMImport,1,0
org.eclipse.jdt.internal.core.jdom.DOMInitializer.java,DOMInitializer,2,0
org.eclipse.jdt.internal.core.jdom.DOMMember.java,DOMMember,5,0
org.eclipse.jdt.internal.core.jdom.DOMMethod.java,DOMMethod,11,0
org.eclipse.jdt.internal.core.jdom.DOMNode.java,DOMNode,12,12
org.eclipse.jdt.internal.core.jdom.DOMPackage.java,DOMPackage,0,0
org.eclipse.jdt.internal.core.jdom.DOMType.java,DOMType,11,0
org.eclipse.jdt.internal.core.jdom.SiblingEnumeration.java,SiblingEnumeration,1,0
org.eclipse.jdt.internal.core.jdom.SimpleDOMBuilder.java,SimpleDOMBuilder,0,0
org.eclipse.jdt.internal.core.LRUCacheEnumerator.java,LRUCacheEnumerator,3,0
org.eclipse.jdt.internal.core.LRUCacheEnumerator.java,LRUEnumeratorElement,2,0
org.eclipse.jdt.internal.core.Member.java,Member,0,0
org.eclipse.jdt.internal.core.MemberElementInfo.java,MemberElementInfo,4,0
org.eclipse.jdt.internal.core.ModelUpdater.java,ModelUpdater,1,0
org.eclipse.jdt.internal.core.MoveElementsOperation.java,MoveElementsOperation,0,0
org.eclipse.jdt.internal.core.MoveResourceElementsOperation.java,MoveResourceElementsOperation,0,0
org.eclipse.jdt.internal.core.MultiOperation.java,MultiOperation,4,0
org.eclipse.jdt.internal.core.NameLookup.java,NameLookup,4,2
org.eclipse.jdt.internal.core.NonVoidMethodRequestor.java,NonVoidMethodRequestor,0,0
org.eclipse.jdt.internal.core.Openable.java,Openable,0,0
org.eclipse.jdt.internal.core.OpenableElementInfo.java,OpenableElementInfo,0,0
org.eclipse.jdt.internal.core.OverflowingLRUCache.java,OverflowingLRUCache,5,0
org.eclipse.jdt.internal.core.OverflowingLRUCache.java,Temp,2,0
org.eclipse.jdt.internal.core.PackageDeclaration.java,PackageDeclaration,0,0
org.eclipse.jdt.internal.core.PackageFragment.java,PackageFragment,0,2
org.eclipse.jdt.internal.core.PackageFragmentInfo.java,PackageFragmentInfo,1,0
org.eclipse.jdt.internal.core.PackageFragmentRoot.java,PackageFragmentRoot,1,0
org.eclipse.jdt.internal.core.PackageFragmentRootInfo.java,PackageFragmentRootInfo,2,0
org.eclipse.jdt.internal.core.Region.java,Region,1,0
org.eclipse.jdt.internal.core.RenameElementsOperation.java,RenameElementsOperation,0,0
org.eclipse.jdt.internal.core.RenameResourceElementsOperation.java,RenameResourceElementsOperation,0,0
org.eclipse.jdt.internal.core.search.AbstractSearchScope.java,AbstractSearchScope,0,0
org.eclipse.jdt.internal.core.search.HierarchyScope.java,HierarchyScope,7,0
org.eclipse.jdt.internal.core.search.indexing.AbstractIndexer.java,AbstractIndexer,1,0
org.eclipse.jdt.internal.core.search.indexing.AddClassFileToIndex.java,AddClassFileToIndex,4,0
org.eclipse.jdt.internal.core.search.indexing.AddCompilationUnitToIndex.java,AddCompilationUnitToIndex,4,0
org.eclipse.jdt.internal.core.search.indexing.AddJarFileToIndex.java,AddJarFileToIndex,5,0
org.eclipse.jdt.internal.core.search.indexing.BinaryIndexer.java,BinaryIndexer,1,11
org.eclipse.jdt.internal.core.search.indexing.IndexAllProject.java,IndexAllProject,6,0
org.eclipse.jdt.internal.core.search.indexing.IndexBinaryFolder.java,IndexBinaryFolder,3,0
org.eclipse.jdt.internal.core.search.indexing.IndexManager.java,IndexManager,6,2
org.eclipse.jdt.internal.core.search.indexing.IndexRequest.java,IndexRequest,1,0
org.eclipse.jdt.internal.core.search.indexing.ReadWriteMonitor.java,ReadWriteMonitor,1,0
org.eclipse.jdt.internal.core.search.indexing.RemoveFolderFromIndex.java,RemoveFolderFromIndex,3,0
org.eclipse.jdt.internal.core.search.indexing.RemoveFromIndex.java,RemoveFromIndex,3,0
org.eclipse.jdt.internal.core.search.indexing.SourceIndexer.java,SourceIndexer,1,1
org.eclipse.jdt.internal.core.search.indexing.SourceIndexerRequestor.java,SourceIndexerRequestor,6,0
org.eclipse.jdt.internal.core.search.IndexSearchAdapter.java,IndexSearchAdapter,0,0
org.eclipse.jdt.internal.core.search.IndexSelector.java,IndexSelector,4,0
org.eclipse.jdt.internal.core.search.JavaSearchScope.java,JavaSearchScope,5,0
org.eclipse.jdt.internal.core.search.JavaWorkspaceScope.java,JavaWorkspaceScope,1,0
org.eclipse.jdt.internal.core.search.matching.AndPattern.java,AndPattern,0,0
org.eclipse.jdt.internal.core.search.matching.ConstructorDeclarationPattern.java,ConstructorDeclarationPattern,1,0
org.eclipse.jdt.internal.core.search.matching.ConstructorReferencePattern.java,ConstructorReferencePattern,1,0
org.eclipse.jdt.internal.core.search.matching.DeclarationOfAccessedFieldsPattern.java,DeclarationOfAccessedFieldsPattern,2,0
org.eclipse.jdt.internal.core.search.matching.DeclarationOfReferencedMethodsPattern.java,DeclarationOfReferencedMethodsPattern,2,0
org.eclipse.jdt.internal.core.search.matching.DeclarationOfReferencedTypesPattern.java,DeclarationOfReferencedTypesPattern,2,0
org.eclipse.jdt.internal.core.search.matching.FieldDeclarationPattern.java,FieldDeclarationPattern,6,0
org.eclipse.jdt.internal.core.search.matching.FieldReferencePattern.java,FieldReferencePattern,8,2
org.eclipse.jdt.internal.core.search.matching.FileNameEnvironment.java,FileNameEnvironment,0,0
org.eclipse.jdt.internal.core.search.matching.MatchingOpenable.java,MatchingOpenable,6,0
org.eclipse.jdt.internal.core.search.matching.MatchingOpenableSet.java,MatchingOpenableSet,2,0
org.eclipse.jdt.internal.core.search.matching.MatchLocator.java,MatchLocator,13,1
org.eclipse.jdt.internal.core.search.matching.MatchLocatorParser.java,MatchLocatorParser,2,0
org.eclipse.jdt.internal.core.search.matching.MatchLocatorParser.java,LocalDeclarationVisitor,0,0
org.eclipse.jdt.internal.core.search.matching.MatchSet.java,MatchSet,7,0
org.eclipse.jdt.internal.core.search.matching.MatchSet.java,LocalDeclarationVisitor,1,0
org.eclipse.jdt.internal.core.search.matching.MatchSet.java,WrappedCoreException,1,0
org.eclipse.jdt.internal.core.search.matching.MethodDeclarationPattern.java,MethodDeclarationPattern,0,0
org.eclipse.jdt.internal.core.search.matching.MethodPattern.java,MethodPattern,9,0
org.eclipse.jdt.internal.core.search.matching.MethodReferencePattern.java,MethodReferencePattern,2,0
org.eclipse.jdt.internal.core.search.matching.MultipleSearchPattern.java,MultipleSearchPattern,2,0
org.eclipse.jdt.internal.core.search.matching.OrNameCombiner.java,OrNameCombiner,2,0
org.eclipse.jdt.internal.core.search.matching.OrPathCombiner.java,OrPathCombiner,2,0
org.eclipse.jdt.internal.core.search.matching.OrPattern.java,OrPattern,2,0
org.eclipse.jdt.internal.core.search.matching.PackageDeclarationPattern.java,PackageDeclarationPattern,1,0
org.eclipse.jdt.internal.core.search.matching.PackageReferencePattern.java,PackageReferencePattern,4,1
org.eclipse.jdt.internal.core.search.matching.QualifiedTypeDeclarationPattern.java,QualifiedTypeDeclarationPattern,2,0
org.eclipse.jdt.internal.core.search.matching.SearchPattern.java,SearchPattern,3,8
org.eclipse.jdt.internal.core.search.matching.SuperInterfaceReferencePattern.java,SuperInterfaceReferencePattern,0,0
org.eclipse.jdt.internal.core.search.matching.SuperTypeNamesCollector.java,SuperTypeNamesCollector,6,0
org.eclipse.jdt.internal.core.search.matching.SuperTypeNamesCollector.java,TypeDeclarationVisitor,0,0
org.eclipse.jdt.internal.core.search.matching.SuperTypeReferencePattern.java,SuperTypeReferencePattern,11,1
org.eclipse.jdt.internal.core.search.matching.TypeDeclarationPattern.java,TypeDeclarationPattern,8,0
org.eclipse.jdt.internal.core.search.matching.TypeReferencePattern.java,TypeReferencePattern,7,2
org.eclipse.jdt.internal.core.search.PathCollector.java,PathCollector,1,0
org.eclipse.jdt.internal.core.search.PatternSearchJob.java,PatternSearchJob,8,0
org.eclipse.jdt.internal.core.search.processing.JobManager.java,JobManager,8,1
org.eclipse.jdt.internal.core.search.SubTypeSearchJob.java,SubTypeSearchJob,1,0
org.eclipse.jdt.internal.core.search.Util.java,Util,0,4
org.eclipse.jdt.internal.core.SearchableEnvironment.java,SearchableEnvironment,5,0
org.eclipse.jdt.internal.core.SearchableEnvironmentRequestor.java,SearchableEnvironmentRequestor,2,0
org.eclipse.jdt.internal.core.SelectionRequestor.java,SelectionRequestor,3,1
org.eclipse.jdt.internal.core.SetClasspathOperation.java,SetClasspathOperation,6,2
org.eclipse.jdt.internal.core.SingleTypeRequestor.java,SingleTypeRequestor,1,0
org.eclipse.jdt.internal.core.SourceField.java,SourceField,0,0
org.eclipse.jdt.internal.core.SourceFieldElementInfo.java,SourceFieldElementInfo,2,0
org.eclipse.jdt.internal.core.SourceMapper.java,SourceMapper,20,2
org.eclipse.jdt.internal.core.SourceMethod.java,SourceMethod,1,1
org.eclipse.jdt.internal.core.SourceMethodElementInfo.java,SourceMethodElementInfo,5,0
org.eclipse.jdt.internal.core.SourceRange.java,SourceRange,2,0
org.eclipse.jdt.internal.core.SourceRefElement.java,SourceRefElement,0,0
org.eclipse.jdt.internal.core.SourceRefElementInfo.java,SourceRefElementInfo,2,0
org.eclipse.jdt.internal.core.SourceType.java,SourceType,1,1
org.eclipse.jdt.internal.core.SourceType.java,TypeResolveRequestor,1,0
org.eclipse.jdt.internal.core.SourceTypeElementInfo.java,SourceTypeElementInfo,8,3
org.eclipse.jdt.internal.core.TypeConverter.java,TypeConverter,0,0
org.eclipse.jdt.internal.core.TypeVector.java,TypeVector,3,1
org.eclipse.jdt.internal.core.util.AnonymousFileSource.java,AnonymousFileSource,1,0
org.eclipse.jdt.internal.core.util.CharArrayBuffer.java,CharArrayBuffer,4,1
org.eclipse.jdt.internal.core.util.CharArrayOps.java,CharArrayOps,0,0
org.eclipse.jdt.internal.core.util.ClassFileAttribute.java,ClassFileAttribute,3,1
org.eclipse.jdt.internal.core.util.ClassFileReader.java,ClassFileReader,23,4
org.eclipse.jdt.internal.core.util.ClassFileStruct.java,ClassFileStruct,0,0
org.eclipse.jdt.internal.core.util.CodeAttribute.java,CodeAttribute,13,1
org.eclipse.jdt.internal.core.util.ConstantPool.java,ConstantPool,4,0
org.eclipse.jdt.internal.core.util.ConstantPoolEntry.java,ConstantPoolEntry,20,0
org.eclipse.jdt.internal.core.util.ConstantValueAttribute.java,ConstantValueAttribute,2,0
org.eclipse.jdt.internal.core.util.DefaultBytecodeVisitor.java,DefaultBytecodeVisitor,3,10
org.eclipse.jdt.internal.core.util.Disassembler.java,Disassembler,0,2
org.eclipse.jdt.internal.core.util.Dumper.java,Dumper,2,0
org.eclipse.jdt.internal.core.util.ExceptionAttribute.java,ExceptionAttribute,3,2
org.eclipse.jdt.internal.core.util.ExceptionTableEntry.java,ExceptionTableEntry,5,0
org.eclipse.jdt.internal.core.util.FieldInfo.java,FieldInfo,11,0
org.eclipse.jdt.internal.core.util.InnerClassesAttribute.java,InnerClassesAttribute,2,1
org.eclipse.jdt.internal.core.util.InnerClassesAttributeEntry.java,InnerClassesAttributeEntry,7,0
org.eclipse.jdt.internal.core.Util.java,Util,0,12
org.eclipse.jdt.internal.core.util.LineNumberAttribute.java,LineNumberAttribute,2,1
org.eclipse.jdt.internal.core.util.LocalVariableAttribute.java,LocalVariableAttribute,2,1
org.eclipse.jdt.internal.core.util.LocalVariableTableEntry.java,LocalVariableTableEntry,7,0
org.eclipse.jdt.internal.core.util.LRUCache.java,LRUCache,14,1
org.eclipse.jdt.internal.core.util.LRUCache.java,LRUCacheEntry,6,0
org.eclipse.jdt.internal.core.util.MethodInfo.java,MethodInfo,12,0
org.eclipse.jdt.internal.core.util.PerThreadObject.java,PerThreadObject,1,0
org.eclipse.jdt.internal.core.util.ReferenceInfoAdapter.java,ReferenceInfoAdapter,0,0
org.eclipse.jdt.internal.core.util.SourceFileAttribute.java,SourceFileAttribute,2,0
org.eclipse.jdt.internal.core.util.StringHashtableOfInt.java,StringHashtableOfInt,4,0
org.eclipse.jdt.internal.core.util.ToStringSorter.java,ToStringSorter,2,0
org.eclipse.jdt.internal.core.util.Util.java,Util,0,4
org.eclipse.jdt.internal.core.WorkingCopy.java,WorkingCopy,3,0
org.eclipse.jdt.internal.core.WorkingCopyElementInfo.java,WorkingCopyElementInfo,1,0
org.eclipse.jdt.internal.eval.CodeSnippetAllocationExpression.java,CodeSnippetAllocationExpression,2,0
org.eclipse.jdt.internal.eval.CodeSnippetClassFile.java,CodeSnippetClassFile,0,0
org.eclipse.jdt.internal.eval.CodeSnippetCodeStream.java,CodeSnippetCodeStream,0,1
org.eclipse.jdt.internal.eval.CodeSnippetCompiler.java,CodeSnippetCompiler,0,0
org.eclipse.jdt.internal.eval.CodeSnippetConstantPool.java,CodeSnippetConstantPool,3,140
org.eclipse.jdt.internal.eval.CodeSnippetEnvironment.java,CodeSnippetEnvironment,2,0
org.eclipse.jdt.internal.eval.CodeSnippetEvaluator.java,CodeSnippetEvaluator,2,1
org.eclipse.jdt.internal.eval.CodeSnippetFieldReference.java,CodeSnippetFieldReference,2,0
org.eclipse.jdt.internal.eval.CodeSnippetMessageSend.java,CodeSnippetMessageSend,2,0
org.eclipse.jdt.internal.eval.CodeSnippetParser.java,CodeSnippetParser,6,0
org.eclipse.jdt.internal.eval.CodeSnippetQualifiedNameReference.java,CodeSnippetQualifiedNameReference,2,0
org.eclipse.jdt.internal.eval.CodeSnippetReturnStatement.java,CodeSnippetReturnStatement,1,0
org.eclipse.jdt.internal.eval.CodeSnippetScope.java,CodeSnippetScope,0,0
org.eclipse.jdt.internal.eval.CodeSnippetSingleNameReference.java,CodeSnippetSingleNameReference,2,0
org.eclipse.jdt.internal.eval.CodeSnippetSkeleton.java,CodeSnippetSkeleton,5,0
org.eclipse.jdt.internal.eval.CodeSnippetSkeleton.java,BinaryMethodSkeleton,4,0
org.eclipse.jdt.internal.eval.CodeSnippetSuperReference.java,CodeSnippetSuperReference,1,0
org.eclipse.jdt.internal.eval.CodeSnippetThisReference.java,CodeSnippetThisReference,3,0
org.eclipse.jdt.internal.eval.CodeSnippetToCuMapper.java,CodeSnippetToCuMapper,12,0
org.eclipse.jdt.internal.eval.CodeSnippetTypeDeclaration.java,CodeSnippetTypeDeclaration,0,0
org.eclipse.jdt.internal.eval.EvaluationContext.java,EvaluationContext,14,3
org.eclipse.jdt.internal.eval.EvaluationContext.java,ForwardingRequestor,1,0
org.eclipse.jdt.internal.eval.EvaluationResult.java,EvaluationResult,5,6
org.eclipse.jdt.internal.eval.Evaluator.java,Evaluator,6,0
org.eclipse.jdt.internal.eval.Evaluator.java,CompilerRequestor,1,0
org.eclipse.jdt.internal.eval.GlobalVariable.java,GlobalVariable,7,0
org.eclipse.jdt.internal.eval.InstallException.java,InstallException,0,0
org.eclipse.jdt.internal.eval.VariablesEvaluator.java,VariablesEvaluator,1,0
org.eclipse.jdt.internal.eval.VariablesInfo.java,VariablesInfo,5,0
org.eclipse.jdt.internal.formatter.CodeFormatter.java,CodeFormatter,23,2
org.eclipse.jdt.internal.formatter.impl.FormatterOptions.java,FormatterOptions,10,17
org.eclipse.jdt.internal.formatter.impl.SplitLine.java,SplitLine,3,0
