plugin,package,NOF_num,NOF_total,NSF_num,NSF_total,NOM_num,NOM_total,NSM_num,NSM_total,NOI,NOT,TLOC,pre,post,NOF_max,NSF_max,NOM_max,NSM_max,NOF_avg,NSF_avg,NOM_avg,NSM_avg
org.apache.lucene,org.apache.lucene.demo.html,7,40,7,15,7,74,7,7,1,7,2766,0.0,0.0,14,8,47,3,5.714285714285714,2.142857142857143,10.571428571428571,1.0
org.eclipse.ant.core,org.eclipse.ant.core,9,35,9,15,9,102,9,3,0,9,2055,0.0,27.0,14,14,55,2,3.888888888888889,1.6666666666666667,11.333333333333334,0.3333333333333333
org.eclipse.ant.core,org.eclipse.ant.internal.core,3,5,3,5,3,11,3,1,1,3,249,0.0,16.0,4,3,7,1,1.6666666666666667,1.6666666666666667,3.6666666666666665,0.3333333333333333
org.eclipse.ant.core,org.eclipse.ant.internal.core.ant,5,13,5,2,5,70,5,1,0,5,776,0.0,0.0,8,2,41,1,2.6,0.4,14.0,0.2
org.eclipse.compare,org.eclipse.compare,15,73,15,16,15,161,15,17,8,15,3634,0.0,0.0,31,8,39,14,4.866666666666666,1.0666666666666667,10.733333333333333,1.1333333333333333
org.eclipse.compare,org.eclipse.compare.contentmergeviewer,10,155,10,20,10,248,10,9,3,10,5533,0.0,0.0,87,14,151,8,15.5,2.0,24.8,0.9
org.eclipse.compare,org.eclipse.compare.internal,60,184,60,72,60,385,60,75,6,60,7388,0.0,0.0,21,28,42,30,3.066666666666667,1.2,6.416666666666667,1.25
org.eclipse.compare,org.eclipse.compare.internal.patch,12,63,12,14,12,125,12,5,0,12,3034,0.0,0.0,16,5,30,2,5.25,1.1666666666666667,10.416666666666666,0.4166666666666667
org.eclipse.compare,org.eclipse.compare.rangedifferencer,4,12,4,12,4,19,4,13,1,4,946,0.0,0.0,7,7,11,13,3.0,3.0,4.75,3.25
org.eclipse.compare,org.eclipse.compare.structuremergeviewer,12,46,12,12,12,134,12,1,6,12,2972,0.0,0.0,13,10,41,1,3.8333333333333335,1.0,11.166666666666666,0.08333333333333333
org.eclipse.core.boot,org.eclipse.core.boot,1,0,1,22,1,0,1,23,5,1,1170,0.0,0.0,0,22,0,23,0.0,22.0,0.0,23.0
org.eclipse.core.boot,org.eclipse.core.internal.boot,23,137,23,229,23,288,23,88,1,23,6401,0.0,0.0,58,85,119,44,5.956521739130435,9.956521739130435,12.521739130434783,3.8260869565217392
org.eclipse.core.resources,org.eclipse.core.internal.dtree,15,23,15,14,15,183,15,17,2,15,3632,0.0,0.0,4,6,45,8,1.5333333333333334,0.9333333333333333,12.2,1.1333333333333333
org.eclipse.core.resources,org.eclipse.core.internal.events,19,88,19,30,19,187,19,27,1,19,3211,2.0,10.0,16,12,41,18,4.631578947368421,1.5789473684210527,9.842105263157896,1.4210526315789473
org.eclipse.core.resources,org.eclipse.core.internal.indexing,37,109,37,151,37,393,37,32,2,37,6003,0.0,0.0,15,39,56,5,2.945945945945946,4.081081081081081,10.621621621621621,0.8648648648648649
org.eclipse.core.resources,org.eclipse.core.internal.localstore,22,69,22,21,22,220,22,24,3,22,4020,1.0,13.0,10,9,32,20,3.1363636363636362,0.9545454545454546,10.0,1.0909090909090908
org.eclipse.core.resources,org.eclipse.core.internal.properties,8,14,8,7,8,85,8,1,1,8,1254,0.0,0.0,5,6,30,1,1.75,0.875,10.625,0.125
org.eclipse.core.resources,org.eclipse.core.internal.resources,70,217,70,125,70,938,70,23,5,70,16236,7.0,25.0,30,23,103,4,3.1,1.7857142857142858,13.4,0.32857142857142857
org.eclipse.core.resources,org.eclipse.core.internal.utils,11,10,11,75,11,51,11,30,0,11,1364,0.0,0.0,3,41,19,10,0.9090909090909091,6.818181818181818,4.636363636363637,2.727272727272727
org.eclipse.core.resources,org.eclipse.core.internal.watson,11,35,11,10,11,90,11,4,7,11,2389,0.0,0.0,7,3,40,2,3.1818181818181817,0.9090909090909091,8.181818181818182,0.36363636363636365
org.eclipse.core.resources,org.eclipse.core.resources,4,4,4,23,4,14,4,4,33,4,9856,87.0,4.0,3,20,8,4,1.0,5.75,3.5,1.0
org.eclipse.core.resources,org.eclipse.core.resources.ant,4,10,4,8,4,15,4,5,0,4,473,0.0,0.0,4,3,8,5,2.5,2.0,3.75,1.25
org.eclipse.core.resources,org.eclipse.core.resources.team,1,0,1,0,1,2,1,0,2,1,934,0.0,0.0,0,0,2,0,0.0,0.0,2.0,0.0
org.eclipse.core.runtime,org.eclipse.core.internal.plugins,23,72,23,122,23,326,23,17,2,23,7412,0.0,0.0,22,87,68,7,3.130434782608696,5.304347826086956,14.173913043478262,0.7391304347826086
org.eclipse.core.runtime,org.eclipse.core.internal.runtime,19,38,19,98,19,92,19,110,0,19,4170,1.0,10.0,10,58,20,58,2.0,5.157894736842105,4.842105263157895,5.7894736842105265
org.eclipse.core.runtime,org.eclipse.core.runtime,16,44,16,35,16,182,16,26,18,16,7108,45.0,0.0,10,10,48,20,2.75,2.1875,11.375,1.625
org.eclipse.core.runtime,org.eclipse.core.runtime.model,13,47,13,13,13,136,13,0,0,13,2065,0.0,0.0,9,5,21,0,3.6153846153846154,1.0,10.461538461538462,0.0
org.eclipse.debug.core,org.eclipse.debug.core,7,32,7,31,7,66,7,9,18,7,3841,0.0,49.0,17,16,27,9,4.571428571428571,4.428571428571429,9.428571428571429,1.2857142857142858
org.eclipse.debug.core,org.eclipse.debug.core.model,2,1,2,0,2,26,2,0,26,2,2392,0.0,0.0,1,0,23,0,0.5,0.0,13.0,0.0
org.eclipse.debug.core,org.eclipse.debug.internal.core,26,126,26,19,26,338,26,2,0,26,5487,0.0,39.0,24,6,76,1,4.846153846153846,0.7307692307692307,13.0,0.07692307692307693
org.eclipse.debug.ui,org.eclipse.debug.internal.ui,18,18,18,21,18,103,18,40,3,18,2904,0.0,19.0,4,13,19,23,1.0,1.1666666666666667,5.722222222222222,2.2222222222222223
org.eclipse.debug.ui,org.eclipse.debug.internal.ui.actions,56,29,56,2,56,243,56,7,0,56,4011,0.0,28.0,7,2,16,5,0.5178571428571429,0.03571428571428571,4.339285714285714,0.125
org.eclipse.debug.ui,org.eclipse.debug.internal.ui.launchConfigurations,28,78,28,33,28,384,28,6,1,28,6623,19.0,21.0,23,14,117,2,2.7857142857142856,1.1785714285714286,13.714285714285714,0.21428571428571427
org.eclipse.debug.ui,org.eclipse.debug.internal.ui.preferences,20,61,20,7,20,159,20,4,1,20,2725,9.0,9.0,17,4,40,2,3.05,0.35,7.95,0.2
org.eclipse.debug.ui,org.eclipse.debug.internal.ui.views,4,4,4,2,4,28,4,1,1,4,447,0.0,0.0,2,2,20,1,1.0,0.5,7.0,0.25
org.eclipse.debug.ui,org.eclipse.debug.internal.ui.views.breakpoints,4,2,4,0,4,22,4,0,0,4,402,0.0,9.0,1,0,9,0,0.5,0.0,5.5,0.0
org.eclipse.debug.ui,org.eclipse.debug.internal.ui.views.console,24,71,24,7,24,197,24,1,0,24,3528,0.0,3.0,29,2,43,1,2.9583333333333335,0.2916666666666667,8.208333333333334,0.041666666666666664
org.eclipse.debug.ui,org.eclipse.debug.internal.ui.views.expression,3,0,3,0,3,21,3,0,0,3,370,0.0,0.0,0,0,9,0,0.0,0.0,7.0,0.0
org.eclipse.debug.ui,org.eclipse.debug.internal.ui.views.launch,8,32,8,2,8,123,8,2,0,8,2227,1.0,2.0,15,2,63,2,4.0,0.25,15.375,0.25
org.eclipse.debug.ui,org.eclipse.debug.internal.ui.views.variables,8,30,8,5,8,134,8,0,0,8,1834,1.0,1.0,21,5,76,0,3.75,0.625,16.75,0.0
org.eclipse.debug.ui,org.eclipse.debug.ui,9,30,9,2,9,181,9,18,9,9,4527,1.0,32.0,14,2,66,18,3.3333333333333335,0.2222222222222222,20.11111111111111,2.0
org.eclipse.debug.ui,org.eclipse.debug.ui.actions,7,9,7,0,7,53,7,0,0,7,963,1.0,13.0,4,0,23,0,1.2857142857142858,0.0,7.571428571428571,0.0
org.eclipse.debug.ui,org.eclipse.debug.ui.console,2,7,2,0,2,9,2,0,4,2,497,0.0,0.0,5,0,6,0,3.5,0.0,4.5,0.0
org.eclipse.help,org.eclipse.help,0,0,0,0,0,0,0,0,6,0,433,0.0,0.0,0,0,0,0,,,,
org.eclipse.help,org.eclipse.help.browser,0,0,0,0,0,0,0,0,2,0,100,0.0,0.0,0,0,0,0,,,,
org.eclipse.help,org.eclipse.help.internal,5,11,5,26,5,31,5,23,0,5,1036,0.0,0.0,10,15,18,16,2.2,5.2,6.2,4.6
org.eclipse.help,org.eclipse.help.internal.browser,10,42,10,5,10,61,10,3,0,10,1088,0.0,0.0,13,2,17,2,4.2,0.5,6.1,0.3
org.eclipse.help,org.eclipse.help.internal.browser.macosx,2,0,2,1,2,9,2,1,0,2,124,0.0,0.0,0,1,7,1,0.0,0.5,4.5,0.5
org.eclipse.help,org.eclipse.help.internal.context,9,22,9,10,9,45,9,0,0,9,781,0.0,0.0,5,9,9,0,2.4444444444444446,1.1111111111111112,5.0,0.0
org.eclipse.help,org.eclipse.help.internal.protocols,5,8,5,2,5,19,5,1,0,5,417,0.0,0.0,5,1,10,1,1.6,0.4,3.8,0.2
org.eclipse.help,org.eclipse.help.internal.search,23,99,23,24,23,132,23,8,2,23,3335,0.0,0.0,20,9,19,7,4.304347826086956,1.0434782608695652,5.739130434782608,0.34782608695652173
org.eclipse.help,org.eclipse.help.internal.standalone,7,15,7,23,7,34,7,19,0,7,1168,0.0,0.0,6,13,13,15,2.142857142857143,3.2857142857142856,4.857142857142857,2.7142857142857144
org.eclipse.help,org.eclipse.help.internal.toc,11,36,11,2,11,68,11,4,1,11,1306,0.0,0.0,9,1,12,4,3.272727272727273,0.18181818181818182,6.181818181818182,0.36363636363636365
org.eclipse.help,org.eclipse.help.internal.util,8,12,8,8,8,17,8,41,1,8,1237,0.0,0.0,6,3,6,21,1.5,1.0,2.125,5.125
org.eclipse.help,org.eclipse.help.internal.workingset,10,26,10,8,10,71,10,0,1,10,1279,0.0,0.0,6,6,21,0,2.6,0.8,7.1,0.0
org.eclipse.help,org.eclipse.help.standalone,2,2,2,0,2,8,2,2,0,2,260,0.0,0.0,1,0,6,1,1.0,0.0,4.0,1.0
org.eclipse.help.appserver,org.eclipse.help.internal.appserver,4,7,4,7,4,13,4,15,1,4,699,0.0,2.0,5,6,7,8,1.75,1.75,3.25,3.75
org.eclipse.help.ui,org.eclipse.help.ui.browser,1,1,1,0,1,5,1,0,0,1,96,0.0,0.0,1,0,5,0,1.0,0.0,5.0,0.0
org.eclipse.help.ui,org.eclipse.help.ui.internal,11,28,11,15,11,117,11,7,2,11,1720,0.0,10.0,10,6,28,3,2.5454545454545454,1.3636363636363635,10.636363636363637,0.6363636363636364
org.eclipse.help.ui,org.eclipse.help.ui.internal.browser,3,5,3,0,3,19,3,0,0,3,351,0.0,0.0,4,0,10,0,1.6666666666666667,0.0,6.333333333333333,0.0
org.eclipse.help.ui,org.eclipse.help.ui.internal.search,4,12,4,6,4,31,4,0,0,4,733,0.0,0.0,7,4,12,0,3.0,1.5,7.75,0.0
org.eclipse.help.ui,org.eclipse.help.ui.internal.util,5,0,5,5,5,4,5,22,0,5,518,0.0,0.0,0,2,3,8,0.0,1.0,0.8,4.4
org.eclipse.help.ui,org.eclipse.help.ui.internal.workingset,5,9,5,3,5,46,5,0,0,5,834,0.0,0.0,6,3,18,0,1.8,0.6,9.2,0.0
org.eclipse.help.ui.win32,org.eclipse.help.ui.internal.browser.win32,12,38,12,55,12,71,12,6,2,12,1676,0.0,0.0,18,29,24,4,3.1666666666666665,4.583333333333333,5.916666666666667,0.5
org.eclipse.help.webapp,org.eclipse.help.internal.webapp,2,0,2,3,2,0,2,6,0,2,183,0.0,0.0,0,2,0,3,0.0,1.5,0.0,3.0
org.eclipse.help.webapp,org.eclipse.help.internal.webapp.data,15,38,15,16,15,110,15,18,0,15,2098,0.0,0.0,6,5,18,14,2.533333333333333,1.0666666666666667,7.333333333333333,1.2
org.eclipse.help.webapp,org.eclipse.help.internal.webapp.servlet,14,14,14,17,14,53,14,3,1,14,1502,0.0,0.0,3,7,9,1,1.0,1.2142857142857142,3.7857142857142856,0.21428571428571427
org.eclipse.jdt.core,org.eclipse.jdt.core,16,49,16,164,16,74,16,139,40,16,15383,0.0,0.0,18,95,18,49,3.0625,10.25,4.625,8.6875
org.eclipse.jdt.core,org.eclipse.jdt.core.compiler,2,0,2,2,2,0,2,47,3,2,3461,0.0,0.0,0,2,0,47,0.0,1.0,0.0,23.5
org.eclipse.jdt.core,org.eclipse.jdt.core.dom,91,202,91,195,91,1313,91,37,5,91,26702,0.0,0.0,12,66,126,11,2.21978021978022,2.142857142857143,14.428571428571429,0.4065934065934066
org.eclipse.jdt.core,org.eclipse.jdt.core.eval,0,0,0,0,0,0,0,0,3,0,557,0.0,0.0,0,0,0,0,,,,
org.eclipse.jdt.core,org.eclipse.jdt.core.jdom,2,0,2,0,2,17,2,0,10,2,1300,0.0,0.0,0,0,17,0,0.0,0.0,8.5,0.0
org.eclipse.jdt.core,org.eclipse.jdt.core.search,1,1,1,1,1,12,1,8,5,1,1228,0.0,0.0,1,1,12,8,1.0,1.0,12.0,8.0
org.eclipse.jdt.core,org.eclipse.jdt.core.util,5,1,5,10,5,208,5,1,22,5,3804,0.0,0.0,1,6,205,1,0.2,2.0,41.6,0.2
org.eclipse.jdt.core,org.eclipse.jdt.internal.codeassist,2,39,2,16,2,81,2,0,4,2,4490,0.0,0.0,26,15,68,0,19.5,8.0,40.5,0.0
org.eclipse.jdt.core,org.eclipse.jdt.internal.codeassist.complete,31,41,31,59,31,232,31,0,1,31,4861,0.0,0.0,8,51,98,0,1.3225806451612903,1.903225806451613,7.483870967741935,0.0
org.eclipse.jdt.core,org.eclipse.jdt.internal.codeassist.impl,3,26,3,20,3,81,3,0,1,3,1544,0.0,0.0,11,12,73,0,8.666666666666666,6.666666666666667,27.0,0.0
org.eclipse.jdt.core,org.eclipse.jdt.internal.codeassist.select,18,7,18,2,18,68,18,0,0,18,1771,0.0,0.0,3,2,34,0,0.3888888888888889,0.1111111111111111,3.7777777777777777,0.0
org.eclipse.jdt.core,org.eclipse.jdt.internal.compiler,9,58,9,8,9,342,9,9,7,9,7918,1.0,0.0,16,4,151,4,6.444444444444445,0.8888888888888888,38.0,1.0
org.eclipse.jdt.core,org.eclipse.jdt.internal.compiler.ast,88,268,88,76,88,658,88,28,1,88,19877,1.0,2.0,21,51,35,20,3.0454545454545454,0.8636363636363636,7.4772727272727275,0.3181818181818182
org.eclipse.jdt.core,org.eclipse.jdt.internal.compiler.batch,6,42,6,7,6,45,6,9,1,6,2040,1.0,0.0,25,5,18,9,7.0,1.1666666666666667,7.5,1.5
org.eclipse.jdt.core,org.eclipse.jdt.internal.compiler.classfmt,6,49,6,30,6,80,6,8,1,6,1767,0.0,0.0,17,29,30,6,8.166666666666666,5.0,13.333333333333334,1.3333333333333333
org.eclipse.jdt.core,org.eclipse.jdt.internal.compiler.codegen,14,88,14,124,14,449,14,4,3,14,10722,2.0,0.0,27,113,292,4,6.285714285714286,8.857142857142858,32.07142857142857,0.2857142857142857
org.eclipse.jdt.core,org.eclipse.jdt.internal.compiler.env,1,3,1,0,1,6,1,0,14,1,794,0.0,0.0,3,0,6,0,3.0,0.0,6.0,0.0
org.eclipse.jdt.core,org.eclipse.jdt.internal.compiler.flow,11,35,11,6,11,126,11,3,0,11,2113,4.0,0.0,8,3,26,2,3.1818181818181817,0.5454545454545454,11.454545454545455,0.2727272727272727
org.eclipse.jdt.core,org.eclipse.jdt.internal.compiler.impl,11,28,11,74,11,95,11,29,2,11,2978,0.0,0.0,19,70,13,29,2.5454545454545454,6.7272727272727275,8.636363636363637,2.6363636363636362
org.eclipse.jdt.core,org.eclipse.jdt.internal.compiler.lookup,32,128,32,27,32,400,32,3,8,32,9879,2.0,0.0,13,6,55,2,4.0,0.84375,12.5,0.09375
org.eclipse.jdt.core,org.eclipse.jdt.internal.compiler.parser,17,136,17,73,17,423,17,12,2,17,14025,1.0,0.0,52,55,241,11,8.0,4.294117647058823,24.88235294117647,0.7058823529411765
org.eclipse.jdt.core,org.eclipse.jdt.internal.compiler.problem,9,21,9,4,9,231,9,2,1,9,4053,0.0,0.0,8,3,208,1,2.3333333333333335,0.4444444444444444,25.666666666666668,0.2222222222222222
org.eclipse.jdt.core,org.eclipse.jdt.internal.compiler.util,9,29,9,18,9,61,9,14,0,9,1212,0.0,0.0,4,15,13,14,3.2222222222222223,2.0,6.777777777777778,1.5555555555555556
org.eclipse.jdt.core,org.eclipse.jdt.internal.core,132,357,132,159,132,1611,132,139,7,132,34135,7.0,0.0,25,32,98,69,2.7045454545454546,1.2045454545454546,12.204545454545455,1.053030303030303
org.eclipse.jdt.core,org.eclipse.jdt.internal.core.builder,20,78,20,23,20,144,20,20,0,20,3997,2.0,0.0,11,8,17,8,3.9,1.15,7.2,1.0
org.eclipse.jdt.core,org.eclipse.jdt.internal.core.eval,3,4,3,0,3,40,3,0,0,3,521,0.0,0.0,2,0,35,0,1.3333333333333333,0.0,13.333333333333334,0.0
org.eclipse.jdt.core,org.eclipse.jdt.internal.core.hierarchy,11,61,11,15,11,175,11,6,1,11,4044,0.0,0.0,19,14,71,5,5.545454545454546,1.3636363636363635,15.909090909090908,0.5454545454545454
org.eclipse.jdt.core,org.eclipse.jdt.internal.core.index,1,0,1,0,1,0,1,2,6,1,242,0.0,0.0,0,0,0,2,0.0,0.0,0.0,2.0
org.eclipse.jdt.core,org.eclipse.jdt.internal.core.index.impl,34,127,34,8,34,321,34,19,3,34,5138,0.0,0.0,14,3,44,15,3.735294117647059,0.23529411764705882,9.441176470588236,0.5588235294117647
org.eclipse.jdt.core,org.eclipse.jdt.internal.core.jdom,14,63,14,12,14,290,14,0,1,14,5365,0.0,0.0,12,12,52,0,4.5,0.8571428571428571,20.714285714285715,0.0
org.eclipse.jdt.core,org.eclipse.jdt.internal.core.search,10,31,10,4,10,71,10,8,2,10,1739,1.0,0.0,9,4,14,5,3.1,0.4,7.1,0.8
org.eclipse.jdt.core,org.eclipse.jdt.internal.core.search.indexing,17,35,17,18,17,138,17,11,1,17,3260,0.0,0.0,8,11,29,11,2.0588235294117645,1.0588235294117647,8.117647058823529,0.6470588235294118
org.eclipse.jdt.core,org.eclipse.jdt.internal.core.search.matching,42,156,42,19,42,461,42,10,0,42,12177,2.0,0.0,16,8,46,9,3.7142857142857144,0.4523809523809524,10.976190476190476,0.23809523809523808
org.eclipse.jdt.core,org.eclipse.jdt.internal.core.search.processing,1,8,1,1,1,16,1,1,1,1,468,0.0,0.0,8,1,16,1,8.0,1.0,16.0,1.0
org.eclipse.jdt.core,org.eclipse.jdt.internal.core.util,31,191,31,84,31,523,31,11,3,31,12317,1.0,0.0,37,55,219,7,6.161290322580645,2.7096774193548385,16.870967741935484,0.3548387096774194
org.eclipse.jdt.core,org.eclipse.jdt.internal.eval,29,89,29,151,29,294,29,2,2,29,8638,0.0,0.0,14,140,37,1,3.0689655172413794,5.206896551724138,10.137931034482758,0.06896551724137931
org.eclipse.jdt.core,org.eclipse.jdt.internal.formatter,1,23,1,2,1,39,1,8,0,1,2577,0.0,0.0,23,2,39,8,23.0,2.0,39.0,8.0
org.eclipse.jdt.core,org.eclipse.jdt.internal.formatter.impl,2,14,2,18,2,14,2,0,0,2,447,0.0,0.0,11,18,13,0,7.0,9.0,7.0,0.0
org.eclipse.jdt.debug,com.sun.jdi,17,3,17,0,17,4,17,0,45,17,1329,0.0,0.0,1,0,1,0,0.17647058823529413,0.0,0.23529411764705882,0.0
org.eclipse.jdt.debug,com.sun.jdi.connect,2,2,2,0,2,2,2,0,10,2,201,0.0,0.0,1,0,1,0,1.0,0.0,1.0,0.0
org.eclipse.jdt.debug,com.sun.jdi.event,0,0,0,0,0,0,0,0,20,0,373,0.0,0.0,0,0,0,0,,,,
org.eclipse.jdt.debug,com.sun.jdi.request,2,0,2,0,2,0,2,0,16,2,406,0.0,0.0,0,0,0,0,0.0,0.0,0.0,0.0
org.eclipse.jdt.debug,org.eclipse.jdi,2,0,2,1,2,0,2,1,1,2,85,0.0,0.0,0,1,0,1,0.0,0.5,0.0,0.5
org.eclipse.jdt.debug,org.eclipse.jdi.hcr,1,0,1,0,1,0,1,0,5,1,417,0.0,0.0,0,0,0,0,0.0,0.0,0.0,0.0
org.eclipse.jdt.debug,org.eclipse.jdi.internal,48,130,48,69,48,546,48,68,0,48,10844,0.0,0.0,44,12,86,13,2.7083333333333335,1.4375,11.375,1.4166666666666667
org.eclipse.jdt.debug,org.eclipse.jdi.internal.connect,16,52,16,9,16,133,16,1,0,16,1566,0.0,0.0,17,3,44,1,3.25,0.5625,8.3125,0.0625
org.eclipse.jdt.debug,org.eclipse.jdi.internal.event,21,16,21,37,21,44,21,19,0,21,1607,0.0,0.0,3,21,19,3,0.7619047619047619,1.7619047619047619,2.0952380952380953,0.9047619047619048
org.eclipse.jdt.debug,org.eclipse.jdi.internal.jdwp,19,7,19,187,19,41,19,15,0,19,1457,0.0,0.0,3,101,14,4,0.3684210526315789,9.842105263157896,2.1578947368421053,0.7894736842105263
org.eclipse.jdt.debug,org.eclipse.jdi.internal.request,19,27,19,28,19,56,19,8,0,19,1430,0.0,0.0,20,24,29,6,1.4210526315789473,1.4736842105263157,2.9473684210526314,0.42105263157894735
org.eclipse.jdt.debug,org.eclipse.jdi.internal.spy,8,13,8,250,8,176,8,27,0,8,3630,0.0,0.0,4,103,146,16,1.625,31.25,22.0,3.375
org.eclipse.jdt.debug,org.eclipse.jdt.debug.core,1,0,1,3,1,1,1,17,26,1,3413,0.0,2.0,0,3,1,17,0.0,3.0,1.0,17.0
org.eclipse.jdt.debug,org.eclipse.jdt.debug.eval,1,0,1,0,1,0,1,2,6,1,644,0.0,0.0,0,0,0,2,0.0,0.0,0.0,2.0
org.eclipse.jdt.debug,org.eclipse.jdt.internal.debug.core,5,37,5,8,5,48,5,8,1,5,888,0.0,0.0,17,8,28,8,7.4,1.6,9.6,1.6
org.eclipse.jdt.debug,org.eclipse.jdt.internal.debug.core.breakpoints,10,20,10,43,10,216,10,2,0,10,4062,0.0,4.0,5,8,66,1,2.0,4.3,21.6,0.2
org.eclipse.jdt.debug,org.eclipse.jdt.internal.debug.core.hcr,13,43,13,27,13,128,13,8,0,13,2559,0.0,0.0,11,10,57,5,3.3076923076923075,2.076923076923077,9.846153846153847,0.6153846153846154
org.eclipse.jdt.debug,org.eclipse.jdt.internal.debug.core.model,35,95,35,12,35,612,35,4,1,35,9436,0.0,6.0,28,5,128,1,2.7142857142857144,0.34285714285714286,17.485714285714284,0.11428571428571428
org.eclipse.jdt.debug,org.eclipse.jdt.internal.debug.eval,3,23,3,6,3,80,3,1,0,3,1652,0.0,0.0,17,4,66,1,7.666666666666667,2.0,26.666666666666668,0.3333333333333333
org.eclipse.jdt.debug,org.eclipse.jdt.internal.debug.eval.ast.engine,13,79,13,9,13,372,13,1,1,13,6076,0.0,0.0,17,3,150,1,6.076923076923077,0.6923076923076923,28.615384615384617,0.07692307692307693
org.eclipse.jdt.debug,org.eclipse.jdt.internal.debug.eval.ast.instructions,76,59,76,61,76,282,76,7,0,76,4913,0.0,2.0,5,37,38,4,0.7763157894736842,0.8026315789473685,3.710526315789474,0.09210526315789473
org.eclipse.jdt.debug.ui,org.eclipse.jdt.debug.ui,2,10,2,2,2,16,2,0,1,2,555,0.0,0.0,5,2,13,0,5.0,1.0,8.0,0.0
org.eclipse.jdt.debug.ui,org.eclipse.jdt.debug.ui.launchConfigurations,9,66,9,11,9,185,9,0,0,9,3487,0.0,0.0,15,3,36,0,7.333333333333333,1.2222222222222223,20.555555555555557,0.0
org.eclipse.jdt.debug.ui,org.eclipse.jdt.internal.debug.ui,53,122,53,141,53,440,53,71,4,53,9807,0.0,2.0,20,88,60,15,2.30188679245283,2.660377358490566,8.30188679245283,1.3396226415094339
org.eclipse.jdt.debug.ui,org.eclipse.jdt.internal.debug.ui.actions,94,156,94,35,94,665,94,10,0,94,10907,0.0,0.0,19,17,54,3,1.6595744680851063,0.3723404255319149,7.074468085106383,0.10638297872340426
org.eclipse.jdt.debug.ui,org.eclipse.jdt.internal.debug.ui.console,6,6,6,2,6,17,6,1,0,6,505,0.0,0.0,3,2,8,1,1.0,0.3333333333333333,2.8333333333333335,0.16666666666666666
org.eclipse.jdt.debug.ui,org.eclipse.jdt.internal.debug.ui.display,11,23,11,2,11,87,11,1,1,11,1688,0.0,0.0,11,2,40,1,2.090909090909091,0.18181818181818182,7.909090909090909,0.09090909090909091
org.eclipse.jdt.debug.ui,org.eclipse.jdt.internal.debug.ui.launcher,44,90,44,10,44,311,44,21,2,44,6472,9.0,8.0,12,2,38,9,2.0454545454545454,0.22727272727272727,7.068181818181818,0.4772727272727273
org.eclipse.jdt.debug.ui,org.eclipse.jdt.internal.debug.ui.monitors,23,47,23,14,23,116,23,2,0,23,2145,0.0,0.0,8,3,24,1,2.0434782608695654,0.6086956521739131,5.043478260869565,0.08695652173913043
org.eclipse.jdt.debug.ui,org.eclipse.jdt.internal.debug.ui.snippeteditor,19,63,19,10,19,185,19,16,1,19,3312,0.0,0.0,20,4,76,8,3.3157894736842106,0.5263157894736842,9.736842105263158,0.8421052631578947
org.eclipse.jdt.junit,org.eclipse.jdt.internal.junit.launcher,9,16,9,6,9,85,9,1,0,9,1517,0.0,0.0,14,5,46,1,1.7777777777777777,0.6666666666666666,9.444444444444445,0.1111111111111111
org.eclipse.jdt.junit,org.eclipse.jdt.internal.junit.runner,4,18,4,17,4,37,4,1,0,4,774,0.0,0.0,15,16,36,1,4.5,4.25,9.25,0.25
org.eclipse.jdt.junit,org.eclipse.jdt.internal.junit.ui,32,133,32,20,32,354,32,24,4,32,4994,0.0,0.0,28,6,74,11,4.15625,0.625,11.0625,0.75
org.eclipse.jdt.junit,org.eclipse.jdt.internal.junit.util,12,29,12,2,12,55,12,45,1,12,1675,0.0,0.0,12,1,21,9,2.4166666666666665,0.16666666666666666,4.583333333333333,3.75
org.eclipse.jdt.junit,org.eclipse.jdt.internal.junit.wizards,12,64,12,25,12,177,12,11,1,12,3221,0.0,0.0,14,9,43,3,5.333333333333333,2.0833333333333335,14.75,0.9166666666666666
org.eclipse.jdt.junit,org.eclipse.jdt.junit,0,0,0,0,0,0,0,0,1,0,109,0.0,0.0,0,0,0,0,,,,
org.eclipse.jdt.launching,org.eclipse.jdt.internal.launching,28,41,28,12,28,182,28,40,0,28,5299,0.0,29.0,6,4,27,14,1.4642857142857142,0.42857142857142855,6.5,1.4285714285714286
org.eclipse.jdt.launching,org.eclipse.jdt.internal.launching.support,1,0,1,0,1,0,1,1,0,1,40,0.0,0.0,0,0,0,1,0.0,0.0,0.0,1.0
org.eclipse.jdt.launching,org.eclipse.jdt.launching,14,30,14,22,14,93,14,75,10,14,5066,0.0,30.0,7,20,26,72,2.142857142857143,1.5714285714285714,6.642857142857143,5.357142857142857
org.eclipse.jdt.launching,org.eclipse.jdt.launching.sourcelookup,7,11,7,2,7,67,7,8,1,7,1942,7.0,15.0,3,1,13,6,1.5714285714285714,0.2857142857142857,9.571428571428571,1.1428571428571428
org.eclipse.jdt.launching.macosx,org.eclipse.jdt.internal.launching.macosx,5,0,5,8,5,9,5,5,0,5,449,0.0,0.0,0,5,6,5,0.0,1.6,1.8,1.0
org.eclipse.jdt.ui,org.eclipse.jdt.internal.corext,5,2,5,2,5,10,5,8,0,5,313,0.0,0.0,2,2,10,4,0.4,0.4,2.0,1.6
org.eclipse.jdt.ui,org.eclipse.jdt.internal.corext.codemanipulation,31,132,31,10,31,222,31,46,4,31,5157,0.0,0.0,21,5,50,27,4.258064516129032,0.3225806451612903,7.161290322580645,1.4838709677419355
org.eclipse.jdt.ui,org.eclipse.jdt.internal.corext.dom,34,90,34,26,34,557,34,83,0,34,6847,0.0,0.0,12,10,126,33,2.6470588235294117,0.7647058823529411,16.38235294117647,2.4411764705882355
org.eclipse.jdt.ui,org.eclipse.jdt.internal.corext.dom.fragments,11,17,11,0,11,51,11,31,2,11,841,0.0,0.0,4,0,16,16,1.5454545454545454,0.0,4.636363636363637,2.8181818181818183
org.eclipse.jdt.ui,org.eclipse.jdt.internal.corext.javadoc,5,5,5,9,5,14,5,28,0,5,850,0.0,0.0,5,9,7,24,1.0,1.8,2.8,5.6
org.eclipse.jdt.ui,org.eclipse.jdt.internal.corext.refactoring,13,35,13,7,13,90,13,64,0,13,2095,0.0,0.0,8,3,20,45,2.6923076923076925,0.5384615384615384,6.923076923076923,4.923076923076923
org.eclipse.jdt.ui,org.eclipse.jdt.internal.corext.refactoring.base,15,27,15,39,15,93,15,36,7,15,2099,0.0,0.0,6,32,21,13,1.8,2.6,6.2,2.4
org.eclipse.jdt.ui,org.eclipse.jdt.internal.corext.refactoring.changes,35,69,35,3,35,226,35,10,0,35,3195,0.0,0.0,8,3,28,4,1.9714285714285715,0.08571428571428572,6.457142857142857,0.2857142857142857
org.eclipse.jdt.ui,org.eclipse.jdt.internal.corext.refactoring.code,48,292,48,28,48,903,48,109,1,48,8808,0.0,0.0,41,8,78,22,6.083333333333333,0.5833333333333334,18.8125,2.2708333333333335
org.eclipse.jdt.ui,org.eclipse.jdt.internal.corext.refactoring.code.flow,23,29,23,22,23,231,23,4,0,23,2363,0.0,0.0,7,19,105,3,1.2608695652173914,0.9565217391304348,10.043478260869565,0.17391304347826086
org.eclipse.jdt.ui,org.eclipse.jdt.internal.corext.refactoring.nls,10,26,10,18,10,94,10,37,0,10,1696,0.0,0.0,10,5,69,11,2.6,1.8,9.4,3.7
org.eclipse.jdt.ui,org.eclipse.jdt.internal.corext.refactoring.nls.changes,4,8,4,2,4,19,4,1,0,4,364,0.0,0.0,5,2,11,1,2.0,0.5,4.75,0.25
org.eclipse.jdt.ui,org.eclipse.jdt.internal.corext.refactoring.rename,29,95,29,2,29,349,29,80,0,29,5739,0.0,0.0,12,1,57,15,3.2758620689655173,0.06896551724137931,12.03448275862069,2.7586206896551726
org.eclipse.jdt.ui,org.eclipse.jdt.internal.corext.refactoring.reorg,11,34,11,1,11,140,11,75,3,11,3213,0.0,0.0,7,1,40,24,3.090909090909091,0.09090909090909091,12.727272727272727,6.818181818181818
org.eclipse.jdt.ui,org.eclipse.jdt.internal.corext.refactoring.sef,6,25,6,5,6,42,6,6,0,6,840,0.0,0.0,15,4,29,5,4.166666666666667,0.8333333333333334,7.0,1.0
org.eclipse.jdt.ui,org.eclipse.jdt.internal.corext.refactoring.structure,44,215,44,13,44,1141,44,225,3,44,11872,0.0,0.0,35,5,202,25,4.886363636363637,0.29545454545454547,25.931818181818183,5.113636363636363
org.eclipse.jdt.ui,org.eclipse.jdt.internal.corext.refactoring.surround,5,13,5,0,5,37,5,2,1,5,599,0.0,0.0,7,0,14,1,2.6,0.0,7.4,0.4
org.eclipse.jdt.ui,org.eclipse.jdt.internal.corext.refactoring.tagging,0,0,0,0,0,0,0,0,4,0,192,0.0,0.0,0,0,0,0,,,,
org.eclipse.jdt.ui,org.eclipse.jdt.internal.corext.refactoring.util,11,14,11,0,11,49,11,40,0,11,1207,0.0,0.0,3,0,14,13,1.2727272727272727,0.0,4.454545454545454,3.6363636363636362
org.eclipse.jdt.ui,org.eclipse.jdt.internal.corext.template,14,32,14,28,14,84,14,17,1,14,1783,0.0,0.0,5,12,15,4,2.2857142857142856,2.0,6.0,1.2142857142857142
org.eclipse.jdt.ui,org.eclipse.jdt.internal.corext.template.java,39,23,39,38,39,104,39,21,0,39,2248,2.0,0.0,7,23,16,9,0.5897435897435898,0.9743589743589743,2.6666666666666665,0.5384615384615384
org.eclipse.jdt.ui,org.eclipse.jdt.internal.corext.textmanipulation,27,53,27,17,27,214,27,25,0,27,2983,0.0,0.0,8,7,49,8,1.962962962962963,0.6296296296296297,7.925925925925926,0.9259259259259259
org.eclipse.jdt.ui,org.eclipse.jdt.internal.corext.util,19,19,19,23,19,63,19,124,0,19,2739,0.0,0.0,4,6,14,40,1.0,1.2105263157894737,3.3157894736842106,6.526315789473684
org.eclipse.jdt.ui,org.eclipse.jdt.internal.ui,19,23,19,236,19,71,19,30,4,19,2397,0.0,0.0,14,219,17,16,1.2105263157894737,12.421052631578947,3.736842105263158,1.5789473684210527
org.eclipse.jdt.ui,org.eclipse.jdt.internal.ui.actions,20,34,20,3,20,71,20,30,0,20,1759,0.0,0.0,12,2,15,16,1.7,0.15,3.55,1.5
org.eclipse.jdt.ui,org.eclipse.jdt.internal.ui.browsing,27,56,27,12,27,403,27,7,1,27,5990,0.0,0.0,19,4,107,3,2.074074074074074,0.4444444444444444,14.925925925925926,0.25925925925925924
org.eclipse.jdt.ui,org.eclipse.jdt.internal.ui.compare,32,66,32,26,32,169,32,22,0,32,3848,0.0,0.0,6,10,24,16,2.0625,0.8125,5.28125,0.6875
org.eclipse.jdt.ui,org.eclipse.jdt.internal.ui.dialogs,18,52,18,8,18,95,18,9,0,18,2037,0.0,0.0,11,3,16,4,2.888888888888889,0.4444444444444444,5.277777777777778,0.5
org.eclipse.jdt.ui,org.eclipse.jdt.internal.ui.dnd,7,17,7,10,7,51,7,1,2,7,882,0.0,0.0,7,6,17,1,2.4285714285714284,1.4285714285714286,7.285714285714286,0.14285714285714285
org.eclipse.jdt.ui,org.eclipse.jdt.internal.ui.filters,17,11,17,15,17,47,17,8,0,17,1304,0.0,0.0,8,12,18,3,0.6470588235294118,0.8823529411764706,2.764705882352941,0.47058823529411764
org.eclipse.jdt.ui,org.eclipse.jdt.internal.ui.jarpackager,19,71,19,24,19,247,19,14,1,19,5153,0.0,0.0,25,7,56,10,3.736842105263158,1.263157894736842,13.0,0.7368421052631579
org.eclipse.jdt.ui,org.eclipse.jdt.internal.ui.javadocexport,20,184,20,2,20,244,20,3,0,20,4299,0.0,0.0,69,2,72,3,9.2,0.1,12.2,0.15
org.eclipse.jdt.ui,org.eclipse.jdt.internal.ui.javaeditor,70,254,70,74,70,730,70,33,6,70,11089,2.0,25.0,26,34,104,19,3.6285714285714286,1.0571428571428572,10.428571428571429,0.4714285714285714
org.eclipse.jdt.ui,org.eclipse.jdt.internal.ui.javaeditor.selectionactions,7,11,7,6,7,27,7,20,0,7,783,0.0,0.0,5,4,9,11,1.5714285714285714,0.8571428571428571,3.857142857142857,2.857142857142857
org.eclipse.jdt.ui,org.eclipse.jdt.internal.ui.packageview,23,85,23,20,23,303,23,13,0,23,4529,2.0,4.0,19,12,86,3,3.6956521739130435,0.8695652173913043,13.173913043478262,0.5652173913043478
org.eclipse.jdt.ui,org.eclipse.jdt.internal.ui.preferences,62,240,62,165,62,601,62,46,0,62,10854,0.0,0.0,46,52,80,10,3.870967741935484,2.661290322580645,9.693548387096774,0.7419354838709677
org.eclipse.jdt.ui,org.eclipse.jdt.internal.ui.refactoring,107,225,107,92,107,851,107,60,6,107,11779,0.0,0.0,16,15,67,7,2.102803738317757,0.8598130841121495,7.953271028037383,0.5607476635514018
org.eclipse.jdt.ui,org.eclipse.jdt.internal.ui.refactoring.actions,14,21,14,4,14,103,14,8,0,14,1775,0.0,0.0,5,1,15,3,1.5,0.2857142857142857,7.357142857142857,0.5714285714285714
org.eclipse.jdt.ui,org.eclipse.jdt.internal.ui.refactoring.changes,3,1,3,0,3,7,3,0,0,3,134,0.0,0.0,1,0,4,0,0.3333333333333333,0.0,2.3333333333333335,0.0
org.eclipse.jdt.ui,org.eclipse.jdt.internal.ui.refactoring.code,4,8,4,7,4,28,4,0,0,4,476,0.0,0.0,5,3,20,0,2.0,1.75,7.0,0.0
org.eclipse.jdt.ui,org.eclipse.jdt.internal.ui.refactoring.nls,10,24,10,19,10,104,10,13,0,10,1564,0.0,0.0,10,9,42,6,2.4,1.9,10.4,1.3
org.eclipse.jdt.ui,org.eclipse.jdt.internal.ui.refactoring.nls.search,8,31,8,6,8,45,8,4,0,8,1175,0.0,0.0,11,2,33,3,3.875,0.75,5.625,0.5
org.eclipse.jdt.ui,org.eclipse.jdt.internal.ui.refactoring.sef,2,1,2,0,2,15,2,0,0,2,273,0.0,0.0,1,0,13,0,0.5,0.0,7.5,0.0
org.eclipse.jdt.ui,org.eclipse.jdt.internal.ui.reorg,31,45,31,11,31,185,31,121,1,31,4162,0.0,0.0,6,3,26,16,1.4516129032258065,0.3548387096774194,5.967741935483871,3.903225806451613
org.eclipse.jdt.ui,org.eclipse.jdt.internal.ui.search,32,73,32,28,32,198,32,32,1,32,3778,0.0,0.0,20,7,32,21,2.28125,0.875,6.1875,1.0
org.eclipse.jdt.ui,org.eclipse.jdt.internal.ui.text,29,92,29,39,29,185,29,26,1,29,4118,34.0,0.0,12,14,40,12,3.1724137931034484,1.3448275862068966,6.379310344827586,0.896551724137931
org.eclipse.jdt.ui,org.eclipse.jdt.internal.ui.text.correction,38,79,38,27,38,189,38,83,2,38,7238,2.0,0.0,7,11,15,29,2.0789473684210527,0.7105263157894737,4.973684210526316,2.1842105263157894
org.eclipse.jdt.ui,org.eclipse.jdt.internal.ui.text.java,31,143,31,25,31,221,31,32,3,31,5383,2.0,0.0,18,6,34,10,4.612903225806452,0.8064516129032258,7.129032258064516,1.032258064516129
org.eclipse.jdt.ui,org.eclipse.jdt.internal.ui.text.java.hover,12,18,12,12,12,56,12,6,0,12,1167,0.0,28.0,4,10,14,4,1.5,1.0,4.666666666666667,0.5
org.eclipse.jdt.ui,org.eclipse.jdt.internal.ui.text.javadoc,11,34,11,10,11,81,11,15,0,11,2075,0.0,0.0,8,2,19,9,3.090909090909091,0.9090909090909091,7.363636363636363,1.3636363636363635
org.eclipse.jdt.ui,org.eclipse.jdt.internal.ui.text.link,6,29,6,13,6,54,6,13,3,6,1364,0.0,0.0,16,7,33,6,4.833333333333333,2.1666666666666665,9.0,2.1666666666666665
org.eclipse.jdt.ui,org.eclipse.jdt.internal.ui.text.template,5,17,5,3,5,36,5,1,0,5,746,0.0,0.0,8,2,13,1,3.4,0.6,7.2,0.2
org.eclipse.jdt.ui,org.eclipse.jdt.internal.ui.typehierarchy,33,98,33,24,33,267,33,4,1,33,4492,0.0,0.0,41,15,84,3,2.9696969696969697,0.7272727272727273,8.090909090909092,0.12121212121212122
org.eclipse.jdt.ui,org.eclipse.jdt.internal.ui.util,21,47,21,10,21,70,21,33,0,21,1951,0.0,0.0,13,9,11,9,2.238095238095238,0.47619047619047616,3.3333333333333335,1.5714285714285714
org.eclipse.jdt.ui,org.eclipse.jdt.internal.ui.viewsupport,22,34,22,61,22,108,22,35,2,22,3336,0.0,0.0,5,44,13,20,1.5454545454545454,2.772727272727273,4.909090909090909,1.5909090909090908
org.eclipse.jdt.ui,org.eclipse.jdt.internal.ui.wizards,25,51,25,12,25,120,25,7,1,25,2706,0.0,12.0,13,4,15,3,2.04,0.48,4.8,0.28
org.eclipse.jdt.ui,org.eclipse.jdt.internal.ui.wizards.buildpaths,57,189,57,27,57,456,57,12,1,57,7909,0.0,0.0,16,6,43,5,3.3157894736842106,0.47368421052631576,8.0,0.21052631578947367
org.eclipse.jdt.ui,org.eclipse.jdt.internal.ui.wizards.dialogfields,15,82,15,0,15,252,15,19,4,15,3735,0.0,0.0,21,0,69,10,5.466666666666667,0.0,16.8,1.2666666666666666
org.eclipse.jdt.ui,org.eclipse.jdt.internal.ui.workingsets,9,26,9,6,9,50,9,4,0,9,1215,0.0,0.0,11,2,20,3,2.888888888888889,0.6666666666666666,5.555555555555555,0.4444444444444444
org.eclipse.jdt.ui,org.eclipse.jdt.ui,11,20,11,220,11,95,11,37,8,11,5551,0.0,0.0,5,159,22,24,1.8181818181818181,20.0,8.636363636363637,3.3636363636363638
org.eclipse.jdt.ui,org.eclipse.jdt.ui.actions,89,221,89,98,89,633,89,40,1,89,14601,2.0,14.0,22,60,29,11,2.4831460674157304,1.101123595505618,7.112359550561798,0.449438202247191
org.eclipse.jdt.ui,org.eclipse.jdt.ui.jarpackager,2,26,2,0,2,68,2,0,4,2,1321,0.0,0.0,24,0,63,0,13.0,0.0,34.0,0.0
org.eclipse.jdt.ui,org.eclipse.jdt.ui.refactoring,1,3,1,7,1,5,1,14,0,1,361,0.0,0.0,3,7,5,14,3.0,7.0,5.0,14.0
org.eclipse.jdt.ui,org.eclipse.jdt.ui.text,3,12,3,2,3,46,3,0,3,3,1037,0.0,0.0,10,2,30,0,4.0,0.6666666666666666,15.333333333333334,0.0
org.eclipse.jdt.ui,org.eclipse.jdt.ui.text.java,0,0,0,0,0,0,0,0,2,0,110,0.0,0.0,0,0,0,0,,,,
org.eclipse.jdt.ui,org.eclipse.jdt.ui.text.java.hover,0,0,0,0,0,0,0,0,1,0,39,0.0,0.0,0,0,0,0,,,,
org.eclipse.jdt.ui,org.eclipse.jdt.ui.wizards,13,56,13,19,13,154,13,1,2,13,3623,0.0,0.0,36,9,68,1,4.3076923076923075,1.4615384615384615,11.846153846153847,0.07692307692307693
org.eclipse.jface,org.eclipse.jface.action,21,73,21,19,21,278,21,19,9,21,6099,27.0,1.0,17,13,43,16,3.4761904761904763,0.9047619047619048,13.238095238095237,0.9047619047619048
org.eclipse.jface,org.eclipse.jface.dialogs,12,84,12,25,12,166,12,14,5,12,4340,0.0,14.0,16,9,28,7,7.0,2.0833333333333335,13.833333333333334,1.1666666666666667
org.eclipse.jface,org.eclipse.jface.operation,4,18,4,3,4,23,4,8,2,4,600,0.0,0.0,5,3,14,8,4.5,0.75,5.75,2.0
org.eclipse.jface,org.eclipse.jface.preference,22,103,22,29,22,325,22,29,5,22,7252,1.0,0.0,23,6,56,27,4.681818181818182,1.3181818181818181,14.772727272727273,1.3181818181818181
org.eclipse.jface,org.eclipse.jface.resource,12,13,12,19,12,48,12,68,0,12,2668,0.0,0.0,4,10,21,36,1.0833333333333333,1.5833333333333333,4.0,5.666666666666667
org.eclipse.jface,org.eclipse.jface.util,6,21,6,11,6,28,6,11,2,6,978,0.0,14.0,14,9,18,6,3.5,1.8333333333333333,4.666666666666667,1.8333333333333333
org.eclipse.jface,org.eclipse.jface.viewers,42,119,42,25,42,548,42,2,27,42,10568,38.0,19.0,13,9,86,2,2.8333333333333335,0.5952380952380952,13.047619047619047,0.047619047619047616
org.eclipse.jface,org.eclipse.jface.window,6,17,6,7,6,61,6,3,1,6,1315,0.0,0.0,10,5,30,3,2.8333333333333335,1.1666666666666667,10.166666666666666,0.5
org.eclipse.jface,org.eclipse.jface.wizard,6,55,6,3,6,132,6,1,4,6,2751,19.0,0.0,28,2,57,1,9.166666666666666,0.5,22.0,0.16666666666666666
org.eclipse.jface.text,org.eclipse.jface.text,49,257,49,23,49,640,49,5,33,49,12041,46.0,8.0,59,9,212,2,5.244897959183674,0.46938775510204084,13.061224489795919,0.10204081632653061
org.eclipse.jface.text,org.eclipse.jface.text.contentassist,16,103,16,15,16,211,16,2,10,16,4087,0.0,0.0,30,8,86,1,6.4375,0.9375,13.1875,0.125
org.eclipse.jface.text,org.eclipse.jface.text.formatter,5,15,5,1,5,46,5,0,2,5,858,0.0,0.0,10,1,34,0,3.0,0.2,9.2,0.0
org.eclipse.jface.text,org.eclipse.jface.text.information,2,9,2,0,2,42,2,0,3,2,597,0.0,0.0,6,0,27,0,4.5,0.0,21.0,0.0
org.eclipse.jface.text,org.eclipse.jface.text.presentation,2,11,2,1,2,29,2,0,3,2,682,0.0,0.0,10,1,21,0,5.5,0.5,14.5,0.0
org.eclipse.jface.text,org.eclipse.jface.text.reconciler,7,23,7,2,7,55,7,0,3,7,1157,0.0,0.0,12,2,25,0,3.2857142857142856,0.2857142857142857,7.857142857142857,0.0
org.eclipse.jface.text,org.eclipse.jface.text.rules,16,53,16,15,16,81,16,0,8,16,3023,0.0,0.0,8,8,16,0,3.3125,0.9375,5.0625,0.0
org.eclipse.jface.text,org.eclipse.jface.text.source,32,145,32,18,32,385,32,8,14,32,7638,0.0,71.0,25,6,46,3,4.53125,0.5625,12.03125,0.25
org.eclipse.pde,org.eclipse.pde.ant,1,4,1,0,1,5,1,0,0,1,169,0.0,0.0,4,0,5,0,4.0,0.0,5.0,0.0
org.eclipse.pde,org.eclipse.pde.internal,5,2,5,9,5,15,5,14,0,5,349,0.0,0.0,1,9,7,14,0.4,1.8,3.0,2.8
org.eclipse.pde,org.eclipse.pde.internal.builders,16,20,16,45,16,84,16,24,2,16,1952,0.0,0.0,4,23,18,14,1.25,2.8125,5.25,1.5
org.eclipse.pde.build,org.eclipse.pde.internal.build,14,44,14,14,14,138,14,25,2,14,3458,0.0,0.0,13,5,41,16,3.142857142857143,1.0,9.857142857142858,1.7857142857142858
org.eclipse.pde.build,org.eclipse.pde.internal.build.ant,5,24,5,1,5,48,5,0,1,5,959,0.0,0.0,9,1,33,0,4.8,0.2,9.6,0.0
org.eclipse.pde.build,org.eclipse.pde.internal.build.tasks,3,12,3,0,3,33,3,0,0,3,473,0.0,0.0,10,0,19,0,4.0,0.0,11.0,0.0
org.eclipse.pde.core,org.eclipse.pde.core,1,5,1,0,1,5,1,0,8,1,887,0.0,0.0,5,0,5,0,5.0,0.0,5.0,0.0
org.eclipse.pde.core,org.eclipse.pde.core.build,0,0,0,0,0,0,0,0,4,0,329,0.0,0.0,0,0,0,0,,,,
org.eclipse.pde.core,org.eclipse.pde.core.plugin,0,0,0,0,0,0,0,0,17,0,2072,0.0,0.0,0,0,0,0,,,,
org.eclipse.pde.core,org.eclipse.pde.internal.core,38,91,38,121,38,274,38,82,9,38,7424,0.0,0.0,11,88,26,30,2.3947368421052633,3.1842105263157894,7.2105263157894735,2.1578947368421053
org.eclipse.pde.core,org.eclipse.pde.internal.core.build,7,13,7,1,7,54,7,0,0,7,582,0.0,0.0,3,1,14,0,1.8571428571428572,0.14285714285714285,7.714285714285714,0.0
org.eclipse.pde.core,org.eclipse.pde.internal.core.feature,16,72,16,4,16,248,16,1,0,16,2797,0.0,0.0,19,3,53,1,4.5,0.25,15.5,0.0625
org.eclipse.pde.core,org.eclipse.pde.internal.core.ifeature,0,0,0,0,0,0,0,0,15,0,888,0.0,0.0,0,0,0,0,,,,
org.eclipse.pde.core,org.eclipse.pde.internal.core.ischema,0,0,0,0,0,0,0,0,18,0,819,0.0,0.0,0,0,0,0,,,,
org.eclipse.pde.core,org.eclipse.pde.internal.core.isite,0,0,0,0,0,0,0,0,13,0,514,0.0,0.0,0,0,0,0,,,,
org.eclipse.pde.core,org.eclipse.pde.internal.core.plugin,38,97,38,16,38,363,38,7,6,38,4664,0.0,0.0,11,3,39,3,2.5526315789473686,0.42105263157894735,9.552631578947368,0.18421052631578946
org.eclipse.pde.core,org.eclipse.pde.internal.core.schema,18,47,18,17,18,153,18,2,0,18,1834,0.0,0.0,7,6,33,1,2.611111111111111,0.9444444444444444,8.5,0.1111111111111111
org.eclipse.pde.core,org.eclipse.pde.internal.core.search,3,13,3,12,3,21,3,0,1,3,358,0.0,0.0,5,6,10,0,4.333333333333333,4.0,7.0,0.0
org.eclipse.pde.core,org.eclipse.pde.internal.core.site,17,47,17,2,17,218,17,2,0,17,2359,0.0,0.0,6,1,27,1,2.764705882352941,0.11764705882352941,12.823529411764707,0.11764705882352941
org.eclipse.pde.runtime,org.eclipse.pde.internal.runtime,3,4,3,46,3,9,3,13,1,3,367,0.0,0.0,3,43,6,8,1.3333333333333333,15.333333333333334,3.0,4.333333333333333
org.eclipse.pde.runtime,org.eclipse.pde.internal.runtime.logview,9,28,9,24,9,74,9,4,0,9,1179,0.0,0.0,9,9,27,4,3.111111111111111,2.6666666666666665,8.222222222222221,0.4444444444444444
org.eclipse.pde.runtime,org.eclipse.pde.internal.runtime.registry,18,31,18,51,18,59,18,0,1,18,1023,0.0,0.0,11,15,15,0,1.7222222222222223,2.8333333333333335,3.2777777777777777,0.0
org.eclipse.pde.ui,$packageName$,19,21,19,12,19,74,19,0,1,19,1644,0.0,0.0,4,5,13,0,1.105263157894737,0.631578947368421,3.8947368421052633,0.0
org.eclipse.pde.ui,org.eclipse.pde.internal.ui,5,4,5,141,5,56,5,22,3,5,1383,0.0,0.0,4,138,45,16,0.8,28.2,11.2,4.4
org.eclipse.pde.ui,org.eclipse.pde.internal.ui.ant,2,2,2,0,2,14,2,0,0,2,198,0.0,0.0,1,0,7,0,1.0,0.0,7.0,0.0
org.eclipse.pde.ui,org.eclipse.pde.internal.ui.codegen,3,9,3,6,3,24,3,2,0,3,641,0.0,0.0,6,6,17,2,3.0,2.0,8.0,0.6666666666666666
org.eclipse.pde.ui,org.eclipse.pde.internal.ui.editor,46,77,46,21,46,339,46,2,3,46,3299,0.0,0.0,14,7,36,1,1.673913043478261,0.45652173913043476,7.369565217391305,0.043478260869565216
org.eclipse.pde.ui,org.eclipse.pde.internal.ui.editor.build,19,21,19,20,19,108,19,0,0,19,1093,0.0,0.0,5,6,24,0,1.105263157894737,1.0526315789473684,5.684210526315789,0.0
org.eclipse.pde.ui,org.eclipse.pde.internal.ui.editor.feature,66,144,66,178,66,546,66,4,0,66,7301,0.0,0.0,13,15,41,4,2.1818181818181817,2.696969696969697,8.272727272727273,0.06060606060606061
org.eclipse.pde.ui,org.eclipse.pde.internal.ui.editor.manifest,97,264,97,210,97,881,97,16,1,97,11688,0.0,0.0,19,21,47,9,2.7216494845360826,2.1649484536082473,9.082474226804123,0.16494845360824742
org.eclipse.pde.ui,org.eclipse.pde.internal.ui.editor.schema,45,100,45,85,45,309,45,3,2,45,4094,0.0,0.0,14,16,29,3,2.2222222222222223,1.8888888888888888,6.866666666666666,0.06666666666666667
org.eclipse.pde.ui,org.eclipse.pde.internal.ui.editor.site,38,77,38,93,38,401,38,3,0,38,4879,0.0,0.0,8,10,37,1,2.026315789473684,2.4473684210526314,10.552631578947368,0.07894736842105263
org.eclipse.pde.ui,org.eclipse.pde.internal.ui.editor.text,10,2,10,5,10,15,10,6,2,10,646,0.0,0.0,2,3,5,5,0.2,0.5,1.5,0.6
org.eclipse.pde.ui,org.eclipse.pde.internal.ui.elements,8,4,8,1,8,25,8,0,1,8,291,0.0,0.0,3,1,7,0,0.5,0.125,3.125,0.0
org.eclipse.pde.ui,org.eclipse.pde.internal.ui.feature,9,27,9,36,9,66,9,0,0,9,1294,0.0,0.0,5,9,15,0,3.0,4.0,7.333333333333333,0.0
org.eclipse.pde.ui,org.eclipse.pde.internal.ui.launcher,12,37,12,48,12,128,12,31,1,12,2749,0.0,0.0,16,20,35,22,3.0833333333333335,4.0,10.666666666666666,2.5833333333333335
org.eclipse.pde.ui,org.eclipse.pde.internal.ui.parts,15,27,15,4,15,116,15,0,0,15,1287,0.0,0.0,6,3,16,0,1.8,0.26666666666666666,7.733333333333333,0.0
org.eclipse.pde.ui,org.eclipse.pde.internal.ui.preferences,17,56,17,35,17,132,17,10,0,17,2123,0.0,0.0,13,8,25,5,3.2941176470588234,2.0588235294117645,7.764705882352941,0.5882352941176471
org.eclipse.pde.ui,org.eclipse.pde.internal.ui.search,37,66,37,35,37,137,37,5,0,37,2747,0.0,0.0,14,15,21,5,1.7837837837837838,0.9459459459459459,3.7027027027027026,0.13513513513513514
org.eclipse.pde.ui,org.eclipse.pde.internal.ui.util,10,10,10,3,10,28,10,8,0,10,689,0.0,0.0,3,2,9,6,1.0,0.3,2.8,0.8
org.eclipse.pde.ui,org.eclipse.pde.internal.ui.view,18,57,18,3,18,162,18,0,0,18,2346,0.0,0.0,27,2,57,0,3.1666666666666665,0.16666666666666666,9.0,0.0
org.eclipse.pde.ui,org.eclipse.pde.internal.ui.wizards,18,28,18,20,18,78,18,3,0,18,1065,0.0,0.0,4,6,10,3,1.5555555555555556,1.1111111111111112,4.333333333333333,0.16666666666666666
org.eclipse.pde.ui,org.eclipse.pde.internal.ui.wizards.exports,9,20,9,6,9,70,9,2,0,9,1208,0.0,0.0,16,2,34,2,2.2222222222222223,0.6666666666666666,7.777777777777778,0.2222222222222222
org.eclipse.pde.ui,org.eclipse.pde.internal.ui.wizards.extension,15,42,15,47,15,95,15,0,0,15,1523,0.0,0.0,14,15,26,0,2.8,3.1333333333333333,6.333333333333333,0.0
org.eclipse.pde.ui,org.eclipse.pde.internal.ui.wizards.imports,27,74,27,113,27,232,27,14,2,27,4158,0.0,0.0,13,27,30,7,2.740740740740741,4.185185185185185,8.592592592592593,0.5185185185185185
org.eclipse.pde.ui,org.eclipse.pde.internal.ui.wizards.project,15,46,15,51,15,96,15,8,0,15,1628,0.0,0.0,14,17,24,5,3.066666666666667,3.4,6.4,0.5333333333333333
org.eclipse.pde.ui,org.eclipse.pde.internal.ui.wizards.templates,35,67,35,214,35,222,35,1,0,35,3730,0.0,0.0,16,35,29,1,1.9142857142857144,6.114285714285714,6.3428571428571425,0.02857142857142857
org.eclipse.pde.ui,org.eclipse.pde.ui,1,0,1,0,1,0,1,1,5,1,424,0.0,0.0,0,0,0,1,0.0,0.0,0.0,1.0
org.eclipse.pde.ui,org.eclipse.pde.ui.templates,12,33,12,13,12,119,12,0,3,12,3206,0.0,0.0,6,7,24,0,2.75,1.0833333333333333,9.916666666666666,0.0
org.eclipse.platform,org.eclipse.core.launcher,2,26,2,39,2,30,2,12,0,2,1458,0.0,0.0,23,38,29,12,13.0,19.5,15.0,6.0
org.eclipse.search,org.eclipse.search.internal.core,1,2,1,0,1,5,1,0,1,1,133,0.0,0.0,2,0,5,0,2.0,0.0,5.0,0.0
org.eclipse.search,org.eclipse.search.internal.core.text,6,16,6,2,6,24,6,4,1,6,673,0.0,0.0,12,2,8,3,2.6666666666666665,0.3333333333333333,4.0,0.6666666666666666
org.eclipse.search,org.eclipse.search.internal.ui,40,110,40,81,40,307,40,36,1,40,5592,34.0,19.0,19,25,43,13,2.75,2.025,7.675,0.9
org.eclipse.search,org.eclipse.search.internal.ui.text,13,58,13,11,13,94,13,1,0,13,1853,0.0,0.0,21,4,28,1,4.461538461538462,0.8461538461538461,7.230769230769231,0.07692307692307693
org.eclipse.search,org.eclipse.search.internal.ui.util,11,48,11,14,11,89,11,18,0,11,1855,0.0,14.0,13,5,21,9,4.363636363636363,1.2727272727272727,8.090909090909092,1.6363636363636365
org.eclipse.search,org.eclipse.search.ui,1,0,1,6,1,0,1,7,9,1,863,0.0,0.0,0,6,0,7,0.0,6.0,0.0,7.0
org.eclipse.swt,org.eclipse.swt,3,4,3,297,3,4,3,6,0,3,2624,0.0,24.0,2,297,2,6,1.3333333333333333,99.0,1.3333333333333333,2.0
org.eclipse.swt,org.eclipse.swt.accessibility,7,20,7,44,7,94,7,2,2,7,2267,0.0,0.0,9,44,70,1,2.857142857142857,6.285714285714286,13.428571428571429,0.2857142857142857
org.eclipse.swt,org.eclipse.swt.custom,45,369,45,93,45,973,45,17,9,45,24139,18.0,158.0,88,36,308,6,8.2,2.066666666666667,21.622222222222224,0.37777777777777777
org.eclipse.swt,org.eclipse.swt.dnd,75,196,75,149,75,451,75,58,2,75,13859,9.0,20.0,14,27,36,6,2.6133333333333333,1.9866666666666666,6.013333333333334,0.7733333333333333
org.eclipse.swt,org.eclipse.swt.events,25,32,25,0,25,23,25,0,17,25,2172,0.0,0.0,8,0,5,0,1.28,0.0,0.92,0.0
org.eclipse.swt,org.eclipse.swt.graphics,75,490,75,69,75,988,75,79,2,75,40779,31.0,237.0,45,27,66,16,6.533333333333333,0.92,13.173333333333334,1.0533333333333332
org.eclipse.swt,org.eclipse.swt.internal,15,8,15,85,15,4,15,113,4,15,2867,21.0,28.0,7,32,2,18,0.5333333333333333,5.666666666666667,0.26666666666666666,7.533333333333333
org.eclipse.swt,org.eclipse.swt.internal.awt.win32,1,0,1,0,1,9,1,2,0,1,159,0.0,0.0,0,0,9,2,0.0,0.0,9.0,2.0
org.eclipse.swt,org.eclipse.swt.internal.carbon,34,264,34,592,34,0,34,637,0,34,2048,0.0,0.0,23,559,0,637,7.764705882352941,17.41176470588235,0.0,18.735294117647058
org.eclipse.swt,org.eclipse.swt.internal.gtk,66,889,66,494,66,0,66,1049,0,66,3461,1.0,4.0,201,246,0,603,13.469696969696969,7.484848484848484,0.0,15.893939393939394
org.eclipse.swt,org.eclipse.swt.internal.image,37,162,37,165,37,307,37,20,0,37,7596,24.0,30.0,31,79,52,6,4.378378378378378,4.45945945945946,8.297297297297296,0.5405405405405406
org.eclipse.swt,org.eclipse.swt.internal.motif,34,335,34,489,34,1,34,459,0,34,2296,1.0,14.0,26,463,1,405,9.852941176470589,14.382352941176471,0.029411764705882353,13.5
org.eclipse.swt,org.eclipse.swt.internal.ole.win32,52,166,52,247,52,192,52,186,0,52,3396,0.0,0.0,30,225,82,105,3.1923076923076925,4.75,3.6923076923076925,3.576923076923077
org.eclipse.swt,org.eclipse.swt.internal.photon,28,255,28,524,28,0,28,282,0,28,3754,30.0,8.0,25,496,0,282,9.107142857142858,18.714285714285715,0.0,10.071428571428571
org.eclipse.swt,org.eclipse.swt.internal.win32,70,587,70,1201,70,5,70,613,0,70,4191,0.0,17.0,45,1127,5,613,8.385714285714286,17.15714285714286,0.07142857142857142,8.757142857142858
org.eclipse.swt,org.eclipse.swt.layout,7,40,7,17,7,28,7,0,0,7,1362,0.0,0.0,12,17,9,0,5.714285714285714,2.4285714285714284,4.0,0.0
org.eclipse.swt,org.eclipse.swt.ole.win32,14,100,14,198,14,273,14,10,1,14,5318,9.0,26.0,26,186,94,6,7.142857142857143,14.142857142857142,19.5,0.7142857142857143
org.eclipse.swt,org.eclipse.swt.printing,13,52,13,7,13,143,13,18,0,13,3942,0.0,13.0,10,3,18,7,4.0,0.5384615384615384,11.0,1.3846153846153846
org.eclipse.swt,org.eclipse.swt.program,6,23,6,12,6,38,6,58,0,6,2647,18.0,20.0,5,8,8,23,3.8333333333333335,2.0,6.333333333333333,9.666666666666666
org.eclipse.swt,org.eclipse.swt.widgets,246,1494,246,387,246,7920,246,272,1,246,180734,354.0,555.0,122,46,222,12,6.073170731707317,1.5731707317073171,32.19512195121951,1.1056910569105691
org.eclipse.team.core,org.eclipse.team.core,8,13,8,24,8,28,8,39,3,8,1713,27.0,0.0,6,12,12,26,1.625,3.0,3.5,4.875
org.eclipse.team.core,org.eclipse.team.core.sync,2,0,2,0,2,21,2,1,3,2,871,0.0,0.0,0,0,14,1,0.0,0.0,10.5,0.5
org.eclipse.team.core,org.eclipse.team.internal.core,13,17,13,14,13,44,13,20,0,13,1324,10.0,0.0,10,8,11,8,1.3076923076923077,1.0769230769230769,3.3846153846153846,1.5384615384615385
org.eclipse.team.core,org.eclipse.team.internal.core.simpleAccess,0,0,0,0,0,0,0,0,1,0,267,0.0,0.0,0,0,0,0,,,,
org.eclipse.team.core,org.eclipse.team.internal.core.streams,8,34,8,2,8,54,8,0,0,8,1460,13.0,26.0,10,1,12,0,4.25,0.25,6.75,0.0
org.eclipse.team.core,org.eclipse.team.internal.core.target,10,19,10,11,10,109,10,24,5,10,2459,0.0,0.0,6,7,39,17,1.9,1.1,10.9,2.4
org.eclipse.team.cvs.core,org.eclipse.team.internal.ccvs.core,9,35,9,60,9,158,9,38,18,9,4342,19.0,66.0,25,21,74,12,3.888888888888889,6.666666666666667,17.555555555555557,4.222222222222222
org.eclipse.team.cvs.core,org.eclipse.team.internal.ccvs.core.client,53,42,53,86,53,249,53,23,0,53,5713,2.0,31.0,15,37,57,7,0.7924528301886793,1.6226415094339623,4.69811320754717,0.4339622641509434
org.eclipse.team.cvs.core,org.eclipse.team.internal.ccvs.core.client.listeners,10,33,10,2,10,33,10,0,4,10,1242,5.0,0.0,15,1,8,0,3.3,0.2,3.3,0.0
org.eclipse.team.cvs.core,org.eclipse.team.internal.ccvs.core.connection,11,31,11,33,11,78,11,15,0,11,1920,18.0,25.0,10,21,37,10,2.8181818181818183,3.0,7.090909090909091,1.3636363636363635
org.eclipse.team.cvs.core,org.eclipse.team.internal.ccvs.core.resources,19,45,19,29,19,449,19,35,0,19,8070,22.0,117.0,12,9,69,23,2.3684210526315788,1.5263157894736843,23.63157894736842,1.8421052631578947
org.eclipse.team.cvs.core,org.eclipse.team.internal.ccvs.core.syncinfo,7,24,7,23,7,70,7,22,0,7,1688,2.0,11.0,9,15,27,22,3.4285714285714284,3.2857142857142856,10.0,3.142857142857143
org.eclipse.team.cvs.core,org.eclipse.team.internal.ccvs.core.util,16,31,16,30,16,86,16,71,0,16,3610,6.0,52.0,11,15,18,24,1.9375,1.875,5.375,4.4375
org.eclipse.team.cvs.ssh,org.eclipse.team.internal.ccvs.ssh,15,71,15,39,15,69,15,26,0,15,3065,3.0,4.0,28,27,24,16,4.733333333333333,2.6,4.6,1.7333333333333334
org.eclipse.team.cvs.ui,org.eclipse.team.internal.ccvs.ui,78,303,78,99,78,674,78,48,4,78,13500,93.0,173.0,21,19,43,12,3.8846153846153846,1.2692307692307692,8.64102564102564,0.6153846153846154
org.eclipse.team.cvs.ui,org.eclipse.team.internal.ccvs.ui.actions,43,27,43,7,43,282,43,10,1,43,5223,77.0,222.0,6,3,26,4,0.627906976744186,0.16279069767441862,6.558139534883721,0.23255813953488372
org.eclipse.team.cvs.ui,org.eclipse.team.internal.ccvs.ui.merge,11,21,11,6,11,78,11,0,0,11,1050,0.0,0.0,5,5,13,0,1.9090909090909092,0.5454545454545454,7.090909090909091,0.0
org.eclipse.team.cvs.ui,org.eclipse.team.internal.ccvs.ui.model,23,27,23,3,23,142,23,0,0,23,2084,0.0,14.0,5,1,12,0,1.173913043478261,0.13043478260869565,6.173913043478261,0.0
org.eclipse.team.cvs.ui,org.eclipse.team.internal.ccvs.ui.repo,21,79,21,31,21,253,21,5,0,21,4397,5.0,57.0,18,16,61,4,3.761904761904762,1.4761904761904763,12.047619047619047,0.23809523809523808
org.eclipse.team.cvs.ui,org.eclipse.team.internal.ccvs.ui.sync,16,43,16,8,16,125,16,1,0,16,2897,0.0,0.0,18,4,21,1,2.6875,0.5,7.8125,0.0625
org.eclipse.team.cvs.ui,org.eclipse.team.internal.ccvs.ui.wizards,26,157,26,20,26,289,26,3,0,26,4928,44.0,86.0,22,5,36,3,6.038461538461538,0.7692307692307693,11.115384615384615,0.11538461538461539
org.eclipse.team.ftp,org.eclipse.team.internal.ftp,3,1,3,10,3,8,3,16,0,3,286,5.0,0.0,1,4,8,9,0.3333333333333333,3.3333333333333335,2.6666666666666665,5.333333333333333
org.eclipse.team.ftp,org.eclipse.team.internal.ftp.client,13,43,13,16,13,68,13,11,2,13,2198,0.0,0.0,11,8,28,9,3.3076923076923075,1.2307692307692308,5.230769230769231,0.8461538461538461
org.eclipse.team.ftp,org.eclipse.team.internal.ftp.target,6,10,6,7,6,85,6,0,0,6,1281,0.0,0.0,5,2,33,0,1.6666666666666667,1.1666666666666667,14.166666666666666,0.0
org.eclipse.team.ftp,org.eclipse.team.internal.ftp.ui,2,9,2,3,2,25,2,0,0,2,500,0.0,0.0,7,3,16,0,4.5,1.5,12.5,0.0
org.eclipse.team.ui,org.eclipse.team.internal.ui,22,74,22,15,22,155,22,21,3,22,3445,1.0,7.0,7,6,25,11,3.3636363636363638,0.6818181818181818,7.045454545454546,0.9545454545454546
org.eclipse.team.ui,org.eclipse.team.internal.ui.actions,3,3,3,2,3,23,3,0,0,3,505,0.0,1.0,3,2,17,0,1.0,0.6666666666666666,7.666666666666667,0.0
org.eclipse.team.ui,org.eclipse.team.internal.ui.sync,18,55,18,16,18,204,18,1,1,18,2895,0.0,0.0,17,7,41,1,3.0555555555555554,0.8888888888888888,11.333333333333334,0.05555555555555555
org.eclipse.team.ui,org.eclipse.team.internal.ui.target,37,80,37,19,37,256,37,7,0,37,4988,0.0,0.0,10,8,31,3,2.1621621621621623,0.5135135135135135,6.918918918918919,0.1891891891891892
org.eclipse.team.ui,org.eclipse.team.ui,2,0,2,2,2,0,2,6,2,2,233,0.0,26.0,0,1,0,4,0.0,1.0,0.0,3.0
org.eclipse.team.webdav,org.eclipse.team.internal.webdav.core,8,16,8,11,8,50,8,18,0,8,1380,0.0,3.0,8,2,22,9,2.0,1.375,6.25,2.25
org.eclipse.team.webdav,org.eclipse.team.internal.webdav.ui,2,9,2,4,2,22,2,0,0,2,429,0.0,0.0,7,4,13,0,4.5,2.0,11.0,0.0
org.eclipse.text,org.eclipse.jface.text,38,111,38,6,38,299,38,17,16,38,8421,0.0,0.0,19,1,73,7,2.9210526315789473,0.15789473684210525,7.868421052631579,0.4473684210526316
org.eclipse.tomcat,org.eclipse.tomcat.internal,8,21,8,13,8,36,8,12,0,8,1436,14.0,0.0,7,5,11,8,2.625,1.625,4.5,1.5
org.eclipse.ui,org.eclipse.ui.internal,1,0,1,1,1,3,1,1,0,1,113,0.0,0.0,0,1,3,1,0.0,1.0,3.0,1.0
org.eclipse.ui.editors,org.eclipse.ui.editors.text,12,31,12,45,12,114,12,4,6,12,3023,0.0,18.0,6,29,33,2,2.5833333333333335,3.75,9.5,0.3333333333333333
org.eclipse.ui.editors,org.eclipse.ui.internal,3,0,3,6,3,25,3,3,0,3,589,0.0,0.0,0,4,19,3,0.0,2.0,8.333333333333334,1.0
org.eclipse.ui.editors,org.eclipse.ui.internal.editors.text,11,32,11,9,11,111,11,11,1,11,1788,0.0,0.0,15,6,42,6,2.909090909090909,0.8181818181818182,10.090909090909092,1.0
org.eclipse.ui.editors,org.eclipse.ui.texteditor,7,5,7,2,7,14,7,2,0,7,512,0.0,0.0,5,2,9,2,0.7142857142857143,0.2857142857142857,2.0,0.2857142857142857
org.eclipse.ui.externaltools,org.eclipse.ui.externaltools.internal.ant,1,0,1,2,1,0,1,1,0,1,33,0.0,0.0,0,2,0,1,0.0,2.0,0.0,1.0
org.eclipse.ui.externaltools,org.eclipse.ui.externaltools.internal.ant.console,1,1,1,0,1,3,1,0,0,1,54,0.0,0.0,1,0,3,0,1.0,0.0,3.0,0.0
org.eclipse.ui.externaltools,org.eclipse.ui.externaltools.internal.ant.dtd,5,4,5,5,5,11,5,1,6,5,606,0.0,0.0,2,3,8,1,0.8,1.0,2.2,0.2
org.eclipse.ui.externaltools,org.eclipse.ui.externaltools.internal.ant.dtd.schema,10,40,10,10,10,72,10,26,0,10,1502,0.0,0.0,8,2,18,13,4.0,1.0,7.2,2.6
org.eclipse.ui.externaltools,org.eclipse.ui.externaltools.internal.ant.dtd.util,10,13,10,5,10,60,10,6,4,10,828,0.0,0.0,4,3,25,5,1.3,0.5,6.0,0.6
org.eclipse.ui.externaltools,org.eclipse.ui.externaltools.internal.ant.editor,12,28,12,49,12,100,12,1,0,12,2927,0.0,0.0,9,27,34,1,2.3333333333333335,4.083333333333333,8.333333333333334,0.08333333333333333
org.eclipse.ui.externaltools,org.eclipse.ui.externaltools.internal.ant.editor.derived,6,21,6,6,6,35,6,12,0,6,938,0.0,0.0,7,4,12,12,3.5,1.0,5.833333333333333,2.0
org.eclipse.ui.externaltools,org.eclipse.ui.externaltools.internal.ant.editor.outline,11,37,11,7,11,128,11,2,4,11,1953,0.0,0.0,9,3,44,1,3.3636363636363638,0.6363636363636364,11.636363636363637,0.18181818181818182
org.eclipse.ui.externaltools,org.eclipse.ui.externaltools.internal.ant.editor.text,22,39,22,15,22,111,22,0,3,22,2010,0.0,0.0,12,7,25,0,1.7727272727272727,0.6818181818181818,5.045454545454546,0.0
org.eclipse.ui.externaltools,org.eclipse.ui.externaltools.internal.ant.editor.tools,2,3,2,18,2,11,2,2,0,2,372,0.0,0.0,3,16,11,1,1.5,9.0,5.5,1.0
org.eclipse.ui.externaltools,org.eclipse.ui.externaltools.internal.ant.editor.utils,10,39,10,2,10,54,10,3,0,10,1299,0.0,0.0,22,2,28,2,3.9,0.2,5.4,0.3
org.eclipse.ui.externaltools,org.eclipse.ui.externaltools.internal.ant.editor.xml,3,18,3,2,3,38,3,1,1,3,709,0.0,0.0,16,2,36,1,6.0,0.6666666666666666,12.666666666666666,0.3333333333333333
org.eclipse.ui.externaltools,org.eclipse.ui.externaltools.internal.ant.inputhandler,1,1,1,0,1,4,1,0,0,1,65,0.0,0.0,1,0,4,0,1.0,0.0,4.0,0.0
org.eclipse.ui.externaltools,org.eclipse.ui.externaltools.internal.ant.launchConfigurations,21,50,21,11,21,140,21,8,0,21,2895,0.0,0.0,9,4,21,4,2.380952380952381,0.5238095238095238,6.666666666666667,0.38095238095238093
org.eclipse.ui.externaltools,org.eclipse.ui.externaltools.internal.ant.logger,2,8,2,1,2,29,2,0,0,2,512,0.0,0.0,5,1,16,0,4.0,0.5,14.5,0.0
org.eclipse.ui.externaltools,org.eclipse.ui.externaltools.internal.ant.model,1,0,1,2,1,0,1,14,0,1,309,0.0,0.0,0,2,0,14,0.0,2.0,0.0,14.0
org.eclipse.ui.externaltools,org.eclipse.ui.externaltools.internal.ant.preferences,24,95,24,48,24,259,24,4,1,24,4449,0.0,0.0,16,29,42,3,3.9583333333333335,2.0,10.791666666666666,0.16666666666666666
org.eclipse.ui.externaltools,org.eclipse.ui.externaltools.internal.ant.view,5,13,5,9,5,57,5,2,0,5,1024,0.0,0.0,11,7,35,1,2.6,1.8,11.4,0.4
org.eclipse.ui.externaltools,org.eclipse.ui.externaltools.internal.ant.view.actions,11,19,11,6,11,54,11,1,0,11,1366,0.0,0.0,7,3,19,1,1.7272727272727273,0.5454545454545454,4.909090909090909,0.09090909090909091
org.eclipse.ui.externaltools,org.eclipse.ui.externaltools.internal.ant.view.elements,5,11,5,2,5,32,5,1,0,5,612,0.0,0.0,5,2,15,1,2.2,0.4,6.4,0.2
org.eclipse.ui.externaltools,org.eclipse.ui.externaltools.internal.dialog,1,9,1,1,1,11,1,0,0,1,223,0.0,0.0,9,1,11,0,9.0,1.0,11.0,0.0
org.eclipse.ui.externaltools,org.eclipse.ui.externaltools.internal.group,0,0,0,0,0,0,0,0,1,0,41,0.0,0.0,0,0,0,0,,,,
org.eclipse.ui.externaltools,org.eclipse.ui.externaltools.internal.launchConfigurations,6,19,6,3,6,69,6,12,0,6,1401,0.0,15.0,11,2,34,11,3.1666666666666665,0.5,11.5,2.0
org.eclipse.ui.externaltools,org.eclipse.ui.externaltools.internal.menu,1,0,1,0,1,0,1,0,0,1,32,0.0,0.0,0,0,0,0,0.0,0.0,0.0,0.0
org.eclipse.ui.externaltools,org.eclipse.ui.externaltools.internal.model,10,20,10,28,10,35,10,32,3,10,2059,0.0,0.0,4,8,10,13,2.0,2.8,3.5,3.2
org.eclipse.ui.externaltools,org.eclipse.ui.externaltools.internal.program.launchConfigurations,6,3,6,2,6,10,6,2,0,6,416,0.0,24.0,3,2,5,1,0.5,0.3333333333333333,1.6666666666666667,0.3333333333333333
org.eclipse.ui.externaltools,org.eclipse.ui.externaltools.internal.registry,5,10,5,35,5,15,5,5,0,5,590,0.0,0.0,6,29,7,5,2.0,7.0,3.0,1.0
org.eclipse.ui.externaltools,org.eclipse.ui.externaltools.internal.ui,11,49,11,12,11,127,11,6,1,11,2546,9.0,0.0,16,7,41,5,4.454545454545454,1.0909090909090908,11.545454545454545,0.5454545454545454
org.eclipse.ui.externaltools,org.eclipse.ui.externaltools.internal.variable,18,12,18,6,18,61,18,3,2,18,1379,0.0,0.0,5,2,12,2,0.6666666666666666,0.3333333333333333,3.388888888888889,0.16666666666666666
org.eclipse.ui.versioncheck,org.eclipse.ui.internal.versioncheck,2,1,2,1,2,2,2,2,0,2,112,0.0,0.0,1,1,1,2,0.5,0.5,1.0,1.0
org.eclipse.ui.views,org.eclipse.ui.actions,1,1,1,1,1,3,1,0,0,1,97,0.0,0.0,1,1,3,0,1.0,1.0,3.0,0.0
org.eclipse.ui.views,org.eclipse.ui.internal,1,0,1,2,1,0,1,1,0,1,50,0.0,0.0,0,2,0,1,0.0,2.0,0.0,1.0
org.eclipse.ui.views,org.eclipse.ui.views.bookmarkexplorer,16,44,16,22,16,104,16,13,1,16,2337,0.0,0.0,23,9,35,9,2.75,1.375,6.5,0.8125
org.eclipse.ui.views,org.eclipse.ui.views.contentoutline,2,3,2,3,2,29,2,0,1,2,432,0.0,0.0,2,3,16,0,1.5,1.5,14.5,0.0
org.eclipse.ui.views,org.eclipse.ui.views.framelist,10,15,10,7,10,63,10,3,2,10,1256,0.0,0.0,4,4,14,2,1.5,0.7,6.3,0.3
org.eclipse.ui.views,org.eclipse.ui.views.navigator,28,65,28,30,28,186,28,9,2,28,4629,0.0,0.0,13,13,73,3,2.3214285714285716,1.0714285714285714,6.642857142857143,0.32142857142857145
org.eclipse.ui.views,org.eclipse.ui.views.properties,18,44,18,11,18,127,18,4,9,18,3437,0.0,0.0,12,6,40,2,2.4444444444444446,0.6111111111111112,7.055555555555555,0.2222222222222222
org.eclipse.ui.views,org.eclipse.ui.views.tasklist,31,131,31,63,31,277,31,34,3,31,6237,0.0,0.0,45,24,75,28,4.225806451612903,2.032258064516129,8.935483870967742,1.096774193548387
org.eclipse.ui.win32,org.eclipse.ui.internal.editorsupport.win32,1,11,1,5,1,38,1,1,0,1,642,0.0,0.0,11,5,38,1,11.0,5.0,38.0,1.0
org.eclipse.ui.workbench,org.eclipse.ui,7,14,7,3,7,57,7,4,84,7,8701,87.0,24.0,8,2,27,3,2.0,0.42857142857142855,8.142857142857142,0.5714285714285714
org.eclipse.ui.workbench,org.eclipse.ui.actions,54,134,54,50,54,398,54,9,0,54,9481,0.0,57.0,20,6,44,2,2.4814814814814814,0.9259259259259259,7.37037037037037,0.16666666666666666
org.eclipse.ui.workbench,org.eclipse.ui.dialogs,43,231,43,37,43,540,43,2,8,43,9717,0.0,0.0,28,7,47,1,5.372093023255814,0.8604651162790697,12.55813953488372,0.046511627906976744
org.eclipse.ui.workbench,org.eclipse.ui.help,3,6,3,6,3,13,3,26,1,3,828,0.0,0.0,3,6,5,26,2.0,2.0,4.333333333333333,8.666666666666666
org.eclipse.ui.workbench,org.eclipse.ui.internal,213,654,213,208,213,1876,213,46,15,213,32832,145.0,204.0,66,26,92,20,3.0704225352112675,0.9765258215962441,8.807511737089202,0.215962441314554
org.eclipse.ui.workbench,org.eclipse.ui.internal.actions,5,7,5,0,5,13,5,0,0,5,439,0.0,0.0,2,0,5,0,1.4,0.0,2.6,0.0
org.eclipse.ui.workbench,org.eclipse.ui.internal.commands,35,186,35,148,35,270,35,120,1,35,6582,0.0,0.0,69,25,68,28,5.314285714285714,4.228571428571429,7.714285714285714,3.4285714285714284
org.eclipse.ui.workbench,org.eclipse.ui.internal.decorators,15,62,15,31,15,130,15,1,0,15,2653,0.0,0.0,9,24,32,1,4.133333333333334,2.066666666666667,8.666666666666666,0.06666666666666667
org.eclipse.ui.workbench,org.eclipse.ui.internal.dialogs,129,576,129,149,129,1226,129,18,3,129,23558,2.0,19.0,27,20,59,5,4.465116279069767,1.1550387596899225,9.503875968992247,0.13953488372093023
org.eclipse.ui.workbench,org.eclipse.ui.internal.editorsupport,1,0,1,0,1,0,1,4,0,1,102,0.0,0.0,0,0,0,4,0.0,0.0,0.0,4.0
org.eclipse.ui.workbench,org.eclipse.ui.internal.fonts,2,4,2,7,2,6,2,1,0,2,180,0.0,0.0,4,6,4,1,2.0,3.5,3.0,0.5
org.eclipse.ui.workbench,org.eclipse.ui.internal.misc,29,73,29,41,29,190,29,18,0,29,3762,0.0,0.0,12,16,47,6,2.5172413793103448,1.4137931034482758,6.551724137931035,0.6206896551724138
org.eclipse.ui.workbench,org.eclipse.ui.internal.model,15,14,15,5,15,58,15,1,0,15,1169,0.0,0.0,8,3,8,1,0.9333333333333333,0.3333333333333333,3.8666666666666667,0.06666666666666667
org.eclipse.ui.workbench,org.eclipse.ui.internal.registry,35,120,35,136,35,252,35,2,5,35,4929,0.0,71.0,13,20,28,2,3.4285714285714284,3.8857142857142857,7.2,0.05714285714285714
org.eclipse.ui.workbench,org.eclipse.ui.model,3,2,3,0,3,17,3,1,1,3,458,0.0,0.0,1,0,10,1,0.6666666666666666,0.0,5.666666666666667,0.3333333333333333
org.eclipse.ui.workbench,org.eclipse.ui.part,31,62,31,23,31,239,31,8,9,31,4633,44.0,19.0,7,4,34,2,2.0,0.7419354838709677,7.709677419354839,0.25806451612903225
org.eclipse.ui.workbench,org.eclipse.ui.plugin,2,11,2,1,2,90,2,0,0,2,808,0.0,0.0,7,1,53,0,5.5,0.5,45.0,0.0
org.eclipse.ui.workbench,org.eclipse.ui.wizards.datatransfer,26,95,26,59,26,275,26,3,2,26,6450,0.0,0.0,13,7,33,2,3.6538461538461537,2.269230769230769,10.576923076923077,0.11538461538461539
org.eclipse.ui.workbench,org.eclipse.ui.wizards.newresource,4,6,4,5,4,18,4,6,0,4,715,0.0,0.0,4,3,10,4,1.5,1.25,4.5,1.5
org.eclipse.ui.workbench.texteditor,org.eclipse.ui.internal.texteditor,4,8,4,4,4,15,4,3,0,4,435,0.0,0.0,4,2,7,2,2.0,1.0,3.75,0.75
org.eclipse.ui.workbench.texteditor,org.eclipse.ui.texteditor,84,342,84,45,84,807,84,43,19,84,18250,3.0,104.0,82,12,184,16,4.071428571428571,0.5357142857142857,9.607142857142858,0.5119047619047619
org.eclipse.update.core,org.eclipse.update.configuration,1,0,1,15,1,0,1,12,12,1,2171,0.0,0.0,0,15,0,12,0.0,15.0,0.0,12.0
org.eclipse.update.core,org.eclipse.update.core,29,60,29,32,29,214,29,36,25,29,8469,0.0,12.0,10,8,43,19,2.0689655172413794,1.103448275862069,7.379310344827586,1.2413793103448276
org.eclipse.update.core,org.eclipse.update.core.model,19,117,19,53,19,305,19,1,0,19,5999,0.0,2.0,31,29,65,1,6.157894736842105,2.789473684210526,16.05263157894737,0.05263157894736842
org.eclipse.update.core,org.eclipse.update.internal.core,54,115,54,92,54,358,54,98,3,54,13061,0.0,12.0,8,18,35,26,2.1296296296296298,1.7037037037037037,6.62962962962963,1.8148148148148149
org.eclipse.update.core,org.eclipse.update.internal.model,10,58,10,21,10,101,10,0,0,10,1886,0.0,3.0,12,7,21,0,5.8,2.1,10.1,0.0
org.eclipse.update.core,org.eclipse.update.internal.security,5,27,5,3,5,57,5,0,0,5,1122,0.0,0.0,13,2,27,0,5.4,0.6,11.4,0.0
org.eclipse.update.ui,org.eclipse.update.internal.ui,10,15,10,102,10,54,10,35,0,10,1237,2.0,0.0,8,89,15,23,1.5,10.2,5.4,3.5
org.eclipse.update.ui,org.eclipse.update.internal.ui.forms,27,85,27,109,27,196,27,44,1,27,4378,0.0,0.0,18,25,40,41,3.1481481481481484,4.037037037037037,7.2592592592592595,1.6296296296296295
org.eclipse.update.ui,org.eclipse.update.internal.ui.model,21,53,21,14,21,244,21,6,6,21,2565,0.0,0.0,7,5,61,4,2.5238095238095237,0.6666666666666666,11.619047619047619,0.2857142857142857
org.eclipse.update.ui,org.eclipse.update.internal.ui.pages,14,4,14,0,14,32,14,0,1,14,485,0.0,0.0,4,0,19,0,0.2857142857142857,0.0,2.2857142857142856,0.0
org.eclipse.update.ui,org.eclipse.update.internal.ui.parts,10,28,10,11,10,53,10,5,0,10,1240,0.0,0.0,11,4,18,5,2.8,1.1,5.3,0.5
org.eclipse.update.ui,org.eclipse.update.internal.ui.preferences,3,7,3,31,3,22,3,11,0,3,572,0.0,0.0,6,22,15,6,2.3333333333333335,10.333333333333334,7.333333333333333,3.6666666666666665
org.eclipse.update.ui,org.eclipse.update.internal.ui.properties,5,12,5,11,5,31,5,0,0,5,535,0.0,0.0,7,4,10,0,2.4,2.2,6.2,0.0
org.eclipse.update.ui,org.eclipse.update.internal.ui.search,27,86,27,31,27,248,27,3,3,27,2763,0.0,0.0,12,12,45,2,3.185185185185185,1.1481481481481481,9.185185185185185,0.1111111111111111
org.eclipse.update.ui,org.eclipse.update.internal.ui.security,6,31,6,3,6,42,6,0,0,6,1130,0.0,6.0,8,3,12,0,5.166666666666667,0.5,7.0,0.0
org.eclipse.update.ui,org.eclipse.update.internal.ui.servlets,2,1,2,1,2,15,2,11,0,2,389,0.0,0.0,1,1,15,11,0.5,0.5,7.5,5.5
org.eclipse.update.ui,org.eclipse.update.internal.ui.views,38,80,38,80,38,360,38,8,1,38,4764,0.0,1.0,27,23,78,3,2.1052631578947367,2.1052631578947367,9.473684210526315,0.21052631578947367
org.eclipse.update.ui,org.eclipse.update.internal.ui.wizards,41,108,41,102,41,329,41,30,1,41,5632,0.0,8.0,10,15,28,9,2.6341463414634148,2.4878048780487805,8.024390243902438,0.7317073170731707
org.eclipse.update.ui.forms,org.eclipse.update.ui.forms.internal,32,141,32,29,32,407,32,30,7,32,4827,0.0,0.0,21,7,53,11,4.40625,0.90625,12.71875,0.9375
org.eclipse.update.ui.forms,org.eclipse.update.ui.forms.internal.engine,14,49,14,2,14,144,14,0,8,14,2206,0.0,0.0,11,1,57,0,3.5,0.14285714285714285,10.285714285714286,0.0
org.eclipse.update.ui.win32,org.eclipse.update.internal.ui.win32.views,6,35,6,36,6,60,6,0,0,6,1006,0.0,0.0,12,29,22,0,5.833333333333333,6.0,10.0,0.0
org.eclipse.webdav,org.eclipse.webdav,1,0,1,2,1,0,1,4,7,1,2100,0.0,0.0,0,2,0,4,0.0,2.0,0.0,4.0
org.eclipse.webdav,org.eclipse.webdav.client,12,9,12,5,12,99,12,20,0,12,2323,0.0,0.0,3,3,32,16,0.75,0.4166666666666667,8.25,1.6666666666666667
org.eclipse.webdav,org.eclipse.webdav.dom,31,25,31,19,31,145,31,14,1,31,3825,0.0,0.0,4,3,21,4,0.8064516129032258,0.6129032258064516,4.67741935483871,0.45161290322580644
org.eclipse.webdav,org.eclipse.webdav.http.client,13,72,13,7,13,141,13,0,4,13,2674,0.0,0.0,37,2,75,0,5.538461538461538,0.5384615384615384,10.846153846153847,0.0
org.eclipse.webdav,org.eclipse.webdav.internal.authentication,11,12,11,1,11,40,11,4,0,11,1795,0.0,0.0,4,1,9,2,1.0909090909090908,0.09090909090909091,3.6363636363636362,0.36363636363636365
org.eclipse.webdav,org.eclipse.webdav.internal.kernel,30,94,30,52,30,233,30,12,6,30,4889,0.0,0.0,64,45,135,4,3.1333333333333333,1.7333333333333334,7.766666666666667,0.4
org.eclipse.webdav,org.eclipse.webdav.internal.kernel.utils,10,9,10,12,10,40,10,6,0,10,919,0.0,0.0,2,7,14,6,0.9,1.2,4.0,0.6
org.eclipse.webdav,org.eclipse.webdav.internal.utils,2,0,2,2,2,0,2,10,0,2,372,0.0,0.0,0,2,0,5,0.0,1.0,0.0,5.0
platform-launcher,org.eclipse.core.launcher,1,0,1,9,1,0,1,4,0,1,207,0.0,0.0,0,9,0,4,0.0,9.0,0.0,4.0
